qlib-runtime (macos-latest, 3.12)	Set up job	﻿2026-09-04T18:03:10.6385760Z Current runner version: '2.337.0'
qlib-runtime (macos-latest, 3.12)	Set up job	2026-09-04T18:03:10.6401310Z ##[group]Runner Image Provisioner
qlib-runtime (macos-latest, 3.12)	Set up job	2026-09-04T18:03:10.6401920Z Hosted Compute Agent
qlib-runtime (macos-latest, 3.12)	Set up job	2026-09-04T18:03:10.6402330Z Version: 20260707.563
qlib-runtime (macos-latest, 3.12)	Set up job	2026-09-04T18:03:10.6402800Z Commit: 02667638d2b423fbc733a8e32a88b44996a3ba6e
qlib-runtime (macos-latest, 3.12)	Set up job	2026-09-04T18:03:10.6403280Z Build Date: 2026-07-07T19:33:50Z
qlib-runtime (macos-latest, 3.12)	Set up job	2026-09-04T18:03:10.6403720Z Worker ID: {e40bb2b8-e3bd-472d-860b-d468cd817074}
qlib-runtime (macos-latest, 3.12)	Set up job	2026-09-04T18:03:10.6404160Z Azure Region: westus
qlib-runtime (macos-latest, 3.12)	Set up job	2026-09-04T18:03:10.6404560Z ##[endgroup]
qlib-runtime (macos-latest, 3.12)	Set up job	2026-09-04T18:03:10.6405630Z ##[group]Operating System
qlib-runtime (macos-latest, 3.12)	Set up job	2026-09-04T18:03:10.6406040Z macOS
qlib-runtime (macos-latest, 3.12)	Set up job	2026-09-04T18:03:10.6406370Z 26.5.2
qlib-runtime (macos-latest, 3.12)	Set up job	2026-09-04T18:03:10.6406710Z 25F84
qlib-runtime (macos-latest, 3.12)	Set up job	2026-09-04T18:03:10.6407050Z ##[endgroup]
qlib-runtime (macos-latest, 3.12)	Set up job	2026-09-04T18:03:10.6407400Z ##[group]Runner Image
qlib-runtime (macos-latest, 3.12)	Set up job	2026-09-04T18:03:10.6407790Z Image: macos-26-arm64
qlib-runtime (macos-latest, 3.12)	Set up job	2026-09-04T18:03:10.6408160Z Version: 20260728.0273.1
qlib-runtime (macos-latest, 3.12)	Set up job	2026-09-04T18:03:10.6408910Z Included Software: https://github.com/actions/runner-images/blob/macos-26-arm64/20260728.0273/images/macos/macos-26-arm64-Readme.md
qlib-runtime (macos-latest, 3.12)	Set up job	2026-09-04T18:03:10.6410060Z Image Release: https://github.com/actions/runner-images/releases/tag/macos-26-arm64%2F20260728.0273
qlib-runtime (macos-latest, 3.12)	Set up job	2026-09-04T18:03:10.6410730Z ##[endgroup]
qlib-runtime (macos-latest, 3.12)	Set up job	2026-09-04T18:03:10.6411530Z ##[group]GITHUB_TOKEN Permissions
qlib-runtime (macos-latest, 3.12)	Set up job	2026-09-04T18:03:10.6412600Z Contents: read
qlib-runtime (macos-latest, 3.12)	Set up job	2026-09-04T18:03:10.6412970Z Metadata: read
qlib-runtime (macos-latest, 3.12)	Set up job	2026-09-04T18:03:10.6413330Z Packages: read
qlib-runtime (macos-latest, 3.12)	Set up job	2026-09-04T18:03:10.6413690Z ##[endgroup]
qlib-runtime (macos-latest, 3.12)	Set up job	2026-09-04T18:03:10.6415030Z Secret source: Actions
qlib-runtime (macos-latest, 3.12)	Set up job	2026-09-04T18:03:10.6415680Z Prepare workflow directory
qlib-runtime (macos-latest, 3.12)	Set up job	2026-09-04T18:03:10.6688470Z Prepare all required actions
qlib-runtime (macos-latest, 3.12)	Set up job	2026-09-04T18:03:10.6729740Z Getting action download info
qlib-runtime (macos-latest, 3.12)	Set up job	2026-09-04T18:03:11.0909890Z Download action repository 'actions/checkout@v4' (SHA:11d5960a326750d5838078e36cf38b85af677262)
qlib-runtime (macos-latest, 3.12)	Set up job	2026-09-04T18:03:11.3023100Z Download action repository 'actions/setup-python@v5' (SHA:a26af69be951a213d495a4c3e4e4022e16d87065)
qlib-runtime (macos-latest, 3.12)	Set up job	2026-09-04T18:03:11.4030830Z Download action repository 'astral-sh/setup-uv@v3' (SHA:caf0cab7a618c569241d31dcd442f54681755d39)
qlib-runtime (macos-latest, 3.12)	Set up job	2026-09-04T18:03:11.8485830Z Download action repository 'actions/upload-artifact@v4' (SHA:ea165f8d65b6e75b540449e92b4886f43607fa02)
qlib-runtime (macos-latest, 3.12)	Set up job	2026-09-04T18:03:12.0369390Z Complete job name: qlib-runtime (macos-latest, 3.12)
qlib-runtime (macos-latest, 3.12)	Run actions/checkout@v4	﻿2026-09-04T18:03:12.0855480Z Node 20 is being deprecated. This workflow is running with Node 24 by default. If you need to temporarily use Node 20, you can set the ACTIONS_ALLOW_USE_UNSECURE_NODE_VERSION=true environment variable. For more information see: https://github.blog/changelog/2025-09-19-deprecation-of-node-20-on-github-actions-runners/
qlib-runtime (macos-latest, 3.12)	Run actions/checkout@v4	2026-09-04T18:03:12.0862090Z ##[group]Run actions/checkout@v4
qlib-runtime (macos-latest, 3.12)	Run actions/checkout@v4	2026-09-04T18:03:12.0862610Z with:
qlib-runtime (macos-latest, 3.12)	Run actions/checkout@v4	2026-09-04T18:03:12.0862980Z   repository: ljheee/unified-quant
qlib-runtime (macos-latest, 3.12)	Run actions/checkout@v4	2026-09-04T18:03:12.0865900Z   token: ***
qlib-runtime (macos-latest, 3.12)	Run actions/checkout@v4	2026-09-04T18:03:12.0866240Z   ssh-strict: true
qlib-runtime (macos-latest, 3.12)	Run actions/checkout@v4	2026-09-04T18:03:12.0866580Z   ssh-user: git
qlib-runtime (macos-latest, 3.12)	Run actions/checkout@v4	2026-09-04T18:03:12.0866930Z   persist-credentials: true
qlib-runtime (macos-latest, 3.12)	Run actions/checkout@v4	2026-09-04T18:03:12.0867310Z   clean: true
qlib-runtime (macos-latest, 3.12)	Run actions/checkout@v4	2026-09-04T18:03:12.0867660Z   sparse-checkout-cone-mode: true
qlib-runtime (macos-latest, 3.12)	Run actions/checkout@v4	2026-09-04T18:03:12.0868160Z   fetch-depth: 1
qlib-runtime (macos-latest, 3.12)	Run actions/checkout@v4	2026-09-04T18:03:12.0868500Z   fetch-tags: false
qlib-runtime (macos-latest, 3.12)	Run actions/checkout@v4	2026-09-04T18:03:12.0868840Z   show-progress: true
qlib-runtime (macos-latest, 3.12)	Run actions/checkout@v4	2026-09-04T18:03:12.0869210Z   lfs: false
qlib-runtime (macos-latest, 3.12)	Run actions/checkout@v4	2026-09-04T18:03:12.0869540Z   submodules: false
qlib-runtime (macos-latest, 3.12)	Run actions/checkout@v4	2026-09-04T18:03:12.0869920Z   set-safe-directory: true
qlib-runtime (macos-latest, 3.12)	Run actions/checkout@v4	2026-09-04T18:03:12.0870320Z   allow-unsafe-pr-checkout: false
qlib-runtime (macos-latest, 3.12)	Run actions/checkout@v4	2026-09-04T18:03:12.0870860Z env:
qlib-runtime (macos-latest, 3.12)	Run actions/checkout@v4	2026-09-04T18:03:12.0871200Z   UQ_GATE_EXTRAS: qlib
qlib-runtime (macos-latest, 3.12)	Run actions/checkout@v4	2026-09-04T18:03:12.0871560Z ##[endgroup]
qlib-runtime (macos-latest, 3.12)	Run actions/checkout@v4	2026-09-04T18:03:12.4512260Z Syncing repository: ljheee/unified-quant
qlib-runtime (macos-latest, 3.12)	Run actions/checkout@v4	2026-09-04T18:03:12.4514110Z ##[group]Getting Git version info
qlib-runtime (macos-latest, 3.12)	Run actions/checkout@v4	2026-09-04T18:03:12.4514910Z Working directory is '/Users/runner/work/unified-quant/unified-quant'
qlib-runtime (macos-latest, 3.12)	Run actions/checkout@v4	2026-09-04T18:03:12.4515890Z [command]/opt/homebrew/bin/git version
qlib-runtime (macos-latest, 3.12)	Run actions/checkout@v4	2026-09-04T18:03:12.4783650Z git version 2.55.0
qlib-runtime (macos-latest, 3.12)	Run actions/checkout@v4	2026-09-04T18:03:12.4798010Z ##[endgroup]
qlib-runtime (macos-latest, 3.12)	Run actions/checkout@v4	2026-09-04T18:03:12.4804700Z Copying '/Users/runner/.gitconfig' to '/Users/runner/work/_temp/6cf1c095-dc07-4033-8452-94095cad146d/.gitconfig'
qlib-runtime (macos-latest, 3.12)	Run actions/checkout@v4	2026-09-04T18:03:12.4813450Z Temporarily overriding HOME='/Users/runner/work/_temp/6cf1c095-dc07-4033-8452-94095cad146d' before making global git config changes
qlib-runtime (macos-latest, 3.12)	Run actions/checkout@v4	2026-09-04T18:03:12.4815200Z Adding repository directory to the temporary git global config as a safe directory
qlib-runtime (macos-latest, 3.12)	Run actions/checkout@v4	2026-09-04T18:03:12.4819880Z [command]/opt/homebrew/bin/git config --global --add safe.directory /Users/runner/work/unified-quant/unified-quant
qlib-runtime (macos-latest, 3.12)	Run actions/checkout@v4	2026-09-04T18:03:12.4933850Z Deleting the contents of '/Users/runner/work/unified-quant/unified-quant'
qlib-runtime (macos-latest, 3.12)	Run actions/checkout@v4	2026-09-04T18:03:12.4939080Z ##[group]Initializing the repository
qlib-runtime (macos-latest, 3.12)	Run actions/checkout@v4	2026-09-04T18:03:12.4943490Z [command]/opt/homebrew/bin/git init /Users/runner/work/unified-quant/unified-quant
qlib-runtime (macos-latest, 3.12)	Run actions/checkout@v4	2026-09-04T18:03:12.5167110Z hint: Using 'master' as the name for the initial branch. This default branch name
qlib-runtime (macos-latest, 3.12)	Run actions/checkout@v4	2026-09-04T18:03:12.5169290Z hint: will change to "main" in Git 3.0. To configure the initial branch name
qlib-runtime (macos-latest, 3.12)	Run actions/checkout@v4	2026-09-04T18:03:12.5170640Z hint: to use in all of your new repositories, which will suppress this warning,
qlib-runtime (macos-latest, 3.12)	Run actions/checkout@v4	2026-09-04T18:03:12.5171730Z hint: call:
qlib-runtime (macos-latest, 3.12)	Run actions/checkout@v4	2026-09-04T18:03:12.5172110Z hint:
qlib-runtime (macos-latest, 3.12)	Run actions/checkout@v4	2026-09-04T18:03:12.5172670Z hint: 	git config --global init.defaultBranch <name>
qlib-runtime (macos-latest, 3.12)	Run actions/checkout@v4	2026-09-04T18:03:12.5173530Z hint:
qlib-runtime (macos-latest, 3.12)	Run actions/checkout@v4	2026-09-04T18:03:12.5174280Z hint: Names commonly chosen instead of 'master' are 'main', 'trunk' and
qlib-runtime (macos-latest, 3.12)	Run actions/checkout@v4	2026-09-04T18:03:12.5175810Z hint: 'development'. The just-created branch can be renamed via this command:
qlib-runtime (macos-latest, 3.12)	Run actions/checkout@v4	2026-09-04T18:03:12.5177220Z hint:
qlib-runtime (macos-latest, 3.12)	Run actions/checkout@v4	2026-09-04T18:03:12.5177710Z hint: 	git branch -m <name>
qlib-runtime (macos-latest, 3.12)	Run actions/checkout@v4	2026-09-04T18:03:12.5178230Z hint:
qlib-runtime (macos-latest, 3.12)	Run actions/checkout@v4	2026-09-04T18:03:12.5179050Z hint: Disable this message with "git config set advice.defaultBranchName false"
qlib-runtime (macos-latest, 3.12)	Run actions/checkout@v4	2026-09-04T18:03:12.5180600Z Initialized empty Git repository in /Users/runner/work/unified-quant/unified-quant/.git/
qlib-runtime (macos-latest, 3.12)	Run actions/checkout@v4	2026-09-04T18:03:12.5184260Z [command]/opt/homebrew/bin/git remote add origin https://github.com/ljheee/unified-quant
qlib-runtime (macos-latest, 3.12)	Run actions/checkout@v4	2026-09-04T18:03:12.5263250Z ##[endgroup]
qlib-runtime (macos-latest, 3.12)	Run actions/checkout@v4	2026-09-04T18:03:12.5265040Z ##[group]Disabling automatic garbage collection
qlib-runtime (macos-latest, 3.12)	Run actions/checkout@v4	2026-09-04T18:03:12.5266910Z [command]/opt/homebrew/bin/git config --local gc.auto 0
qlib-runtime (macos-latest, 3.12)	Run actions/checkout@v4	2026-09-04T18:03:12.5351000Z ##[endgroup]
qlib-runtime (macos-latest, 3.12)	Run actions/checkout@v4	2026-09-04T18:03:12.5352070Z ##[group]Setting up auth
qlib-runtime (macos-latest, 3.12)	Run actions/checkout@v4	2026-09-04T18:03:12.5356390Z [command]/opt/homebrew/bin/git config --local --name-only --get-regexp core\.sshCommand
qlib-runtime (macos-latest, 3.12)	Run actions/checkout@v4	2026-09-04T18:03:12.5438730Z [command]/opt/homebrew/bin/git submodule foreach --recursive sh -c "git config --local --name-only --get-regexp 'core\.sshCommand' && git config --local --unset-all 'core.sshCommand' || :"
qlib-runtime (macos-latest, 3.12)	Run actions/checkout@v4	2026-09-04T18:03:12.6464610Z [command]/opt/homebrew/bin/git config --local --name-only --get-regexp http\.https\:\/\/github\.com\/\.extraheader
qlib-runtime (macos-latest, 3.12)	Run actions/checkout@v4	2026-09-04T18:03:12.6532700Z [command]/opt/homebrew/bin/git submodule foreach --recursive sh -c "git config --local --name-only --get-regexp 'http\.https\:\/\/github\.com\/\.extraheader' && git config --local --unset-all 'http.https://github.com/.extraheader' || :"
qlib-runtime (macos-latest, 3.12)	Run actions/checkout@v4	2026-09-04T18:03:12.7407250Z [command]/opt/homebrew/bin/git config --local --name-only --get-regexp ^includeIf\.gitdir:
qlib-runtime (macos-latest, 3.12)	Run actions/checkout@v4	2026-09-04T18:03:12.7479920Z [command]/opt/homebrew/bin/git submodule foreach --recursive git config --local --show-origin --name-only --get-regexp remote.origin.url
qlib-runtime (macos-latest, 3.12)	Run actions/checkout@v4	2026-09-04T18:03:12.8398840Z [command]/opt/homebrew/bin/git config --local http.https://github.com/.extraheader AUTHORIZATION: basic ***
qlib-runtime (macos-latest, 3.12)	Run actions/checkout@v4	2026-09-04T18:03:12.8482240Z ##[endgroup]
qlib-runtime (macos-latest, 3.12)	Run actions/checkout@v4	2026-09-04T18:03:12.8483150Z ##[group]Fetching the repository
qlib-runtime (macos-latest, 3.12)	Run actions/checkout@v4	2026-09-04T18:03:12.8490490Z [command]/opt/homebrew/bin/git -c protocol.version=2 fetch --no-tags --prune --no-recurse-submodules --depth=1 origin +e631740c51abd6f10390fd9bfefd1c6540e5f2c5:refs/remotes/origin/main
qlib-runtime (macos-latest, 3.12)	Run actions/checkout@v4	2026-09-04T18:03:13.4313850Z From https://github.com/ljheee/unified-quant
qlib-runtime (macos-latest, 3.12)	Run actions/checkout@v4	2026-09-04T18:03:13.4314950Z  * [new ref]         e631740c51abd6f10390fd9bfefd1c6540e5f2c5 -> origin/main
qlib-runtime (macos-latest, 3.12)	Run actions/checkout@v4	2026-09-04T18:03:13.4320390Z ##[endgroup]
qlib-runtime (macos-latest, 3.12)	Run actions/checkout@v4	2026-09-04T18:03:13.4321200Z ##[group]Determining the checkout info
qlib-runtime (macos-latest, 3.12)	Run actions/checkout@v4	2026-09-04T18:03:13.4323340Z ##[endgroup]
qlib-runtime (macos-latest, 3.12)	Run actions/checkout@v4	2026-09-04T18:03:13.4332300Z [command]/opt/homebrew/bin/git sparse-checkout disable
qlib-runtime (macos-latest, 3.12)	Run actions/checkout@v4	2026-09-04T18:03:13.4440190Z [command]/opt/homebrew/bin/git config --local --unset-all extensions.worktreeConfig
qlib-runtime (macos-latest, 3.12)	Run actions/checkout@v4	2026-09-04T18:03:13.4537230Z ##[group]Checking out the ref
qlib-runtime (macos-latest, 3.12)	Run actions/checkout@v4	2026-09-04T18:03:13.4539830Z [command]/opt/homebrew/bin/git checkout --progress --force -B main refs/remotes/origin/main
qlib-runtime (macos-latest, 3.12)	Run actions/checkout@v4	2026-09-04T18:03:13.6088870Z Switched to a new branch 'main'
qlib-runtime (macos-latest, 3.12)	Run actions/checkout@v4	2026-09-04T18:03:13.6111450Z branch 'main' set up to track 'origin/main'.
qlib-runtime (macos-latest, 3.12)	Run actions/checkout@v4	2026-09-04T18:03:13.6214850Z ##[endgroup]
qlib-runtime (macos-latest, 3.12)	Run actions/checkout@v4	2026-09-04T18:03:13.6292660Z [command]/opt/homebrew/bin/git log -1 --format=%H
qlib-runtime (macos-latest, 3.12)	Run actions/checkout@v4	2026-09-04T18:03:13.6359200Z e631740c51abd6f10390fd9bfefd1c6540e5f2c5
qlib-runtime (macos-latest, 3.12)	Run actions/setup-python@v5	﻿2026-09-04T18:03:13.6759260Z Node 20 is being deprecated. This workflow is running with Node 24 by default. If you need to temporarily use Node 20, you can set the ACTIONS_ALLOW_USE_UNSECURE_NODE_VERSION=true environment variable. For more information see: https://github.blog/changelog/2025-09-19-deprecation-of-node-20-on-github-actions-runners/
qlib-runtime (macos-latest, 3.12)	Run actions/setup-python@v5	2026-09-04T18:03:13.6763840Z ##[group]Run actions/setup-python@v5
qlib-runtime (macos-latest, 3.12)	Run actions/setup-python@v5	2026-09-04T18:03:13.6764810Z with:
qlib-runtime (macos-latest, 3.12)	Run actions/setup-python@v5	2026-09-04T18:03:13.6765520Z   python-version: 3.12
qlib-runtime (macos-latest, 3.12)	Run actions/setup-python@v5	2026-09-04T18:03:13.6766310Z   check-latest: false
qlib-runtime (macos-latest, 3.12)	Run actions/setup-python@v5	2026-09-04T18:03:13.6773980Z   token: ***
qlib-runtime (macos-latest, 3.12)	Run actions/setup-python@v5	2026-09-04T18:03:13.6774840Z   update-environment: true
qlib-runtime (macos-latest, 3.12)	Run actions/setup-python@v5	2026-09-04T18:03:13.6775740Z   allow-prereleases: false
qlib-runtime (macos-latest, 3.12)	Run actions/setup-python@v5	2026-09-04T18:03:13.6776690Z   freethreaded: false
qlib-runtime (macos-latest, 3.12)	Run actions/setup-python@v5	2026-09-04T18:03:13.6777480Z env:
qlib-runtime (macos-latest, 3.12)	Run actions/setup-python@v5	2026-09-04T18:03:13.6778180Z   UQ_GATE_EXTRAS: qlib
qlib-runtime (macos-latest, 3.12)	Run actions/setup-python@v5	2026-09-04T18:03:13.6778910Z ##[endgroup]
qlib-runtime (macos-latest, 3.12)	Run actions/setup-python@v5	2026-09-04T18:03:13.8381480Z ##[group]Installed versions
qlib-runtime (macos-latest, 3.12)	Run actions/setup-python@v5	2026-09-04T18:03:13.8462380Z (node:1366) [DEP0040] DeprecationWarning: The `punycode` module is deprecated. Please use a userland alternative instead.
qlib-runtime (macos-latest, 3.12)	Run actions/setup-python@v5	2026-09-04T18:03:13.8464670Z (Use `node --trace-deprecation ...` to show where the warning was created)
qlib-runtime (macos-latest, 3.12)	Run actions/setup-python@v5	2026-09-04T18:03:13.8467060Z Successfully set up CPython (3.12.10)
qlib-runtime (macos-latest, 3.12)	Run actions/setup-python@v5	2026-09-04T18:03:13.8469310Z ##[endgroup]
qlib-runtime (macos-latest, 3.12)	Run astral-sh/setup-uv@v3	﻿2026-09-04T18:03:13.8658260Z Node 20 is being deprecated. This workflow is running with Node 24 by default. If you need to temporarily use Node 20, you can set the ACTIONS_ALLOW_USE_UNSECURE_NODE_VERSION=true environment variable. For more information see: https://github.blog/changelog/2025-09-19-deprecation-of-node-20-on-github-actions-runners/
qlib-runtime (macos-latest, 3.12)	Run astral-sh/setup-uv@v3	2026-09-04T18:03:13.8662130Z ##[group]Run astral-sh/setup-uv@v3
qlib-runtime (macos-latest, 3.12)	Run astral-sh/setup-uv@v3	2026-09-04T18:03:13.8663040Z with:
qlib-runtime (macos-latest, 3.12)	Run astral-sh/setup-uv@v3	2026-09-04T18:03:13.8663720Z   version: latest
qlib-runtime (macos-latest, 3.12)	Run astral-sh/setup-uv@v3	2026-09-04T18:03:13.8670700Z   github-token: ***
qlib-runtime (macos-latest, 3.12)	Run astral-sh/setup-uv@v3	2026-09-04T18:03:13.8671500Z   enable-cache: false
qlib-runtime (macos-latest, 3.12)	Run astral-sh/setup-uv@v3	2026-09-04T18:03:13.8672300Z   cache-dependency-glob: **/uv.lock
qlib-runtime (macos-latest, 3.12)	Run astral-sh/setup-uv@v3	2026-09-04T18:03:13.8673230Z   prune-cache: true
qlib-runtime (macos-latest, 3.12)	Run astral-sh/setup-uv@v3	2026-09-04T18:03:13.8673960Z env:
qlib-runtime (macos-latest, 3.12)	Run astral-sh/setup-uv@v3	2026-09-04T18:03:13.8674610Z   UQ_GATE_EXTRAS: qlib
qlib-runtime (macos-latest, 3.12)	Run astral-sh/setup-uv@v3	2026-09-04T18:03:13.8675740Z   pythonLocation: /Users/runner/hostedtoolcache/Python/3.12.10/arm64
qlib-runtime (macos-latest, 3.12)	Run astral-sh/setup-uv@v3	2026-09-04T18:03:13.8677370Z   PKG_CONFIG_PATH: /Users/runner/hostedtoolcache/Python/3.12.10/arm64/lib/pkgconfig
qlib-runtime (macos-latest, 3.12)	Run astral-sh/setup-uv@v3	2026-09-04T18:03:13.8679010Z   Python_ROOT_DIR: /Users/runner/hostedtoolcache/Python/3.12.10/arm64
qlib-runtime (macos-latest, 3.12)	Run astral-sh/setup-uv@v3	2026-09-04T18:03:13.8680510Z   Python2_ROOT_DIR: /Users/runner/hostedtoolcache/Python/3.12.10/arm64
qlib-runtime (macos-latest, 3.12)	Run astral-sh/setup-uv@v3	2026-09-04T18:03:13.8681950Z   Python3_ROOT_DIR: /Users/runner/hostedtoolcache/Python/3.12.10/arm64
qlib-runtime (macos-latest, 3.12)	Run astral-sh/setup-uv@v3	2026-09-04T18:03:13.8683090Z ##[endgroup]
qlib-runtime (macos-latest, 3.12)	Run astral-sh/setup-uv@v3	2026-09-04T18:03:14.0106390Z Downloading uv from "https://github.com/astral-sh/uv/releases/latest/download/uv-aarch64-apple-darwin.tar.gz" ...
qlib-runtime (macos-latest, 3.12)	Run astral-sh/setup-uv@v3	2026-09-04T18:03:14.0112310Z (node:1367) [DEP0040] DeprecationWarning: The `punycode` module is deprecated. Please use a userland alternative instead.
qlib-runtime (macos-latest, 3.12)	Run astral-sh/setup-uv@v3	2026-09-04T18:03:14.0114050Z (Use `node --trace-deprecation ...` to show where the warning was created)
qlib-runtime (macos-latest, 3.12)	Run astral-sh/setup-uv@v3	2026-09-04T18:03:14.5195930Z [command]/usr/bin/tar xz -C /Users/runner/work/_temp/d3563a06-18a7-4fc1-b6a7-8292e4d28397 -f /Users/runner/work/_temp/d4ed41a3-bfb5-43a0-be3c-0b6550537930
qlib-runtime (macos-latest, 3.12)	Run astral-sh/setup-uv@v3	2026-09-04T18:03:14.7090050Z Added /Users/runner/hostedtoolcache/uv/0.12.9/aarch64 to the path
qlib-runtime (macos-latest, 3.12)	Run astral-sh/setup-uv@v3	2026-09-04T18:03:14.7095050Z Added /Users/runner/.local/bin to the path
qlib-runtime (macos-latest, 3.12)	Run astral-sh/setup-uv@v3	2026-09-04T18:03:14.7106150Z Successfully installed uv version 0.12.9
qlib-runtime (macos-latest, 3.12)	Run astral-sh/setup-uv@v3	2026-09-04T18:03:14.7138270Z Set UV_CACHE_DIR to /Users/runner/work/_temp/setup-uv-cache
qlib-runtime (macos-latest, 3.12)	Install Qlib macOS native dependency	﻿2026-09-04T18:03:14.7281310Z ##[group]Run brew install libomp
qlib-runtime (macos-latest, 3.12)	Install Qlib macOS native dependency	2026-09-04T18:03:14.7282290Z ^[[36;1mbrew install libomp^[[0m
qlib-runtime (macos-latest, 3.12)	Install Qlib macOS native dependency	2026-09-04T18:03:14.7346090Z shell: /bin/bash -e {0}
qlib-runtime (macos-latest, 3.12)	Install Qlib macOS native dependency	2026-09-04T18:03:14.7346840Z env:
qlib-runtime (macos-latest, 3.12)	Install Qlib macOS native dependency	2026-09-04T18:03:14.7347430Z   UQ_GATE_EXTRAS: qlib
qlib-runtime (macos-latest, 3.12)	Install Qlib macOS native dependency	2026-09-04T18:03:14.7348280Z   pythonLocation: /Users/runner/hostedtoolcache/Python/3.12.10/arm64
qlib-runtime (macos-latest, 3.12)	Install Qlib macOS native dependency	2026-09-04T18:03:14.7349640Z   PKG_CONFIG_PATH: /Users/runner/hostedtoolcache/Python/3.12.10/arm64/lib/pkgconfig
qlib-runtime (macos-latest, 3.12)	Install Qlib macOS native dependency	2026-09-04T18:03:14.7350920Z   Python_ROOT_DIR: /Users/runner/hostedtoolcache/Python/3.12.10/arm64
qlib-runtime (macos-latest, 3.12)	Install Qlib macOS native dependency	2026-09-04T18:03:14.7352530Z   Python2_ROOT_DIR: /Users/runner/hostedtoolcache/Python/3.12.10/arm64
qlib-runtime (macos-latest, 3.12)	Install Qlib macOS native dependency	2026-09-04T18:03:14.7354470Z   Python3_ROOT_DIR: /Users/runner/hostedtoolcache/Python/3.12.10/arm64
qlib-runtime (macos-latest, 3.12)	Install Qlib macOS native dependency	2026-09-04T18:03:14.7355670Z   UV_CACHE_DIR: /Users/runner/work/_temp/setup-uv-cache
qlib-runtime (macos-latest, 3.12)	Install Qlib macOS native dependency	2026-09-04T18:03:14.7356540Z ##[endgroup]
qlib-runtime (macos-latest, 3.12)	Install Qlib macOS native dependency	2026-09-04T18:03:16.9598840Z ##[warning]The following taps are not trusted:
qlib-runtime (macos-latest, 3.12)	Install Qlib macOS native dependency	  aws/tap
qlib-runtime (macos-latest, 3.12)	Install Qlib macOS native dependency	
qlib-runtime (macos-latest, 3.12)	Install Qlib macOS native dependency	Homebrew is currently ignoring formulae, casks and commands from these taps because tap trust is required.
qlib-runtime (macos-latest, 3.12)	Install Qlib macOS native dependency	
qlib-runtime (macos-latest, 3.12)	Install Qlib macOS native dependency	Untap them with:
qlib-runtime (macos-latest, 3.12)	Install Qlib macOS native dependency	  brew untap aws/tap
qlib-runtime (macos-latest, 3.12)	Install Qlib macOS native dependency	Trust specific formulae, casks and commands with:
qlib-runtime (macos-latest, 3.12)	Install Qlib macOS native dependency	  brew trust --formula <user>/<tap>/<formula>
qlib-runtime (macos-latest, 3.12)	Install Qlib macOS native dependency	  brew trust --cask <user>/<tap>/<cask>
qlib-runtime (macos-latest, 3.12)	Install Qlib macOS native dependency	  brew trust --command <user>/<tap>/<command>
qlib-runtime (macos-latest, 3.12)	Install Qlib macOS native dependency	Whole-tap trust is broader and includes all current and future formulae,
qlib-runtime (macos-latest, 3.12)	Install Qlib macOS native dependency	casks and commands from the listed taps. Trust whole taps with:
qlib-runtime (macos-latest, 3.12)	Install Qlib macOS native dependency	  brew trust aws/tap
qlib-runtime (macos-latest, 3.12)	Install Qlib macOS native dependency	To disable trust checks:
qlib-runtime (macos-latest, 3.12)	Install Qlib macOS native dependency	  export HOMEBREW_NO_REQUIRE_TAP_TRUST=1
qlib-runtime (macos-latest, 3.12)	Install Qlib macOS native dependency	This is not recommended and will be removed in a later release.
qlib-runtime (macos-latest, 3.12)	Install Qlib macOS native dependency	For more information, see:
qlib-runtime (macos-latest, 3.12)	Install Qlib macOS native dependency	  https://docs.brew.sh/Tap-Trust
qlib-runtime (macos-latest, 3.12)	Install Qlib macOS native dependency	2026-09-04T18:03:17.3196130Z ^[[34m==>^[[0m ^[[1mWould install 1 formula:^[[0m
qlib-runtime (macos-latest, 3.12)	Install Qlib macOS native dependency	2026-09-04T18:03:17.3196500Z libomp
qlib-runtime (macos-latest, 3.12)	Install Qlib macOS native dependency	2026-09-04T18:03:17.3212090Z ^[[34m==>^[[0m ^[[1mDownloading https://ghcr.io/v2/homebrew/core/libomp/manifests/22.1.8^[[0m
qlib-runtime (macos-latest, 3.12)	Install Qlib macOS native dependency	2026-09-04T18:03:17.5885770Z ^[[32m==>^[[0m ^[[1mFetching downloads for: ^[[32mlibomp^[[39m^[[0m
qlib-runtime (macos-latest, 3.12)	Install Qlib macOS native dependency	2026-09-04T18:03:17.8471270Z ✔︎ Bottle libomp (22.1.8)
qlib-runtime (macos-latest, 3.12)	Install Qlib macOS native dependency	2026-09-04T18:03:17.8489520Z ^[[34m==>^[[0m ^[[1mPouring libomp--22.1.8.arm64_tahoe.bottle.tar.gz^[[0m
qlib-runtime (macos-latest, 3.12)	Install Qlib macOS native dependency	2026-09-04T18:03:17.9305920Z ^[[34m==>^[[0m ^[[1mCaveats^[[0m
qlib-runtime (macos-latest, 3.12)	Install Qlib macOS native dependency	2026-09-04T18:03:17.9306380Z libomp is keg-only, which means it was not symlinked into /opt/homebrew,
qlib-runtime (macos-latest, 3.12)	Install Qlib macOS native dependency	2026-09-04T18:03:17.9306770Z because it can override GCC headers and result in broken builds.
qlib-runtime (macos-latest, 3.12)	Install Qlib macOS native dependency	2026-09-04T18:03:17.9307000Z 
qlib-runtime (macos-latest, 3.12)	Install Qlib macOS native dependency	2026-09-04T18:03:17.9307130Z For compilers to find libomp you may need to set:
qlib-runtime (macos-latest, 3.12)	Install Qlib macOS native dependency	2026-09-04T18:03:17.9307560Z   export LDFLAGS="-L/opt/homebrew/opt/libomp/lib"
qlib-runtime (macos-latest, 3.12)	Install Qlib macOS native dependency	2026-09-04T18:03:17.9307880Z   export CPPFLAGS="-I/opt/homebrew/opt/libomp/include"
qlib-runtime (macos-latest, 3.12)	Install Qlib macOS native dependency	2026-09-04T18:03:17.9308250Z ^[[34m==>^[[0m ^[[1mSummary^[[0m
qlib-runtime (macos-latest, 3.12)	Install Qlib macOS native dependency	2026-09-04T18:03:17.9310260Z 🍺  /opt/homebrew/Cellar/libomp/22.1.8: 11 files, 1.8MB
qlib-runtime (macos-latest, 3.12)	Run scripts/run_gate.sh	﻿2026-09-04T18:03:17.9823660Z ##[group]Run scripts/run_gate.sh
qlib-runtime (macos-latest, 3.12)	Run scripts/run_gate.sh	2026-09-04T18:03:17.9823990Z ^[[36;1mscripts/run_gate.sh^[[0m
qlib-runtime (macos-latest, 3.12)	Run scripts/run_gate.sh	2026-09-04T18:03:17.9858410Z shell: /bin/bash -e {0}
qlib-runtime (macos-latest, 3.12)	Run scripts/run_gate.sh	2026-09-04T18:03:17.9858700Z env:
qlib-runtime (macos-latest, 3.12)	Run scripts/run_gate.sh	2026-09-04T18:03:17.9858890Z   UQ_GATE_EXTRAS: qlib
qlib-runtime (macos-latest, 3.12)	Run scripts/run_gate.sh	2026-09-04T18:03:17.9859200Z   pythonLocation: /Users/runner/hostedtoolcache/Python/3.12.10/arm64
qlib-runtime (macos-latest, 3.12)	Run scripts/run_gate.sh	2026-09-04T18:03:17.9859660Z   PKG_CONFIG_PATH: /Users/runner/hostedtoolcache/Python/3.12.10/arm64/lib/pkgconfig
qlib-runtime (macos-latest, 3.12)	Run scripts/run_gate.sh	2026-09-04T18:03:17.9860080Z   Python_ROOT_DIR: /Users/runner/hostedtoolcache/Python/3.12.10/arm64
qlib-runtime (macos-latest, 3.12)	Run scripts/run_gate.sh	2026-09-04T18:03:17.9860470Z   Python2_ROOT_DIR: /Users/runner/hostedtoolcache/Python/3.12.10/arm64
qlib-runtime (macos-latest, 3.12)	Run scripts/run_gate.sh	2026-09-04T18:03:17.9860850Z   Python3_ROOT_DIR: /Users/runner/hostedtoolcache/Python/3.12.10/arm64
qlib-runtime (macos-latest, 3.12)	Run scripts/run_gate.sh	2026-09-04T18:03:17.9861230Z   UV_CACHE_DIR: /Users/runner/work/_temp/setup-uv-cache
qlib-runtime (macos-latest, 3.12)	Run scripts/run_gate.sh	2026-09-04T18:03:17.9861480Z ##[endgroup]
qlib-runtime (macos-latest, 3.12)	Run scripts/run_gate.sh	2026-09-04T18:03:18.3712150Z Using CPython 3.12.10 interpreter at: /Library/Frameworks/Python.framework/Versions/3.12/bin/python3
qlib-runtime (macos-latest, 3.12)	Run scripts/run_gate.sh	2026-09-04T18:03:18.3802370Z Resolved 214 packages in 5ms
qlib-runtime (macos-latest, 3.12)	Run scripts/run_gate.sh	2026-09-04T18:03:18.4232840Z Using CPython 3.12.10 interpreter at: /Library/Frameworks/Python.framework/Versions/3.12/bin/python3
qlib-runtime (macos-latest, 3.12)	Run scripts/run_gate.sh	2026-09-04T18:03:18.4237290Z Creating virtual environment at: .venv
qlib-runtime (macos-latest, 3.12)	Run scripts/run_gate.sh	2026-09-04T18:03:18.4318840Z Resolved 214 packages in 4ms
qlib-runtime (macos-latest, 3.12)	Run scripts/run_gate.sh	2026-09-04T18:03:18.4669010Z    Building unified-quant @ file:///Users/runner/work/unified-quant/unified-quant
qlib-runtime (macos-latest, 3.12)	Run scripts/run_gate.sh	2026-09-04T18:03:18.8543160Z Downloading pandas (10.2MiB)
qlib-runtime (macos-latest, 3.12)	Run scripts/run_gate.sh	2026-09-04T18:03:18.8545700Z Downloading scipy (19.5MiB)
qlib-runtime (macos-latest, 3.12)	Run scripts/run_gate.sh	2026-09-04T18:03:18.8546630Z Downloading pyarrow (34.2MiB)
qlib-runtime (macos-latest, 3.12)	Run scripts/run_gate.sh	2026-09-04T18:03:18.8547410Z Downloading jupyterlab (16.4MiB)
qlib-runtime (macos-latest, 3.12)	Run scripts/run_gate.sh	2026-09-04T18:03:18.8550020Z Downloading notebook (5.3MiB)
qlib-runtime (macos-latest, 3.12)	Run scripts/run_gate.sh	2026-09-04T18:03:18.8553420Z Downloading numpy (5.1MiB)
qlib-runtime (macos-latest, 3.12)	Run scripts/run_gate.sh	2026-09-04T18:03:18.8558280Z Downloading pillow (4.6MiB)
qlib-runtime (macos-latest, 3.12)	Run scripts/run_gate.sh	2026-09-04T18:03:18.8560130Z Downloading pydantic-core (1.8MiB)
qlib-runtime (macos-latest, 3.12)	Run scripts/run_gate.sh	2026-09-04T18:03:18.8560720Z Downloading mlflow-tracing (1.7MiB)
qlib-runtime (macos-latest, 3.12)	Run scripts/run_gate.sh	2026-09-04T18:03:18.8561050Z Downloading databricks-sdk (1.1MiB)
qlib-runtime (macos-latest, 3.12)	Run scripts/run_gate.sh	2026-09-04T18:03:18.8561420Z Downloading pygments (1.2MiB)
qlib-runtime (macos-latest, 3.12)	Run scripts/run_gate.sh	2026-09-04T18:03:18.8700410Z Downloading matplotlib (8.9MiB)
qlib-runtime (macos-latest, 3.12)	Run scripts/run_gate.sh	2026-09-04T18:03:18.8708300Z Downloading lightgbm (1.4MiB)
qlib-runtime (macos-latest, 3.12)	Run scripts/run_gate.sh	2026-09-04T18:03:18.8709910Z Downloading lxml (8.2MiB)
qlib-runtime (macos-latest, 3.12)	Run scripts/run_gate.sh	2026-09-04T18:03:18.8711330Z Downloading fonttools (3.0MiB)
qlib-runtime (macos-latest, 3.12)	Run scripts/run_gate.sh	2026-09-04T18:03:18.8711660Z Downloading cryptography (3.8MiB)
qlib-runtime (macos-latest, 3.12)	Run scripts/run_gate.sh	2026-09-04T18:03:18.8711910Z Downloading scikit-learn (7.9MiB)
qlib-runtime (macos-latest, 3.12)	Run scripts/run_gate.sh	2026-09-04T18:03:18.8714780Z Downloading pyzmq (1.4MiB)
qlib-runtime (macos-latest, 3.12)	Run scripts/run_gate.sh	2026-09-04T18:03:18.8715400Z Downloading sqlalchemy (2.1MiB)
qlib-runtime (macos-latest, 3.12)	Run scripts/run_gate.sh	2026-09-04T18:03:18.8715730Z Downloading mlflow (10.7MiB)
qlib-runtime (macos-latest, 3.12)	Run scripts/run_gate.sh	2026-09-04T18:03:18.8716730Z Downloading babel (9.7MiB)
qlib-runtime (macos-latest, 3.12)	Run scripts/run_gate.sh	2026-09-04T18:03:18.8717760Z Downloading debugpy (2.4MiB)
qlib-runtime (macos-latest, 3.12)	Run scripts/run_gate.sh	2026-09-04T18:03:18.8719670Z Downloading cvxpy (1.6MiB)
qlib-runtime (macos-latest, 3.12)	Run scripts/run_gate.sh	2026-09-04T18:03:18.8721880Z Downloading mlflow-skinny (3.5MiB)
qlib-runtime (macos-latest, 3.12)	Run scripts/run_gate.sh	2026-09-04T18:03:18.8724130Z Downloading widgetsnbextension (2.1MiB)
qlib-runtime (macos-latest, 3.12)	Run scripts/run_gate.sh	2026-09-04T18:03:18.8725660Z Downloading jedi (4.7MiB)
qlib-runtime (macos-latest, 3.12)	Run scripts/run_gate.sh	2026-09-04T18:03:18.8729220Z Downloading highspy (4.3MiB)
qlib-runtime (macos-latest, 3.12)	Run scripts/run_gate.sh	2026-09-04T18:03:20.5920870Z  Downloaded pygments
qlib-runtime (macos-latest, 3.12)	Run scripts/run_gate.sh	2026-09-04T18:03:20.5936460Z  Downloaded databricks-sdk
qlib-runtime (macos-latest, 3.12)	Run scripts/run_gate.sh	2026-09-04T18:03:20.7200420Z  Downloaded lightgbm
qlib-runtime (macos-latest, 3.12)	Run scripts/run_gate.sh	2026-09-04T18:03:20.7238720Z  Downloaded pyzmq
qlib-runtime (macos-latest, 3.12)	Run scripts/run_gate.sh	2026-09-04T18:03:20.8394710Z  Downloaded cvxpy
qlib-runtime (macos-latest, 3.12)	Run scripts/run_gate.sh	2026-09-04T18:03:20.8521380Z  Downloaded mlflow-tracing
qlib-runtime (macos-latest, 3.12)	Run scripts/run_gate.sh	2026-09-04T18:03:20.8951310Z  Downloaded pydantic-core
qlib-runtime (macos-latest, 3.12)	Run scripts/run_gate.sh	2026-09-04T18:03:21.1094450Z  Downloaded widgetsnbextension
qlib-runtime (macos-latest, 3.12)	Run scripts/run_gate.sh	2026-09-04T18:03:21.1145400Z  Downloaded sqlalchemy
qlib-runtime (macos-latest, 3.12)	Run scripts/run_gate.sh	2026-09-04T18:03:21.2804190Z  Downloaded debugpy
qlib-runtime (macos-latest, 3.12)	Run scripts/run_gate.sh	2026-09-04T18:03:21.4784400Z  Downloaded fonttools
qlib-runtime (macos-latest, 3.12)	Run scripts/run_gate.sh	2026-09-04T18:03:21.7582210Z  Downloaded mlflow-skinny
qlib-runtime (macos-latest, 3.12)	Run scripts/run_gate.sh	2026-09-04T18:03:22.0330750Z  Downloaded highspy
qlib-runtime (macos-latest, 3.12)	Run scripts/run_gate.sh	2026-09-04T18:03:22.0435000Z  Downloaded cryptography
qlib-runtime (macos-latest, 3.12)	Run scripts/run_gate.sh	2026-09-04T18:03:22.1311600Z  Downloaded pillow
qlib-runtime (macos-latest, 3.12)	Run scripts/run_gate.sh	2026-09-04T18:03:22.1378050Z  Downloaded jedi
qlib-runtime (macos-latest, 3.12)	Run scripts/run_gate.sh	2026-09-04T18:03:22.2046970Z  Downloaded numpy
qlib-runtime (macos-latest, 3.12)	Run scripts/run_gate.sh	2026-09-04T18:03:22.2694990Z  Downloaded notebook
qlib-runtime (macos-latest, 3.12)	Run scripts/run_gate.sh	2026-09-04T18:03:22.5434080Z    Building py-mini-racer==0.6.0
qlib-runtime (macos-latest, 3.12)	Run scripts/run_gate.sh	2026-09-04T18:03:22.6545470Z  Downloaded scikit-learn
qlib-runtime (macos-latest, 3.12)	Run scripts/run_gate.sh	2026-09-04T18:03:22.6754950Z  Downloaded lxml
qlib-runtime (macos-latest, 3.12)	Run scripts/run_gate.sh	2026-09-04T18:03:22.7986880Z  Downloaded matplotlib
qlib-runtime (macos-latest, 3.12)	Run scripts/run_gate.sh	2026-09-04T18:03:22.8655500Z  Downloaded babel
qlib-runtime (macos-latest, 3.12)	Run scripts/run_gate.sh	2026-09-04T18:03:22.9261030Z  Downloaded pandas
qlib-runtime (macos-latest, 3.12)	Run scripts/run_gate.sh	2026-09-04T18:03:23.0104250Z  Downloaded mlflow
qlib-runtime (macos-latest, 3.12)	Run scripts/run_gate.sh	2026-09-04T18:03:23.2327030Z    Building gym==0.26.2
qlib-runtime (macos-latest, 3.12)	Run scripts/run_gate.sh	2026-09-04T18:03:23.3629340Z  Downloaded jupyterlab
qlib-runtime (macos-latest, 3.12)	Run scripts/run_gate.sh	2026-09-04T18:03:23.5368850Z  Downloaded scipy
qlib-runtime (macos-latest, 3.12)	Run scripts/run_gate.sh	2026-09-04T18:03:23.8901900Z  Downloaded pyarrow
qlib-runtime (macos-latest, 3.12)	Run scripts/run_gate.sh	2026-09-04T18:03:24.1776140Z       Built unified-quant @ file:///Users/runner/work/unified-quant/unified-quant
qlib-runtime (macos-latest, 3.12)	Run scripts/run_gate.sh	2026-09-04T18:03:24.6921870Z       Built gym==0.26.2
qlib-runtime (macos-latest, 3.12)	Run scripts/run_gate.sh	2026-09-04T18:03:24.8711010Z       Built py-mini-racer==0.6.0
qlib-runtime (macos-latest, 3.12)	Run scripts/run_gate.sh	2026-09-04T18:03:24.9231740Z Prepared 204 packages in 6.48s
qlib-runtime (macos-latest, 3.12)	Run scripts/run_gate.sh	2026-09-04T18:03:26.0872590Z Installed 204 packages in 1.16s
qlib-runtime (macos-latest, 3.12)	Run scripts/run_gate.sh	2026-09-04T18:03:26.0874520Z  + aiohappyeyeballs==2.7.1
qlib-runtime (macos-latest, 3.12)	Run scripts/run_gate.sh	2026-09-04T18:03:26.0875280Z  + aiohttp==3.14.3
qlib-runtime (macos-latest, 3.12)	Run scripts/run_gate.sh	2026-09-04T18:03:26.0875870Z  + aiosignal==1.4.0
qlib-runtime (macos-latest, 3.12)	Run scripts/run_gate.sh	2026-09-04T18:03:26.0876330Z  + alembic==1.19.1
qlib-runtime (macos-latest, 3.12)	Run scripts/run_gate.sh	2026-09-04T18:03:26.0876810Z  + annotated-doc==0.0.5
qlib-runtime (macos-latest, 3.12)	Run scripts/run_gate.sh	2026-09-04T18:03:26.0880070Z  + annotated-types==0.8.0
qlib-runtime (macos-latest, 3.12)	Run scripts/run_gate.sh	2026-09-04T18:03:26.0880640Z  + anyio==4.14.2
qlib-runtime (macos-latest, 3.12)	Run scripts/run_gate.sh	2026-09-04T18:03:26.0881010Z  + appnope==1.0.0
qlib-runtime (macos-latest, 3.12)	Run scripts/run_gate.sh	2026-09-04T18:03:26.0882040Z  + argon2-cffi==25.1.0
qlib-runtime (macos-latest, 3.12)	Run scripts/run_gate.sh	2026-09-04T18:03:26.0882510Z  + argon2-cffi-bindings==26.1.0
qlib-runtime (macos-latest, 3.12)	Run scripts/run_gate.sh	2026-09-04T18:03:26.0882910Z  + arrow==1.4.0
qlib-runtime (macos-latest, 3.12)	Run scripts/run_gate.sh	2026-09-04T18:03:26.0883400Z  + asttokens==3.0.2
qlib-runtime (macos-latest, 3.12)	Run scripts/run_gate.sh	2026-09-04T18:03:26.0883960Z  + async-lru==2.3.0
qlib-runtime (macos-latest, 3.12)	Run scripts/run_gate.sh	2026-09-04T18:03:26.0884450Z  + attrs==26.1.0
qlib-runtime (macos-latest, 3.12)	Run scripts/run_gate.sh	2026-09-04T18:03:26.0884800Z  + babel==2.18.0
qlib-runtime (macos-latest, 3.12)	Run scripts/run_gate.sh	2026-09-04T18:03:26.0885170Z  + beautifulsoup4==4.15.0
qlib-runtime (macos-latest, 3.12)	Run scripts/run_gate.sh	2026-09-04T18:03:26.0886450Z  + bleach==6.4.0
qlib-runtime (macos-latest, 3.12)	Run scripts/run_gate.sh	2026-09-04T18:03:26.0886870Z  + blinker==1.9.0
qlib-runtime (macos-latest, 3.12)	Run scripts/run_gate.sh	2026-09-04T18:03:26.0887270Z  + bs4==0.0.2
qlib-runtime (macos-latest, 3.12)	Run scripts/run_gate.sh	2026-09-04T18:03:26.0887750Z  + cachetools==7.1.8
qlib-runtime (macos-latest, 3.12)	Run scripts/run_gate.sh	2026-09-04T18:03:26.0888270Z  + certifi==2026.7.22
qlib-runtime (macos-latest, 3.12)	Run scripts/run_gate.sh	2026-09-04T18:03:26.0888720Z  + cffi==2.1.1
qlib-runtime (macos-latest, 3.12)	Run scripts/run_gate.sh	2026-09-04T18:03:26.0890510Z  + charset-normalizer==3.5.1
qlib-runtime (macos-latest, 3.12)	Run scripts/run_gate.sh	2026-09-04T18:03:26.0890890Z  + clarabel==0.11.1
qlib-runtime (macos-latest, 3.12)	Run scripts/run_gate.sh	2026-09-04T18:03:26.0891130Z  + click==8.4.2
qlib-runtime (macos-latest, 3.12)	Run scripts/run_gate.sh	2026-09-04T18:03:26.0891500Z  + cloudpickle==3.1.2
qlib-runtime (macos-latest, 3.12)	Run scripts/run_gate.sh	2026-09-04T18:03:26.0891770Z  + comm==0.2.3
qlib-runtime (macos-latest, 3.12)	Run scripts/run_gate.sh	2026-09-04T18:03:26.0892080Z  + contourpy==1.3.3
qlib-runtime (macos-latest, 3.12)	Run scripts/run_gate.sh	2026-09-04T18:03:26.0892480Z  + cryptography==49.0.0
qlib-runtime (macos-latest, 3.12)	Run scripts/run_gate.sh	2026-09-04T18:03:26.0892780Z  + cvxpy==1.9.2
qlib-runtime (macos-latest, 3.12)	Run scripts/run_gate.sh	2026-09-04T18:03:26.0893110Z  + cycler==0.12.1
qlib-runtime (macos-latest, 3.12)	Run scripts/run_gate.sh	2026-09-04T18:03:26.0893370Z  + databricks-sdk==0.133.0
qlib-runtime (macos-latest, 3.12)	Run scripts/run_gate.sh	2026-09-04T18:03:26.0893830Z  + debugpy==1.8.21
qlib-runtime (macos-latest, 3.12)	Run scripts/run_gate.sh	2026-09-04T18:03:26.0894090Z  + defusedxml==0.7.1
qlib-runtime (macos-latest, 3.12)	Run scripts/run_gate.sh	2026-09-04T18:03:26.0894480Z  + dill==0.4.1
qlib-runtime (macos-latest, 3.12)	Run scripts/run_gate.sh	2026-09-04T18:03:26.0894770Z  + dnspython==2.8.0
qlib-runtime (macos-latest, 3.12)	Run scripts/run_gate.sh	2026-09-04T18:03:26.0895110Z  + docker==7.2.0
qlib-runtime (macos-latest, 3.12)	Run scripts/run_gate.sh	2026-09-04T18:03:26.0895520Z  + executing==2.2.1
qlib-runtime (macos-latest, 3.12)	Run scripts/run_gate.sh	2026-09-04T18:03:26.0895970Z  + fastapi==0.141.1
qlib-runtime (macos-latest, 3.12)	Run scripts/run_gate.sh	2026-09-04T18:03:26.0896290Z  + fastjsonschema==2.22.2
qlib-runtime (macos-latest, 3.12)	Run scripts/run_gate.sh	2026-09-04T18:03:26.0896640Z  + filelock==3.32.5
qlib-runtime (macos-latest, 3.12)	Run scripts/run_gate.sh	2026-09-04T18:03:26.0896890Z  + fire==0.7.1
qlib-runtime (macos-latest, 3.12)	Run scripts/run_gate.sh	2026-09-04T18:03:26.0901250Z  + flask==3.1.3
qlib-runtime (macos-latest, 3.12)	Run scripts/run_gate.sh	2026-09-04T18:03:26.0901660Z  + flask-cors==6.0.5
qlib-runtime (macos-latest, 3.12)	Run scripts/run_gate.sh	2026-09-04T18:03:26.0901930Z  + fonttools==4.64.0
qlib-runtime (macos-latest, 3.12)	Run scripts/run_gate.sh	2026-09-04T18:03:26.0902250Z  + fqdn==1.5.1
qlib-runtime (macos-latest, 3.12)	Run scripts/run_gate.sh	2026-09-04T18:03:26.0902950Z  + frozenlist==1.8.0
qlib-runtime (macos-latest, 3.12)	Run scripts/run_gate.sh	2026-09-04T18:03:26.0903490Z  + gitdb==4.0.12
qlib-runtime (macos-latest, 3.12)	Run scripts/run_gate.sh	2026-09-04T18:03:26.0903820Z  + gitpython==3.1.61
qlib-runtime (macos-latest, 3.12)	Run scripts/run_gate.sh	2026-09-04T18:03:26.0904150Z  + google-auth==2.57.0
qlib-runtime (macos-latest, 3.12)	Run scripts/run_gate.sh	2026-09-04T18:03:26.0904590Z  + graphene==3.4.3
qlib-runtime (macos-latest, 3.12)	Run scripts/run_gate.sh	2026-09-04T18:03:26.0904930Z  + graphql-core==3.2.12
qlib-runtime (macos-latest, 3.12)	Run scripts/run_gate.sh	2026-09-04T18:03:26.0905250Z  + graphql-relay==3.2.0
qlib-runtime (macos-latest, 3.12)	Run scripts/run_gate.sh	2026-09-04T18:03:26.0905610Z  + gunicorn==26.2.0
qlib-runtime (macos-latest, 3.12)	Run scripts/run_gate.sh	2026-09-04T18:03:26.0906710Z  + gym==0.26.2
qlib-runtime (macos-latest, 3.12)	Run scripts/run_gate.sh	2026-09-04T18:03:26.0907020Z  + gym-notices==0.1.0
qlib-runtime (macos-latest, 3.12)	Run scripts/run_gate.sh	2026-09-04T18:03:26.0907470Z  + h11==0.16.0
qlib-runtime (macos-latest, 3.12)	Run scripts/run_gate.sh	2026-09-04T18:03:26.0907770Z  + highspy==1.15.1
qlib-runtime (macos-latest, 3.12)	Run scripts/run_gate.sh	2026-09-04T18:03:26.0908150Z  + httpcore==1.0.9
qlib-runtime (macos-latest, 3.12)	Run scripts/run_gate.sh	2026-09-04T18:03:26.0908590Z  + httpx==0.25.2
qlib-runtime (macos-latest, 3.12)	Run scripts/run_gate.sh	2026-09-04T18:03:26.0908920Z  + huey==3.3.4
qlib-runtime (macos-latest, 3.12)	Run scripts/run_gate.sh	2026-09-04T18:03:26.0909260Z  + idna==3.19
qlib-runtime (macos-latest, 3.12)	Run scripts/run_gate.sh	2026-09-04T18:03:26.0909510Z  + importlib-metadata==9.0.1
qlib-runtime (macos-latest, 3.12)	Run scripts/run_gate.sh	2026-09-04T18:03:26.0909920Z  + iniconfig==2.3.0
qlib-runtime (macos-latest, 3.12)	Run scripts/run_gate.sh	2026-09-04T18:03:26.0910480Z  + ipykernel==7.3.0
qlib-runtime (macos-latest, 3.12)	Run scripts/run_gate.sh	2026-09-04T18:03:26.0910870Z  + ipython==9.17.0
qlib-runtime (macos-latest, 3.12)	Run scripts/run_gate.sh	2026-09-04T18:03:26.0911170Z  + ipython-pygments-lexers==1.1.1
qlib-runtime (macos-latest, 3.12)	Run scripts/run_gate.sh	2026-09-04T18:03:26.0911590Z  + ipywidgets==8.1.9
qlib-runtime (macos-latest, 3.12)	Run scripts/run_gate.sh	2026-09-04T18:03:26.0912370Z  + isoduration==20.11.0
qlib-runtime (macos-latest, 3.12)	Run scripts/run_gate.sh	2026-09-04T18:03:26.0912640Z  + itsdangerous==2.2.0
qlib-runtime (macos-latest, 3.12)	Run scripts/run_gate.sh	2026-09-04T18:03:26.0912970Z  + jedi==0.20.0
qlib-runtime (macos-latest, 3.12)	Run scripts/run_gate.sh	2026-09-04T18:03:26.0913330Z  + jinja2==3.1.6
qlib-runtime (macos-latest, 3.12)	Run scripts/run_gate.sh	2026-09-04T18:03:26.0913720Z  + joblib==1.5.3
qlib-runtime (macos-latest, 3.12)	Run scripts/run_gate.sh	2026-09-04T18:03:26.0914150Z  + json5==0.15.0
qlib-runtime (macos-latest, 3.12)	Run scripts/run_gate.sh	2026-09-04T18:03:26.0914430Z  + jsonpointer==3.1.1
qlib-runtime (macos-latest, 3.12)	Run scripts/run_gate.sh	2026-09-04T18:03:26.0914850Z  + jsonschema==4.26.0
qlib-runtime (macos-latest, 3.12)	Run scripts/run_gate.sh	2026-09-04T18:03:26.0915260Z  + jsonschema-specifications==2025.9.1
qlib-runtime (macos-latest, 3.12)	Run scripts/run_gate.sh	2026-09-04T18:03:26.0915670Z  + jupyter==1.1.1
qlib-runtime (macos-latest, 3.12)	Run scripts/run_gate.sh	2026-09-04T18:03:26.0915980Z  + jupyter-builder==1.2.2
qlib-runtime (macos-latest, 3.12)	Run scripts/run_gate.sh	2026-09-04T18:03:26.0916470Z  + jupyter-client==8.10.0
qlib-runtime (macos-latest, 3.12)	Run scripts/run_gate.sh	2026-09-04T18:03:26.0919910Z  + jupyter-console==6.6.3
qlib-runtime (macos-latest, 3.12)	Run scripts/run_gate.sh	2026-09-04T18:03:26.0920260Z  + jupyter-core==5.9.1
qlib-runtime (macos-latest, 3.12)	Run scripts/run_gate.sh	2026-09-04T18:03:26.0920570Z  + jupyter-events==0.12.1
qlib-runtime (macos-latest, 3.12)	Run scripts/run_gate.sh	2026-09-04T18:03:26.0921000Z  + jupyter-lsp==2.3.1
qlib-runtime (macos-latest, 3.12)	Run scripts/run_gate.sh	2026-09-04T18:03:26.0921350Z  + jupyter-server==2.21.0
qlib-runtime (macos-latest, 3.12)	Run scripts/run_gate.sh	2026-09-04T18:03:26.0921700Z  + jupyter-server-terminals==0.5.4
qlib-runtime (macos-latest, 3.12)	Run scripts/run_gate.sh	2026-09-04T18:03:26.0922090Z  + jupyterlab==4.6.3
qlib-runtime (macos-latest, 3.12)	Run scripts/run_gate.sh	2026-09-04T18:03:26.0922450Z  + jupyterlab-pygments==0.3.0
qlib-runtime (macos-latest, 3.12)	Run scripts/run_gate.sh	2026-09-04T18:03:26.0923180Z  + jupyterlab-server==2.28.0
qlib-runtime (macos-latest, 3.12)	Run scripts/run_gate.sh	2026-09-04T18:03:26.0923680Z  + jupyterlab-widgets==3.0.17
qlib-runtime (macos-latest, 3.12)	Run scripts/run_gate.sh	2026-09-04T18:03:26.0924330Z  + kiwisolver==1.5.1
qlib-runtime (macos-latest, 3.12)	Run scripts/run_gate.sh	2026-09-04T18:03:26.0924690Z  + lark==1.3.1
qlib-runtime (macos-latest, 3.12)	Run scripts/run_gate.sh	2026-09-04T18:03:26.0924950Z  + lightgbm==4.7.0
qlib-runtime (macos-latest, 3.12)	Run scripts/run_gate.sh	2026-09-04T18:03:26.0925320Z  + loguru==0.7.3
qlib-runtime (macos-latest, 3.12)	Run scripts/run_gate.sh	2026-09-04T18:03:26.0925650Z  + lxml==6.1.2
qlib-runtime (macos-latest, 3.12)	Run scripts/run_gate.sh	2026-09-04T18:03:26.0925960Z  + mako==1.4.1
qlib-runtime (macos-latest, 3.12)	Run scripts/run_gate.sh	2026-09-04T18:03:26.0926280Z  + markupsafe==3.0.3
qlib-runtime (macos-latest, 3.12)	Run scripts/run_gate.sh	2026-09-04T18:03:26.0926690Z  + matplotlib==3.11.1
qlib-runtime (macos-latest, 3.12)	Run scripts/run_gate.sh	2026-09-04T18:03:26.0927000Z  + matplotlib-inline==0.2.2
qlib-runtime (macos-latest, 3.12)	Run scripts/run_gate.sh	2026-09-04T18:03:26.0927270Z  + mistune==3.3.4
qlib-runtime (macos-latest, 3.12)	Run scripts/run_gate.sh	2026-09-04T18:03:26.0927710Z  + mlflow==3.15.2
qlib-runtime (macos-latest, 3.12)	Run scripts/run_gate.sh	2026-09-04T18:03:26.0928090Z  + mlflow-skinny==3.15.2
qlib-runtime (macos-latest, 3.12)	Run scripts/run_gate.sh	2026-09-04T18:03:26.0928570Z  + mlflow-tracing==3.15.2
qlib-runtime (macos-latest, 3.12)	Run scripts/run_gate.sh	2026-09-04T18:03:26.0928920Z  + mootdx==0.11.7
qlib-runtime (macos-latest, 3.12)	Run scripts/run_gate.sh	2026-09-04T18:03:26.0929240Z  + multidict==6.7.1
qlib-runtime (macos-latest, 3.12)	Run scripts/run_gate.sh	2026-09-04T18:03:26.0929790Z  + narwhals==2.25.0
qlib-runtime (macos-latest, 3.12)	Run scripts/run_gate.sh	2026-09-04T18:03:26.0930550Z  + nbclient==0.11.0
qlib-runtime (macos-latest, 3.12)	Run scripts/run_gate.sh	2026-09-04T18:03:26.0930990Z  + nbconvert==7.17.1
qlib-runtime (macos-latest, 3.12)	Run scripts/run_gate.sh	2026-09-04T18:03:26.0931390Z  + nbformat==5.11.1
qlib-runtime (macos-latest, 3.12)	Run scripts/run_gate.sh	2026-09-04T18:03:26.0931800Z  + nest-asyncio2==1.7.2
qlib-runtime (macos-latest, 3.12)	Run scripts/run_gate.sh	2026-09-04T18:03:26.0933100Z  + notebook==7.6.2
qlib-runtime (macos-latest, 3.12)	Run scripts/run_gate.sh	2026-09-04T18:03:26.0934200Z  + notebook-shim==0.2.4
qlib-runtime (macos-latest, 3.12)	Run scripts/run_gate.sh	2026-09-04T18:03:26.0935450Z  + numpy==2.5.2
qlib-runtime (macos-latest, 3.12)	Run scripts/run_gate.sh	2026-09-04T18:03:26.0937020Z  + opentelemetry-api==1.44.0
qlib-runtime (macos-latest, 3.12)	Run scripts/run_gate.sh	2026-09-04T18:03:26.0938110Z  + opentelemetry-proto==1.44.0
qlib-runtime (macos-latest, 3.12)	Run scripts/run_gate.sh	2026-09-04T18:03:26.0938750Z  + opentelemetry-sdk==1.44.0
qlib-runtime (macos-latest, 3.12)	Run scripts/run_gate.sh	2026-09-04T18:03:26.0939450Z  + opentelemetry-semantic-conventions==0.65b0
qlib-runtime (macos-latest, 3.12)	Run scripts/run_gate.sh	2026-09-04T18:03:26.0940120Z  + osqp==1.1.3
qlib-runtime (macos-latest, 3.12)	Run scripts/run_gate.sh	2026-09-04T18:03:26.0940660Z  + packaging==26.3
qlib-runtime (macos-latest, 3.12)	Run scripts/run_gate.sh	2026-09-04T18:03:26.0941150Z  + pandas==2.3.3
qlib-runtime (macos-latest, 3.12)	Run scripts/run_gate.sh	2026-09-04T18:03:26.0941600Z  + pandocfilters==1.5.1
qlib-runtime (macos-latest, 3.12)	Run scripts/run_gate.sh	2026-09-04T18:03:26.0942160Z  + parso==0.8.7
qlib-runtime (macos-latest, 3.12)	Run scripts/run_gate.sh	2026-09-04T18:03:26.0942620Z  + pexpect==4.9.0
qlib-runtime (macos-latest, 3.12)	Run scripts/run_gate.sh	2026-09-04T18:03:26.0943130Z  + pillow==12.3.0
qlib-runtime (macos-latest, 3.12)	Run scripts/run_gate.sh	2026-09-04T18:03:26.0943580Z  + platformdirs==4.11.5
qlib-runtime (macos-latest, 3.12)	Run scripts/run_gate.sh	2026-09-04T18:03:26.0944070Z  + pluggy==1.6.0
qlib-runtime (macos-latest, 3.12)	Run scripts/run_gate.sh	2026-09-04T18:03:26.0944510Z  + prettytable==3.18.0
qlib-runtime (macos-latest, 3.12)	Run scripts/run_gate.sh	2026-09-04T18:03:26.0945100Z  + prometheus-client==0.26.0
qlib-runtime (macos-latest, 3.12)	Run scripts/run_gate.sh	2026-09-04T18:03:26.0945660Z  + prompt-toolkit==3.0.53
qlib-runtime (macos-latest, 3.12)	Run scripts/run_gate.sh	2026-09-04T18:03:26.0946180Z  + propcache==0.5.2
qlib-runtime (macos-latest, 3.12)	Run scripts/run_gate.sh	2026-09-04T18:03:26.0946700Z  + protobuf==6.33.6
qlib-runtime (macos-latest, 3.12)	Run scripts/run_gate.sh	2026-09-04T18:03:26.0947280Z  + psutil==7.2.2
qlib-runtime (macos-latest, 3.12)	Run scripts/run_gate.sh	2026-09-04T18:03:26.0971840Z  + ptyprocess==0.7.0
qlib-runtime (macos-latest, 3.12)	Run scripts/run_gate.sh	2026-09-04T18:03:26.0972150Z  + pure-eval==0.2.3
qlib-runtime (macos-latest, 3.12)	Run scripts/run_gate.sh	2026-09-04T18:03:26.0972330Z  + py-mini-racer==0.6.0
qlib-runtime (macos-latest, 3.12)	Run scripts/run_gate.sh	2026-09-04T18:03:26.0972500Z  + pyarrow==25.0.1
qlib-runtime (macos-latest, 3.12)	Run scripts/run_gate.sh	2026-09-04T18:03:26.0972690Z  + pyasn1==0.6.4
qlib-runtime (macos-latest, 3.12)	Run scripts/run_gate.sh	2026-09-04T18:03:26.0974190Z  + pyasn1-modules==0.4.2
qlib-runtime (macos-latest, 3.12)	Run scripts/run_gate.sh	2026-09-04T18:03:26.0975080Z  + pycparser==3.0
qlib-runtime (macos-latest, 3.12)	Run scripts/run_gate.sh	2026-09-04T18:03:26.0975760Z  + pydantic==2.13.5
qlib-runtime (macos-latest, 3.12)	Run scripts/run_gate.sh	2026-09-04T18:03:26.0976340Z  + pydantic-core==2.46.5
qlib-runtime (macos-latest, 3.12)	Run scripts/run_gate.sh	2026-09-04T18:03:26.0976840Z  + pydantic-settings==2.15.0
qlib-runtime (macos-latest, 3.12)	Run scripts/run_gate.sh	2026-09-04T18:03:26.0977320Z  + pygments==2.21.0
qlib-runtime (macos-latest, 3.12)	Run scripts/run_gate.sh	2026-09-04T18:03:26.0977830Z  + pymongo==4.17.0
qlib-runtime (macos-latest, 3.12)	Run scripts/run_gate.sh	2026-09-04T18:03:26.0978480Z  + pyparsing==3.3.2
qlib-runtime (macos-latest, 3.12)	Run scripts/run_gate.sh	2026-09-04T18:03:26.0978690Z  + pyqlib==0.9.7
qlib-runtime (macos-latest, 3.12)	Run scripts/run_gate.sh	2026-09-04T18:03:26.0978840Z  + pytest==9.1.1
qlib-runtime (macos-latest, 3.12)	Run scripts/run_gate.sh	2026-09-04T18:03:26.0979070Z  + python-dateutil==2.9.0.post0
qlib-runtime (macos-latest, 3.12)	Run scripts/run_gate.sh	2026-09-04T18:03:26.0979980Z  + python-dotenv==1.2.3
qlib-runtime (macos-latest, 3.12)	Run scripts/run_gate.sh	2026-09-04T18:03:26.0980230Z  + python-json-logger==4.2.0
qlib-runtime (macos-latest, 3.12)	Run scripts/run_gate.sh	2026-09-04T18:03:26.0980470Z  + python-redis-lock==4.0.1
qlib-runtime (macos-latest, 3.12)	Run scripts/run_gate.sh	2026-09-04T18:03:26.0981110Z  + pytz==2026.3.post1
qlib-runtime (macos-latest, 3.12)	Run scripts/run_gate.sh	2026-09-04T18:03:26.0981260Z  + pyyaml==6.0.3
qlib-runtime (macos-latest, 3.12)	Run scripts/run_gate.sh	2026-09-04T18:03:26.0981400Z  + pyzmq==27.2.0
qlib-runtime (macos-latest, 3.12)	Run scripts/run_gate.sh	2026-09-04T18:03:26.0981550Z  + qdldl==0.1.9.post1
qlib-runtime (macos-latest, 3.12)	Run scripts/run_gate.sh	2026-09-04T18:03:26.0981690Z  + redis==8.1.0
qlib-runtime (macos-latest, 3.12)	Run scripts/run_gate.sh	2026-09-04T18:03:26.0981840Z  + referencing==0.37.0
qlib-runtime (macos-latest, 3.12)	Run scripts/run_gate.sh	2026-09-04T18:03:26.0981990Z  + requests==2.34.2
qlib-runtime (macos-latest, 3.12)	Run scripts/run_gate.sh	2026-09-04T18:03:26.0982160Z  + rfc3339-validator==0.1.4
qlib-runtime (macos-latest, 3.12)	Run scripts/run_gate.sh	2026-09-04T18:03:26.0982340Z  + rfc3986-validator==0.1.1
qlib-runtime (macos-latest, 3.12)	Run scripts/run_gate.sh	2026-09-04T18:03:26.0982550Z  + rfc3987-syntax==1.1.0
qlib-runtime (macos-latest, 3.12)	Run scripts/run_gate.sh	2026-09-04T18:03:26.0982800Z  + rpds-py==2026.6.3
qlib-runtime (macos-latest, 3.12)	Run scripts/run_gate.sh	2026-09-04T18:03:26.0983030Z  + ruamel-yaml==0.19.1
qlib-runtime (macos-latest, 3.12)	Run scripts/run_gate.sh	2026-09-04T18:03:26.0983200Z  + scikit-learn==1.9.0
qlib-runtime (macos-latest, 3.12)	Run scripts/run_gate.sh	2026-09-04T18:03:26.0983400Z  + scipy==1.18.1
qlib-runtime (macos-latest, 3.12)	Run scripts/run_gate.sh	2026-09-04T18:03:26.0983540Z  + scs==3.2.11
qlib-runtime (macos-latest, 3.12)	Run scripts/run_gate.sh	2026-09-04T18:03:26.0983760Z  + send2trash==2.1.0
qlib-runtime (macos-latest, 3.12)	Run scripts/run_gate.sh	2026-09-04T18:03:26.0983920Z  + setuptools==84.0.0
qlib-runtime (macos-latest, 3.12)	Run scripts/run_gate.sh	2026-09-04T18:03:26.0984120Z  + simplejson==4.1.1
qlib-runtime (macos-latest, 3.12)	Run scripts/run_gate.sh	2026-09-04T18:03:26.0984360Z  + six==1.17.0
qlib-runtime (macos-latest, 3.12)	Run scripts/run_gate.sh	2026-09-04T18:03:26.0984600Z  + skops==0.14.0
qlib-runtime (macos-latest, 3.12)	Run scripts/run_gate.sh	2026-09-04T18:03:26.0985110Z  + smmap==5.0.3
qlib-runtime (macos-latest, 3.12)	Run scripts/run_gate.sh	2026-09-04T18:03:26.0985260Z  + sniffio==1.3.1
qlib-runtime (macos-latest, 3.12)	Run scripts/run_gate.sh	2026-09-04T18:03:26.0985400Z  + soupsieve==2.9.2
qlib-runtime (macos-latest, 3.12)	Run scripts/run_gate.sh	2026-09-04T18:03:26.0985620Z  + sparsediffpy==0.3.0
qlib-runtime (macos-latest, 3.12)	Run scripts/run_gate.sh	2026-09-04T18:03:26.0986520Z  + sqlalchemy==2.0.52
qlib-runtime (macos-latest, 3.12)	Run scripts/run_gate.sh	2026-09-04T18:03:26.0987070Z  + sqlparse==0.6.0
qlib-runtime (macos-latest, 3.12)	Run scripts/run_gate.sh	2026-09-04T18:03:26.0987640Z  + stack-data==0.6.3
qlib-runtime (macos-latest, 3.12)	Run scripts/run_gate.sh	2026-09-04T18:03:26.0987830Z  + starlette==1.6.0
qlib-runtime (macos-latest, 3.12)	Run scripts/run_gate.sh	2026-09-04T18:03:26.0988040Z  + tdxpy==0.2.7
qlib-runtime (macos-latest, 3.12)	Run scripts/run_gate.sh	2026-09-04T18:03:26.0988230Z  + tenacity==8.5.0
qlib-runtime (macos-latest, 3.12)	Run scripts/run_gate.sh	2026-09-04T18:03:26.0988390Z  + termcolor==3.3.0
qlib-runtime (macos-latest, 3.12)	Run scripts/run_gate.sh	2026-09-04T18:03:26.0988590Z  + terminado==0.18.1
qlib-runtime (macos-latest, 3.12)	Run scripts/run_gate.sh	2026-09-04T18:03:26.0988750Z  + threadpoolctl==3.6.0
qlib-runtime (macos-latest, 3.12)	Run scripts/run_gate.sh	2026-09-04T18:03:26.0988910Z  + tinycss2==1.5.1
qlib-runtime (macos-latest, 3.12)	Run scripts/run_gate.sh	2026-09-04T18:03:26.0989120Z  + tornado==6.5.8
qlib-runtime (macos-latest, 3.12)	Run scripts/run_gate.sh	2026-09-04T18:03:26.0989260Z  + tqdm==4.70.0
qlib-runtime (macos-latest, 3.12)	Run scripts/run_gate.sh	2026-09-04T18:03:26.0989480Z  + traitlets==5.16.1
qlib-runtime (macos-latest, 3.12)	Run scripts/run_gate.sh	2026-09-04T18:03:26.0989680Z  + tushare==1.4.29
qlib-runtime (macos-latest, 3.12)	Run scripts/run_gate.sh	2026-09-04T18:03:26.0989900Z  + typing-extensions==4.16.0
qlib-runtime (macos-latest, 3.12)	Run scripts/run_gate.sh	2026-09-04T18:03:26.0990090Z  + typing-inspection==0.4.4
qlib-runtime (macos-latest, 3.12)	Run scripts/run_gate.sh	2026-09-04T18:03:26.0990290Z  + tzdata==2026.3
qlib-runtime (macos-latest, 3.12)	Run scripts/run_gate.sh	2026-09-04T18:03:26.0990720Z  + unified-quant==0.1.0 (from file:///Users/runner/work/unified-quant/unified-quant)
qlib-runtime (macos-latest, 3.12)	Run scripts/run_gate.sh	2026-09-04T18:03:26.0991050Z  + uri-template==1.3.0
qlib-runtime (macos-latest, 3.12)	Run scripts/run_gate.sh	2026-09-04T18:03:26.0991240Z  + urllib3==2.7.0
qlib-runtime (macos-latest, 3.12)	Run scripts/run_gate.sh	2026-09-04T18:03:26.0991480Z  + uvicorn==0.52.4
qlib-runtime (macos-latest, 3.12)	Run scripts/run_gate.sh	2026-09-04T18:03:26.0991650Z  + wcwidth==0.8.2
qlib-runtime (macos-latest, 3.12)	Run scripts/run_gate.sh	2026-09-04T18:03:26.0991800Z  + webcolors==25.10.0
qlib-runtime (macos-latest, 3.12)	Run scripts/run_gate.sh	2026-09-04T18:03:26.0992000Z  + webencodings==0.6.1
qlib-runtime (macos-latest, 3.12)	Run scripts/run_gate.sh	2026-09-04T18:03:26.0995420Z  + websocket-client==1.9.0
qlib-runtime (macos-latest, 3.12)	Run scripts/run_gate.sh	2026-09-04T18:03:26.0996060Z  + werkzeug==3.1.8
qlib-runtime (macos-latest, 3.12)	Run scripts/run_gate.sh	2026-09-04T18:03:26.0996240Z  + widgetsnbextension==4.0.16
qlib-runtime (macos-latest, 3.12)	Run scripts/run_gate.sh	2026-09-04T18:03:26.0996430Z  + yarl==1.24.5
qlib-runtime (macos-latest, 3.12)	Run scripts/run_gate.sh	2026-09-04T18:03:26.0996580Z  + zipp==4.1.0
qlib-runtime (macos-latest, 3.12)	Run scripts/run_gate.sh	2026-09-04T18:03:32.5460540Z ........................................................................ [ 17%]
qlib-runtime (macos-latest, 3.12)	Run scripts/run_gate.sh	2026-09-04T18:03:33.9064630Z ........................................................................ [ 34%]
qlib-runtime (macos-latest, 3.12)	Run scripts/run_gate.sh	2026-09-04T18:03:40.2387480Z ........................................................................ [ 51%]
qlib-runtime (macos-latest, 3.12)	Run scripts/run_gate.sh	2026-09-04T18:04:06.2032540Z ........................................................................ [ 68%]
qlib-runtime (macos-latest, 3.12)	Run scripts/run_gate.sh	2026-09-04T18:04:14.7539710Z ........................................................................ [ 86%]
qlib-runtime (macos-latest, 3.12)	Run scripts/run_gate.sh	2026-09-04T18:04:16.0507560Z ..........................................................               [100%]
qlib-runtime (macos-latest, 3.12)	Run scripts/run_gate.sh	2026-09-04T18:04:16.0508040Z =============================== warnings summary ===============================
qlib-runtime (macos-latest, 3.12)	Run scripts/run_gate.sh	2026-09-04T18:04:16.0508840Z .venv/lib/python3.12/site-packages/qlib/constant.py:19
qlib-runtime (macos-latest, 3.12)	Run scripts/run_gate.sh	2026-09-04T18:04:16.0510020Z   /Users/runner/work/unified-quant/unified-quant/.venv/lib/python3.12/site-packages/qlib/constant.py:19: DeprecationWarning: The 'generic' unit for NumPy timedelta is deprecated, and will raise an error in the future. This includes implicit conversion of bare integers (e.g. `+ 1`).Please use a specific unit instead.
qlib-runtime (macos-latest, 3.12)	Run scripts/run_gate.sh	2026-09-04T18:04:16.0519200Z     ONE_DAY = pd.Timedelta("1day")
qlib-runtime (macos-latest, 3.12)	Run scripts/run_gate.sh	2026-09-04T18:04:16.0519400Z 
qlib-runtime (macos-latest, 3.12)	Run scripts/run_gate.sh	2026-09-04T18:04:16.0519560Z .venv/lib/python3.12/site-packages/qlib/constant.py:20
qlib-runtime (macos-latest, 3.12)	Run scripts/run_gate.sh	2026-09-04T18:04:16.0520820Z   /Users/runner/work/unified-quant/unified-quant/.venv/lib/python3.12/site-packages/qlib/constant.py:20: DeprecationWarning: The 'generic' unit for NumPy timedelta is deprecated, and will raise an error in the future. This includes implicit conversion of bare integers (e.g. `+ 1`).Please use a specific unit instead.
qlib-runtime (macos-latest, 3.12)	Run scripts/run_gate.sh	2026-09-04T18:04:16.0522180Z     ONE_MIN = pd.Timedelta("1min")
qlib-runtime (macos-latest, 3.12)	Run scripts/run_gate.sh	2026-09-04T18:04:16.0522370Z 
qlib-runtime (macos-latest, 3.12)	Run scripts/run_gate.sh	2026-09-04T18:04:16.0522490Z .venv/lib/python3.12/site-packages/qlib/constant.py:21
qlib-runtime (macos-latest, 3.12)	Run scripts/run_gate.sh	2026-09-04T18:04:16.0523550Z   /Users/runner/work/unified-quant/unified-quant/.venv/lib/python3.12/site-packages/qlib/constant.py:21: DeprecationWarning: The 'generic' unit for NumPy timedelta is deprecated, and will raise an error in the future. This includes implicit conversion of bare integers (e.g. `+ 1`).Please use a specific unit instead.
qlib-runtime (macos-latest, 3.12)	Run scripts/run_gate.sh	2026-09-04T18:04:16.0524670Z     EPS_T = pd.Timedelta("1s")  # use 1 second to exclude the right interval point
qlib-runtime (macos-latest, 3.12)	Run scripts/run_gate.sh	2026-09-04T18:04:16.0524980Z 
qlib-runtime (macos-latest, 3.12)	Run scripts/run_gate.sh	2026-09-04T18:04:16.0529110Z tests/test_release_acceptance.py::test_null_rate_threshold_rejects_publication
qlib-runtime (macos-latest, 3.12)	Run scripts/run_gate.sh	2026-09-04T18:04:16.0529650Z tests/test_release_acceptance.py::test_null_rate_threshold_rejects_publication
qlib-runtime (macos-latest, 3.12)	Run scripts/run_gate.sh	2026-09-04T18:04:16.0530230Z tests/test_release_acceptance.py::test_null_rate_threshold_rejects_publication
qlib-runtime (macos-latest, 3.12)	Run scripts/run_gate.sh	2026-09-04T18:04:16.0530700Z tests/test_release_acceptance.py::test_null_rate_threshold_rejects_publication
qlib-runtime (macos-latest, 3.12)	Run scripts/run_gate.sh	2026-09-04T18:04:16.0531240Z tests/test_release_acceptance.py::test_null_rate_threshold_rejects_publication
qlib-runtime (macos-latest, 3.12)	Run scripts/run_gate.sh	2026-09-04T18:04:16.0531740Z tests/test_release_acceptance.py::test_null_rate_threshold_rejects_publication
qlib-runtime (macos-latest, 3.12)	Run scripts/run_gate.sh	2026-09-04T18:04:16.0533080Z   /Users/runner/work/unified-quant/unified-quant/src/uq/factors/raw_price.py:49: FutureWarning: Downcasting object dtype arrays on .fillna, .ffill, .bfill is deprecated and will change in a future version. Call result.infer_objects(copy=False) instead. To opt-in to the future behavior, set `pd.set_option('future.no_silent_downcasting', True)`
qlib-runtime (macos-latest, 3.12)	Run scripts/run_gate.sh	2026-09-04T18:04:16.0534560Z     normalized = frame[columns].round(12).fillna(-0.0).replace([np.inf, -np.inf], np.nan).round(12)
qlib-runtime (macos-latest, 3.12)	Run scripts/run_gate.sh	2026-09-04T18:04:16.0534880Z 
qlib-runtime (macos-latest, 3.12)	Run scripts/run_gate.sh	2026-09-04T18:04:16.0535130Z -- Docs: https://docs.pytest.org/en/stable/how-to/capture-warnings.html
qlib-runtime (macos-latest, 3.12)	Run scripts/run_gate.sh	2026-09-04T18:04:16.0535500Z 418 passed, 9 warnings in 48.61s
qlib-runtime (macos-latest, 3.12)	Run scripts/run_gate.sh	2026-09-04T18:04:16.8390530Z gate report: /Users/runner/work/unified-quant/unified-quant/.gate/gate-report.json
qlib-runtime (macos-latest, 3.12)	Record Qlib runtime cell	﻿2026-09-04T18:04:16.8478770Z ##[group]Run mkdir -p .gate/certification
qlib-runtime (macos-latest, 3.12)	Record Qlib runtime cell	2026-09-04T18:04:16.8479110Z ^[[36;1mmkdir -p .gate/certification^[[0m
qlib-runtime (macos-latest, 3.12)	Record Qlib runtime cell	2026-09-04T18:04:16.8479520Z ^[[36;1mprintf '%s\n' "macos-latest/3.12/qlib" > .gate/certification/environment-cell.txt^[[0m
qlib-runtime (macos-latest, 3.12)	Record Qlib runtime cell	2026-09-04T18:04:16.8670310Z shell: /bin/bash -e {0}
qlib-runtime (macos-latest, 3.12)	Record Qlib runtime cell	2026-09-04T18:04:16.8670590Z env:
qlib-runtime (macos-latest, 3.12)	Record Qlib runtime cell	2026-09-04T18:04:16.8670840Z   UQ_GATE_EXTRAS: qlib
qlib-runtime (macos-latest, 3.12)	Record Qlib runtime cell	2026-09-04T18:04:16.8671220Z   pythonLocation: /Users/runner/hostedtoolcache/Python/3.12.10/arm64
qlib-runtime (macos-latest, 3.12)	Record Qlib runtime cell	2026-09-04T18:04:16.8671710Z   PKG_CONFIG_PATH: /Users/runner/hostedtoolcache/Python/3.12.10/arm64/lib/pkgconfig
qlib-runtime (macos-latest, 3.12)	Record Qlib runtime cell	2026-09-04T18:04:16.8672120Z   Python_ROOT_DIR: /Users/runner/hostedtoolcache/Python/3.12.10/arm64
qlib-runtime (macos-latest, 3.12)	Record Qlib runtime cell	2026-09-04T18:04:16.8672560Z   Python2_ROOT_DIR: /Users/runner/hostedtoolcache/Python/3.12.10/arm64
qlib-runtime (macos-latest, 3.12)	Record Qlib runtime cell	2026-09-04T18:04:16.8672930Z   Python3_ROOT_DIR: /Users/runner/hostedtoolcache/Python/3.12.10/arm64
qlib-runtime (macos-latest, 3.12)	Record Qlib runtime cell	2026-09-04T18:04:16.8673520Z   UV_CACHE_DIR: /Users/runner/work/_temp/setup-uv-cache
qlib-runtime (macos-latest, 3.12)	Record Qlib runtime cell	2026-09-04T18:04:16.8673870Z ##[endgroup]
qlib-runtime (macos-latest, 3.12)	Run actions/upload-artifact@v4	﻿2026-09-04T18:04:16.9371230Z Node 20 is being deprecated. This workflow is running with Node 24 by default. If you need to temporarily use Node 20, you can set the ACTIONS_ALLOW_USE_UNSECURE_NODE_VERSION=true environment variable. For more information see: https://github.blog/changelog/2025-09-19-deprecation-of-node-20-on-github-actions-runners/
qlib-runtime (macos-latest, 3.12)	Run actions/upload-artifact@v4	2026-09-04T18:04:16.9372420Z ##[group]Run actions/upload-artifact@v4
qlib-runtime (macos-latest, 3.12)	Run actions/upload-artifact@v4	2026-09-04T18:04:16.9372720Z with:
qlib-runtime (macos-latest, 3.12)	Run actions/upload-artifact@v4	2026-09-04T18:04:16.9372930Z   name: qlib-gate-report-macos-latest-3.12
qlib-runtime (macos-latest, 3.12)	Run actions/upload-artifact@v4	2026-09-04T18:04:16.9373460Z   path: .gate/gate-report.json
qlib-runtime (macos-latest, 3.12)	Run actions/upload-artifact@v4	.gate/requirements.lock.txt
qlib-runtime (macos-latest, 3.12)	Run actions/upload-artifact@v4	.gate/requirements.lock.txt.sha256
qlib-runtime (macos-latest, 3.12)	Run actions/upload-artifact@v4	.gate/certification/environment-cell.txt
qlib-runtime (macos-latest, 3.12)	Run actions/upload-artifact@v4	
qlib-runtime (macos-latest, 3.12)	Run actions/upload-artifact@v4	2026-09-04T18:04:16.9374050Z   if-no-files-found: error
qlib-runtime (macos-latest, 3.12)	Run actions/upload-artifact@v4	2026-09-04T18:04:16.9374360Z   compression-level: 6
qlib-runtime (macos-latest, 3.12)	Run actions/upload-artifact@v4	2026-09-04T18:04:16.9374620Z   overwrite: false
qlib-runtime (macos-latest, 3.12)	Run actions/upload-artifact@v4	2026-09-04T18:04:16.9374880Z   include-hidden-files: false
qlib-runtime (macos-latest, 3.12)	Run actions/upload-artifact@v4	2026-09-04T18:04:16.9375070Z env:
qlib-runtime (macos-latest, 3.12)	Run actions/upload-artifact@v4	2026-09-04T18:04:16.9375250Z   UQ_GATE_EXTRAS: qlib
qlib-runtime (macos-latest, 3.12)	Run actions/upload-artifact@v4	2026-09-04T18:04:16.9375530Z   pythonLocation: /Users/runner/hostedtoolcache/Python/3.12.10/arm64
qlib-runtime (macos-latest, 3.12)	Run actions/upload-artifact@v4	2026-09-04T18:04:16.9376100Z   PKG_CONFIG_PATH: /Users/runner/hostedtoolcache/Python/3.12.10/arm64/lib/pkgconfig
qlib-runtime (macos-latest, 3.12)	Run actions/upload-artifact@v4	2026-09-04T18:04:16.9376520Z   Python_ROOT_DIR: /Users/runner/hostedtoolcache/Python/3.12.10/arm64
qlib-runtime (macos-latest, 3.12)	Run actions/upload-artifact@v4	2026-09-04T18:04:16.9376880Z   Python2_ROOT_DIR: /Users/runner/hostedtoolcache/Python/3.12.10/arm64
qlib-runtime (macos-latest, 3.12)	Run actions/upload-artifact@v4	2026-09-04T18:04:16.9377310Z   Python3_ROOT_DIR: /Users/runner/hostedtoolcache/Python/3.12.10/arm64
qlib-runtime (macos-latest, 3.12)	Run actions/upload-artifact@v4	2026-09-04T18:04:16.9377690Z   UV_CACHE_DIR: /Users/runner/work/_temp/setup-uv-cache
qlib-runtime (macos-latest, 3.12)	Run actions/upload-artifact@v4	2026-09-04T18:04:16.9378020Z ##[endgroup]
qlib-runtime (macos-latest, 3.12)	Run actions/upload-artifact@v4	2026-09-04T18:04:17.1345950Z (node:2351) [DEP0040] DeprecationWarning: The `punycode` module is deprecated. Please use a userland alternative instead.
qlib-runtime (macos-latest, 3.12)	Run actions/upload-artifact@v4	2026-09-04T18:04:17.1346670Z (Use `node --trace-deprecation ...` to show where the warning was created)
qlib-runtime (macos-latest, 3.12)	Run actions/upload-artifact@v4	2026-09-04T18:04:17.1388960Z Multiple search paths detected. Calculating the least common ancestor of all paths
qlib-runtime (macos-latest, 3.12)	Run actions/upload-artifact@v4	2026-09-04T18:04:17.1391660Z The least common ancestor is /Users/runner/work/unified-quant/unified-quant/.gate. This will be the root directory of the artifact
qlib-runtime (macos-latest, 3.12)	Run actions/upload-artifact@v4	2026-09-04T18:04:17.1392640Z With the provided path, there will be 4 files uploaded
qlib-runtime (macos-latest, 3.12)	Run actions/upload-artifact@v4	2026-09-04T18:04:17.1394510Z Artifact name is valid!
qlib-runtime (macos-latest, 3.12)	Run actions/upload-artifact@v4	2026-09-04T18:04:17.1394940Z Root directory input is valid!
qlib-runtime (macos-latest, 3.12)	Run actions/upload-artifact@v4	2026-09-04T18:04:17.5293330Z Beginning upload of artifact content to blob storage
qlib-runtime (macos-latest, 3.12)	Run actions/upload-artifact@v4	2026-09-04T18:04:17.5563660Z (node:2351) [DEP0169] DeprecationWarning: `url.parse()` behavior is not standardized and prone to errors that have security implications. Use the WHATWG URL API instead. CVEs are not issued for `url.parse()` vulnerabilities.
qlib-runtime (macos-latest, 3.12)	Run actions/upload-artifact@v4	2026-09-04T18:04:17.8403700Z Uploaded bytes 4569
qlib-runtime (macos-latest, 3.12)	Run actions/upload-artifact@v4	2026-09-04T18:04:17.9117360Z Finished uploading artifact content to blob storage!
qlib-runtime (macos-latest, 3.12)	Run actions/upload-artifact@v4	2026-09-04T18:04:17.9118010Z SHA256 digest of uploaded artifact zip is 31be68111b4ebf2891dcdf77578b57850a571c65484ac855195852aa71f9385e
qlib-runtime (macos-latest, 3.12)	Run actions/upload-artifact@v4	2026-09-04T18:04:17.9118970Z Finalizing artifact upload
qlib-runtime (macos-latest, 3.12)	Run actions/upload-artifact@v4	2026-09-04T18:04:18.2217680Z Artifact qlib-gate-report-macos-latest-3.12.zip successfully finalized. Artifact ID 9948680587
qlib-runtime (macos-latest, 3.12)	Run actions/upload-artifact@v4	2026-09-04T18:04:18.2219170Z Artifact qlib-gate-report-macos-latest-3.12 has been successfully uploaded! Final size is 4569 bytes. Artifact ID is 9948680587
qlib-runtime (macos-latest, 3.12)	Run actions/upload-artifact@v4	2026-09-04T18:04:18.2222330Z Artifact download URL: https://github.com/ljheee/unified-quant/actions/runs/33903807546/artifacts/9948680587
qlib-runtime (macos-latest, 3.12)	Post Run astral-sh/setup-uv@v3	﻿2026-09-04T18:04:18.2303340Z Node 20 is being deprecated. This workflow is running with Node 24 by default. If you need to temporarily use Node 20, you can set the ACTIONS_ALLOW_USE_UNSECURE_NODE_VERSION=true environment variable. For more information see: https://github.blog/changelog/2025-09-19-deprecation-of-node-20-on-github-actions-runners/
qlib-runtime (macos-latest, 3.12)	Post Run astral-sh/setup-uv@v3	2026-09-04T18:04:18.2304380Z Post job cleanup.
qlib-runtime (macos-latest, 3.12)	Post Run actions/setup-python@v5	﻿2026-09-04T18:04:18.3668680Z Node 20 is being deprecated. This workflow is running with Node 24 by default. If you need to temporarily use Node 20, you can set the ACTIONS_ALLOW_USE_UNSECURE_NODE_VERSION=true environment variable. For more information see: https://github.blog/changelog/2025-09-19-deprecation-of-node-20-on-github-actions-runners/
qlib-runtime (macos-latest, 3.12)	Post Run actions/setup-python@v5	2026-09-04T18:04:18.3669750Z Post job cleanup.
qlib-runtime (macos-latest, 3.12)	Post Run actions/setup-python@v5	2026-09-04T18:04:18.5005330Z (node:2355) [DEP0040] DeprecationWarning: The `punycode` module is deprecated. Please use a userland alternative instead.
qlib-runtime (macos-latest, 3.12)	Post Run actions/setup-python@v5	2026-09-04T18:04:18.5006230Z (Use `node --trace-deprecation ...` to show where the warning was created)
qlib-runtime (macos-latest, 3.12)	Post Run actions/checkout@v4	﻿2026-09-04T18:04:18.5754380Z Node 20 is being deprecated. This workflow is running with Node 24 by default. If you need to temporarily use Node 20, you can set the ACTIONS_ALLOW_USE_UNSECURE_NODE_VERSION=true environment variable. For more information see: https://github.blog/changelog/2025-09-19-deprecation-of-node-20-on-github-actions-runners/
qlib-runtime (macos-latest, 3.12)	Post Run actions/checkout@v4	2026-09-04T18:04:18.5756120Z Post job cleanup.
qlib-runtime (macos-latest, 3.12)	Post Run actions/checkout@v4	2026-09-04T18:04:18.9103760Z [command]/opt/homebrew/bin/git version
qlib-runtime (macos-latest, 3.12)	Post Run actions/checkout@v4	2026-09-04T18:04:18.9200040Z git version 2.55.0
qlib-runtime (macos-latest, 3.12)	Post Run actions/checkout@v4	2026-09-04T18:04:18.9231910Z Copying '/Users/runner/.gitconfig' to '/Users/runner/work/_temp/b149fe84-8eb8-4340-a607-be467bfbf7dd/.gitconfig'
qlib-runtime (macos-latest, 3.12)	Post Run actions/checkout@v4	2026-09-04T18:04:18.9360660Z Temporarily overriding HOME='/Users/runner/work/_temp/b149fe84-8eb8-4340-a607-be467bfbf7dd' before making global git config changes
qlib-runtime (macos-latest, 3.12)	Post Run actions/checkout@v4	2026-09-04T18:04:18.9366600Z Adding repository directory to the temporary git global config as a safe directory
qlib-runtime (macos-latest, 3.12)	Post Run actions/checkout@v4	2026-09-04T18:04:18.9370240Z [command]/opt/homebrew/bin/git config --global --add safe.directory /Users/runner/work/unified-quant/unified-quant
qlib-runtime (macos-latest, 3.12)	Post Run actions/checkout@v4	2026-09-04T18:04:18.9539850Z [command]/opt/homebrew/bin/git config --local --name-only --get-regexp core\.sshCommand
qlib-runtime (macos-latest, 3.12)	Post Run actions/checkout@v4	2026-09-04T18:04:18.9640310Z [command]/opt/homebrew/bin/git submodule foreach --recursive sh -c "git config --local --name-only --get-regexp 'core\.sshCommand' && git config --local --unset-all 'core.sshCommand' || :"
qlib-runtime (macos-latest, 3.12)	Post Run actions/checkout@v4	2026-09-04T18:04:19.2938620Z [command]/opt/homebrew/bin/git config --local --name-only --get-regexp http\.https\:\/\/github\.com\/\.extraheader
qlib-runtime (macos-latest, 3.12)	Post Run actions/checkout@v4	2026-09-04T18:04:19.2959290Z http.https://github.com/.extraheader
qlib-runtime (macos-latest, 3.12)	Post Run actions/checkout@v4	2026-09-04T18:04:19.2979630Z [command]/opt/homebrew/bin/git config --local --unset-all http.https://github.com/.extraheader
qlib-runtime (macos-latest, 3.12)	Post Run actions/checkout@v4	2026-09-04T18:04:19.3228210Z [command]/opt/homebrew/bin/git submodule foreach --recursive sh -c "git config --local --name-only --get-regexp 'http\.https\:\/\/github\.com\/\.extraheader' && git config --local --unset-all 'http.https://github.com/.extraheader' || :"
qlib-runtime (macos-latest, 3.12)	Post Run actions/checkout@v4	2026-09-04T18:04:19.4722940Z [command]/opt/homebrew/bin/git config --local --name-only --get-regexp ^includeIf\.gitdir:
qlib-runtime (macos-latest, 3.12)	Post Run actions/checkout@v4	2026-09-04T18:04:19.4814110Z [command]/opt/homebrew/bin/git submodule foreach --recursive git config --local --show-origin --name-only --get-regexp remote.origin.url
qlib-runtime (macos-latest, 3.12)	Complete job	﻿2026-09-04T18:04:19.5939850Z Cleaning up orphan processes
qlib-runtime (macos-latest, 3.12)	Complete job	2026-09-04T18:04:20.2131130Z ##[warning]Node.js 20 is deprecated. The following actions target Node.js 20 but are being forced to run on Node.js 24: actions/checkout@v4, actions/setup-python@v5, actions/upload-artifact@v4, astral-sh/setup-uv@v3. For more information see: https://github.blog/changelog/2025-09-19-deprecation-of-node-20-on-github-actions-runners/
qlib-runtime (ubuntu-latest, 3.12)	Set up job	﻿2026-09-04T18:03:10.0698920Z Current runner version: '2.337.0'
qlib-runtime (ubuntu-latest, 3.12)	Set up job	2026-09-04T18:03:10.0719761Z ##[group]Runner Image Provisioner
qlib-runtime (ubuntu-latest, 3.12)	Set up job	2026-09-04T18:03:10.0720612Z Hosted Compute Agent
qlib-runtime (ubuntu-latest, 3.12)	Set up job	2026-09-04T18:03:10.0721105Z Version: 20260828.587
qlib-runtime (ubuntu-latest, 3.12)	Set up job	2026-09-04T18:03:10.0721661Z Commit: abac92662cab4cc7352de4f9f9d2e2419aad9c29
qlib-runtime (ubuntu-latest, 3.12)	Set up job	2026-09-04T18:03:10.0722320Z Build Date: 2026-08-28T16:44:25Z
qlib-runtime (ubuntu-latest, 3.12)	Set up job	2026-09-04T18:03:10.0722880Z Worker ID: {9e2160d5-a33e-4473-8470-c84ec0f24597}
qlib-runtime (ubuntu-latest, 3.12)	Set up job	2026-09-04T18:03:10.0723491Z Azure Region: eastus
qlib-runtime (ubuntu-latest, 3.12)	Set up job	2026-09-04T18:03:10.0723965Z ##[endgroup]
qlib-runtime (ubuntu-latest, 3.12)	Set up job	2026-09-04T18:03:10.0725325Z ##[group]Operating System
qlib-runtime (ubuntu-latest, 3.12)	Set up job	2026-09-04T18:03:10.0725898Z Ubuntu
qlib-runtime (ubuntu-latest, 3.12)	Set up job	2026-09-04T18:03:10.0726334Z 24.04.4
qlib-runtime (ubuntu-latest, 3.12)	Set up job	2026-09-04T18:03:10.0726793Z LTS
qlib-runtime (ubuntu-latest, 3.12)	Set up job	2026-09-04T18:03:10.0727234Z ##[endgroup]
qlib-runtime (ubuntu-latest, 3.12)	Set up job	2026-09-04T18:03:10.0727818Z ##[group]Runner Image
qlib-runtime (ubuntu-latest, 3.12)	Set up job	2026-09-04T18:03:10.0728391Z Image: ubuntu-24.04
qlib-runtime (ubuntu-latest, 3.12)	Set up job	2026-09-04T18:03:10.0728857Z Version: 20260831.293.1
qlib-runtime (ubuntu-latest, 3.12)	Set up job	2026-09-04T18:03:10.0729996Z Included Software: https://github.com/actions/runner-images/blob/ubuntu24/20260831.293/images/ubuntu/Ubuntu2404-Readme.md
qlib-runtime (ubuntu-latest, 3.12)	Set up job	2026-09-04T18:03:10.0731420Z Image Release: https://github.com/actions/runner-images/releases/tag/ubuntu24%2F20260831.293
qlib-runtime (ubuntu-latest, 3.12)	Set up job	2026-09-04T18:03:10.0732291Z ##[endgroup]
qlib-runtime (ubuntu-latest, 3.12)	Set up job	2026-09-04T18:03:10.0733248Z ##[group]GITHUB_TOKEN Permissions
qlib-runtime (ubuntu-latest, 3.12)	Set up job	2026-09-04T18:03:10.0735014Z Contents: read
qlib-runtime (ubuntu-latest, 3.12)	Set up job	2026-09-04T18:03:10.0735516Z Metadata: read
qlib-runtime (ubuntu-latest, 3.12)	Set up job	2026-09-04T18:03:10.0736130Z Packages: read
qlib-runtime (ubuntu-latest, 3.12)	Set up job	2026-09-04T18:03:10.0736584Z ##[endgroup]
qlib-runtime (ubuntu-latest, 3.12)	Set up job	2026-09-04T18:03:10.0738553Z Secret source: Actions
qlib-runtime (ubuntu-latest, 3.12)	Set up job	2026-09-04T18:03:10.0739897Z Prepare workflow directory
qlib-runtime (ubuntu-latest, 3.12)	Set up job	2026-09-04T18:03:10.1303612Z Prepare all required actions
qlib-runtime (ubuntu-latest, 3.12)	Set up job	2026-09-04T18:03:10.1357908Z Getting action download info
qlib-runtime (ubuntu-latest, 3.12)	Set up job	2026-09-04T18:03:10.2942574Z Download action repository 'actions/checkout@v4' (SHA:11d5960a326750d5838078e36cf38b85af677262)
qlib-runtime (ubuntu-latest, 3.12)	Set up job	2026-09-04T18:03:10.6912615Z Download action repository 'actions/setup-python@v5' (SHA:a26af69be951a213d495a4c3e4e4022e16d87065)
qlib-runtime (ubuntu-latest, 3.12)	Set up job	2026-09-04T18:03:10.9663337Z Download action repository 'astral-sh/setup-uv@v3' (SHA:caf0cab7a618c569241d31dcd442f54681755d39)
qlib-runtime (ubuntu-latest, 3.12)	Set up job	2026-09-04T18:03:11.5925680Z Download action repository 'actions/upload-artifact@v4' (SHA:ea165f8d65b6e75b540449e92b4886f43607fa02)
qlib-runtime (ubuntu-latest, 3.12)	Set up job	2026-09-04T18:03:12.4792352Z Complete job name: qlib-runtime (ubuntu-latest, 3.12)
qlib-runtime (ubuntu-latest, 3.12)	Run actions/checkout@v4	﻿2026-09-04T18:03:12.5356776Z Node 20 is being deprecated. This workflow is running with Node 24 by default. If you need to temporarily use Node 20, you can set the ACTIONS_ALLOW_USE_UNSECURE_NODE_VERSION=true environment variable. For more information see: https://github.blog/changelog/2025-09-19-deprecation-of-node-20-on-github-actions-runners/
qlib-runtime (ubuntu-latest, 3.12)	Run actions/checkout@v4	2026-09-04T18:03:12.5363357Z ##[group]Run actions/checkout@v4
qlib-runtime (ubuntu-latest, 3.12)	Run actions/checkout@v4	2026-09-04T18:03:12.5363729Z with:
qlib-runtime (ubuntu-latest, 3.12)	Run actions/checkout@v4	2026-09-04T18:03:12.5363931Z   repository: ljheee/unified-quant
qlib-runtime (ubuntu-latest, 3.12)	Run actions/checkout@v4	2026-09-04T18:03:12.5366124Z   token: ***
qlib-runtime (ubuntu-latest, 3.12)	Run actions/checkout@v4	2026-09-04T18:03:12.5366305Z   ssh-strict: true
qlib-runtime (ubuntu-latest, 3.12)	Run actions/checkout@v4	2026-09-04T18:03:12.5366477Z   ssh-user: git
qlib-runtime (ubuntu-latest, 3.12)	Run actions/checkout@v4	2026-09-04T18:03:12.5366701Z   persist-credentials: true
qlib-runtime (ubuntu-latest, 3.12)	Run actions/checkout@v4	2026-09-04T18:03:12.5366919Z   clean: true
qlib-runtime (ubuntu-latest, 3.12)	Run actions/checkout@v4	2026-09-04T18:03:12.5367104Z   sparse-checkout-cone-mode: true
qlib-runtime (ubuntu-latest, 3.12)	Run actions/checkout@v4	2026-09-04T18:03:12.5367347Z   fetch-depth: 1
qlib-runtime (ubuntu-latest, 3.12)	Run actions/checkout@v4	2026-09-04T18:03:12.5367698Z   fetch-tags: false
qlib-runtime (ubuntu-latest, 3.12)	Run actions/checkout@v4	2026-09-04T18:03:12.5367880Z   show-progress: true
qlib-runtime (ubuntu-latest, 3.12)	Run actions/checkout@v4	2026-09-04T18:03:12.5368055Z   lfs: false
qlib-runtime (ubuntu-latest, 3.12)	Run actions/checkout@v4	2026-09-04T18:03:12.5368217Z   submodules: false
qlib-runtime (ubuntu-latest, 3.12)	Run actions/checkout@v4	2026-09-04T18:03:12.5368437Z   set-safe-directory: true
qlib-runtime (ubuntu-latest, 3.12)	Run actions/checkout@v4	2026-09-04T18:03:12.5368646Z   allow-unsafe-pr-checkout: false
qlib-runtime (ubuntu-latest, 3.12)	Run actions/checkout@v4	2026-09-04T18:03:12.5369001Z env:
qlib-runtime (ubuntu-latest, 3.12)	Run actions/checkout@v4	2026-09-04T18:03:12.5369163Z   UQ_GATE_EXTRAS: qlib
qlib-runtime (ubuntu-latest, 3.12)	Run actions/checkout@v4	2026-09-04T18:03:12.5369338Z ##[endgroup]
qlib-runtime (ubuntu-latest, 3.12)	Run actions/checkout@v4	2026-09-04T18:03:12.6195794Z Syncing repository: ljheee/unified-quant
qlib-runtime (ubuntu-latest, 3.12)	Run actions/checkout@v4	2026-09-04T18:03:12.6197558Z ##[group]Getting Git version info
qlib-runtime (ubuntu-latest, 3.12)	Run actions/checkout@v4	2026-09-04T18:03:12.6198090Z Working directory is '/home/runner/work/unified-quant/unified-quant'
qlib-runtime (ubuntu-latest, 3.12)	Run actions/checkout@v4	2026-09-04T18:03:12.6198931Z [command]/usr/bin/git version
qlib-runtime (ubuntu-latest, 3.12)	Run actions/checkout@v4	2026-09-04T18:03:12.6235283Z git version 2.55.0
qlib-runtime (ubuntu-latest, 3.12)	Run actions/checkout@v4	2026-09-04T18:03:12.6251013Z ##[endgroup]
qlib-runtime (ubuntu-latest, 3.12)	Run actions/checkout@v4	2026-09-04T18:03:12.6268831Z Temporarily overriding HOME='/home/runner/work/_temp/dfeedfe4-9958-4a36-b79b-6cfa74726fe1' before making global git config changes
qlib-runtime (ubuntu-latest, 3.12)	Run actions/checkout@v4	2026-09-04T18:03:12.6270662Z Adding repository directory to the temporary git global config as a safe directory
qlib-runtime (ubuntu-latest, 3.12)	Run actions/checkout@v4	2026-09-04T18:03:12.6272231Z [command]/usr/bin/git config --global --add safe.directory /home/runner/work/unified-quant/unified-quant
qlib-runtime (ubuntu-latest, 3.12)	Run actions/checkout@v4	2026-09-04T18:03:12.6322179Z Deleting the contents of '/home/runner/work/unified-quant/unified-quant'
qlib-runtime (ubuntu-latest, 3.12)	Run actions/checkout@v4	2026-09-04T18:03:12.6326344Z ##[group]Initializing the repository
qlib-runtime (ubuntu-latest, 3.12)	Run actions/checkout@v4	2026-09-04T18:03:12.6329615Z [command]/usr/bin/git init /home/runner/work/unified-quant/unified-quant
qlib-runtime (ubuntu-latest, 3.12)	Run actions/checkout@v4	2026-09-04T18:03:12.6420623Z hint: Using 'master' as the name for the initial branch. This default branch name
qlib-runtime (ubuntu-latest, 3.12)	Run actions/checkout@v4	2026-09-04T18:03:12.6421447Z hint: will change to "main" in Git 3.0. To configure the initial branch name
qlib-runtime (ubuntu-latest, 3.12)	Run actions/checkout@v4	2026-09-04T18:03:12.6422091Z hint: to use in all of your new repositories, which will suppress this warning,
qlib-runtime (ubuntu-latest, 3.12)	Run actions/checkout@v4	2026-09-04T18:03:12.6422619Z hint: call:
qlib-runtime (ubuntu-latest, 3.12)	Run actions/checkout@v4	2026-09-04T18:03:12.6422859Z hint:
qlib-runtime (ubuntu-latest, 3.12)	Run actions/checkout@v4	2026-09-04T18:03:12.6423211Z hint: 	git config --global init.defaultBranch <name>
qlib-runtime (ubuntu-latest, 3.12)	Run actions/checkout@v4	2026-09-04T18:03:12.6423621Z hint:
qlib-runtime (ubuntu-latest, 3.12)	Run actions/checkout@v4	2026-09-04T18:03:12.6424015Z hint: Names commonly chosen instead of 'master' are 'main', 'trunk' and
qlib-runtime (ubuntu-latest, 3.12)	Run actions/checkout@v4	2026-09-04T18:03:12.6424659Z hint: 'development'. The just-created branch can be renamed via this command:
qlib-runtime (ubuntu-latest, 3.12)	Run actions/checkout@v4	2026-09-04T18:03:12.6425174Z hint:
qlib-runtime (ubuntu-latest, 3.12)	Run actions/checkout@v4	2026-09-04T18:03:12.6425432Z hint: 	git branch -m <name>
qlib-runtime (ubuntu-latest, 3.12)	Run actions/checkout@v4	2026-09-04T18:03:12.6425728Z hint:
qlib-runtime (ubuntu-latest, 3.12)	Run actions/checkout@v4	2026-09-04T18:03:12.6426141Z hint: Disable this message with "git config set advice.defaultBranchName false"
qlib-runtime (ubuntu-latest, 3.12)	Run actions/checkout@v4	2026-09-04T18:03:12.6426888Z Initialized empty Git repository in /home/runner/work/unified-quant/unified-quant/.git/
qlib-runtime (ubuntu-latest, 3.12)	Run actions/checkout@v4	2026-09-04T18:03:12.6435058Z [command]/usr/bin/git remote add origin https://github.com/ljheee/unified-quant
qlib-runtime (ubuntu-latest, 3.12)	Run actions/checkout@v4	2026-09-04T18:03:12.6543093Z ##[endgroup]
qlib-runtime (ubuntu-latest, 3.12)	Run actions/checkout@v4	2026-09-04T18:03:12.6543784Z ##[group]Disabling automatic garbage collection
qlib-runtime (ubuntu-latest, 3.12)	Run actions/checkout@v4	2026-09-04T18:03:12.6547919Z [command]/usr/bin/git config --local gc.auto 0
qlib-runtime (ubuntu-latest, 3.12)	Run actions/checkout@v4	2026-09-04T18:03:12.6573399Z ##[endgroup]
qlib-runtime (ubuntu-latest, 3.12)	Run actions/checkout@v4	2026-09-04T18:03:12.6573894Z ##[group]Setting up auth
qlib-runtime (ubuntu-latest, 3.12)	Run actions/checkout@v4	2026-09-04T18:03:12.6578925Z [command]/usr/bin/git config --local --name-only --get-regexp core\.sshCommand
qlib-runtime (ubuntu-latest, 3.12)	Run actions/checkout@v4	2026-09-04T18:03:12.6608617Z [command]/usr/bin/git submodule foreach --recursive sh -c "git config --local --name-only --get-regexp 'core\.sshCommand' && git config --local --unset-all 'core.sshCommand' || :"
qlib-runtime (ubuntu-latest, 3.12)	Run actions/checkout@v4	2026-09-04T18:03:12.6916700Z [command]/usr/bin/git config --local --name-only --get-regexp http\.https\:\/\/github\.com\/\.extraheader
qlib-runtime (ubuntu-latest, 3.12)	Run actions/checkout@v4	2026-09-04T18:03:12.6947627Z [command]/usr/bin/git submodule foreach --recursive sh -c "git config --local --name-only --get-regexp 'http\.https\:\/\/github\.com\/\.extraheader' && git config --local --unset-all 'http.https://github.com/.extraheader' || :"
qlib-runtime (ubuntu-latest, 3.12)	Run actions/checkout@v4	2026-09-04T18:03:12.7137214Z [command]/usr/bin/git config --local --name-only --get-regexp ^includeIf\.gitdir:
qlib-runtime (ubuntu-latest, 3.12)	Run actions/checkout@v4	2026-09-04T18:03:12.7166942Z [command]/usr/bin/git submodule foreach --recursive git config --local --show-origin --name-only --get-regexp remote.origin.url
qlib-runtime (ubuntu-latest, 3.12)	Run actions/checkout@v4	2026-09-04T18:03:12.7355758Z [command]/usr/bin/git config --local http.https://github.com/.extraheader AUTHORIZATION: basic ***
qlib-runtime (ubuntu-latest, 3.12)	Run actions/checkout@v4	2026-09-04T18:03:12.7387992Z ##[endgroup]
qlib-runtime (ubuntu-latest, 3.12)	Run actions/checkout@v4	2026-09-04T18:03:12.7388525Z ##[group]Fetching the repository
qlib-runtime (ubuntu-latest, 3.12)	Run actions/checkout@v4	2026-09-04T18:03:12.7395154Z [command]/usr/bin/git -c protocol.version=2 fetch --no-tags --prune --no-recurse-submodules --depth=1 origin +e631740c51abd6f10390fd9bfefd1c6540e5f2c5:refs/remotes/origin/main
qlib-runtime (ubuntu-latest, 3.12)	Run actions/checkout@v4	2026-09-04T18:03:13.1207086Z From https://github.com/ljheee/unified-quant
qlib-runtime (ubuntu-latest, 3.12)	Run actions/checkout@v4	2026-09-04T18:03:13.1207843Z  * [new ref]         e631740c51abd6f10390fd9bfefd1c6540e5f2c5 -> origin/main
qlib-runtime (ubuntu-latest, 3.12)	Run actions/checkout@v4	2026-09-04T18:03:13.1211491Z ##[endgroup]
qlib-runtime (ubuntu-latest, 3.12)	Run actions/checkout@v4	2026-09-04T18:03:13.1211832Z ##[group]Determining the checkout info
qlib-runtime (ubuntu-latest, 3.12)	Run actions/checkout@v4	2026-09-04T18:03:13.1213861Z ##[endgroup]
qlib-runtime (ubuntu-latest, 3.12)	Run actions/checkout@v4	2026-09-04T18:03:13.1218805Z [command]/usr/bin/git sparse-checkout disable
qlib-runtime (ubuntu-latest, 3.12)	Run actions/checkout@v4	2026-09-04T18:03:13.1263352Z [command]/usr/bin/git config --local --unset-all extensions.worktreeConfig
qlib-runtime (ubuntu-latest, 3.12)	Run actions/checkout@v4	2026-09-04T18:03:13.1290329Z ##[group]Checking out the ref
qlib-runtime (ubuntu-latest, 3.12)	Run actions/checkout@v4	2026-09-04T18:03:13.1293975Z [command]/usr/bin/git checkout --progress --force -B main refs/remotes/origin/main
qlib-runtime (ubuntu-latest, 3.12)	Run actions/checkout@v4	2026-09-04T18:03:13.1848124Z Switched to a new branch 'main'
qlib-runtime (ubuntu-latest, 3.12)	Run actions/checkout@v4	2026-09-04T18:03:13.1852540Z branch 'main' set up to track 'origin/main'.
qlib-runtime (ubuntu-latest, 3.12)	Run actions/checkout@v4	2026-09-04T18:03:13.1857768Z ##[endgroup]
qlib-runtime (ubuntu-latest, 3.12)	Run actions/checkout@v4	2026-09-04T18:03:13.1896542Z [command]/usr/bin/git log -1 --format=%H
qlib-runtime (ubuntu-latest, 3.12)	Run actions/checkout@v4	2026-09-04T18:03:13.1919747Z e631740c51abd6f10390fd9bfefd1c6540e5f2c5
qlib-runtime (ubuntu-latest, 3.12)	Run actions/setup-python@v5	﻿2026-09-04T18:03:13.2183984Z Node 20 is being deprecated. This workflow is running with Node 24 by default. If you need to temporarily use Node 20, you can set the ACTIONS_ALLOW_USE_UNSECURE_NODE_VERSION=true environment variable. For more information see: https://github.blog/changelog/2025-09-19-deprecation-of-node-20-on-github-actions-runners/
qlib-runtime (ubuntu-latest, 3.12)	Run actions/setup-python@v5	2026-09-04T18:03:13.2185317Z ##[group]Run actions/setup-python@v5
qlib-runtime (ubuntu-latest, 3.12)	Run actions/setup-python@v5	2026-09-04T18:03:13.2185534Z with:
qlib-runtime (ubuntu-latest, 3.12)	Run actions/setup-python@v5	2026-09-04T18:03:13.2185704Z   python-version: 3.12
qlib-runtime (ubuntu-latest, 3.12)	Run actions/setup-python@v5	2026-09-04T18:03:13.2185888Z   check-latest: false
qlib-runtime (ubuntu-latest, 3.12)	Run actions/setup-python@v5	2026-09-04T18:03:13.2188249Z   token: ***
qlib-runtime (ubuntu-latest, 3.12)	Run actions/setup-python@v5	2026-09-04T18:03:13.2188427Z   update-environment: true
qlib-runtime (ubuntu-latest, 3.12)	Run actions/setup-python@v5	2026-09-04T18:03:13.2188624Z   allow-prereleases: false
qlib-runtime (ubuntu-latest, 3.12)	Run actions/setup-python@v5	2026-09-04T18:03:13.2188807Z   freethreaded: false
qlib-runtime (ubuntu-latest, 3.12)	Run actions/setup-python@v5	2026-09-04T18:03:13.2188986Z env:
qlib-runtime (ubuntu-latest, 3.12)	Run actions/setup-python@v5	2026-09-04T18:03:13.2189143Z   UQ_GATE_EXTRAS: qlib
qlib-runtime (ubuntu-latest, 3.12)	Run actions/setup-python@v5	2026-09-04T18:03:13.2189317Z ##[endgroup]
qlib-runtime (ubuntu-latest, 3.12)	Run actions/setup-python@v5	2026-09-04T18:03:13.3239169Z ##[group]Installed versions
qlib-runtime (ubuntu-latest, 3.12)	Run actions/setup-python@v5	2026-09-04T18:03:13.3325831Z (node:2020) [DEP0040] DeprecationWarning: The `punycode` module is deprecated. Please use a userland alternative instead.
qlib-runtime (ubuntu-latest, 3.12)	Run actions/setup-python@v5	2026-09-04T18:03:13.3326680Z (Use `node --trace-deprecation ...` to show where the warning was created)
qlib-runtime (ubuntu-latest, 3.12)	Run actions/setup-python@v5	2026-09-04T18:03:13.3327199Z Successfully set up CPython (3.12.14)
qlib-runtime (ubuntu-latest, 3.12)	Run actions/setup-python@v5	2026-09-04T18:03:13.3327875Z ##[endgroup]
qlib-runtime (ubuntu-latest, 3.12)	Run astral-sh/setup-uv@v3	﻿2026-09-04T18:03:13.3515725Z Node 20 is being deprecated. This workflow is running with Node 24 by default. If you need to temporarily use Node 20, you can set the ACTIONS_ALLOW_USE_UNSECURE_NODE_VERSION=true environment variable. For more information see: https://github.blog/changelog/2025-09-19-deprecation-of-node-20-on-github-actions-runners/
qlib-runtime (ubuntu-latest, 3.12)	Run astral-sh/setup-uv@v3	2026-09-04T18:03:13.3517555Z ##[group]Run astral-sh/setup-uv@v3
qlib-runtime (ubuntu-latest, 3.12)	Run astral-sh/setup-uv@v3	2026-09-04T18:03:13.3517877Z with:
qlib-runtime (ubuntu-latest, 3.12)	Run astral-sh/setup-uv@v3	2026-09-04T18:03:13.3518133Z   version: latest
qlib-runtime (ubuntu-latest, 3.12)	Run astral-sh/setup-uv@v3	2026-09-04T18:03:13.3522092Z   github-token: ***
qlib-runtime (ubuntu-latest, 3.12)	Run astral-sh/setup-uv@v3	2026-09-04T18:03:13.3522366Z   enable-cache: false
qlib-runtime (ubuntu-latest, 3.12)	Run astral-sh/setup-uv@v3	2026-09-04T18:03:13.3522659Z   cache-dependency-glob: **/uv.lock
qlib-runtime (ubuntu-latest, 3.12)	Run astral-sh/setup-uv@v3	2026-09-04T18:03:13.3523002Z   prune-cache: true
qlib-runtime (ubuntu-latest, 3.12)	Run astral-sh/setup-uv@v3	2026-09-04T18:03:13.3523251Z env:
qlib-runtime (ubuntu-latest, 3.12)	Run astral-sh/setup-uv@v3	2026-09-04T18:03:13.3523483Z   UQ_GATE_EXTRAS: qlib
qlib-runtime (ubuntu-latest, 3.12)	Run astral-sh/setup-uv@v3	2026-09-04T18:03:13.3523838Z   pythonLocation: /opt/hostedtoolcache/Python/3.12.14/x64
qlib-runtime (ubuntu-latest, 3.12)	Run astral-sh/setup-uv@v3	2026-09-04T18:03:13.3524405Z   PKG_CONFIG_PATH: /opt/hostedtoolcache/Python/3.12.14/x64/lib/pkgconfig
qlib-runtime (ubuntu-latest, 3.12)	Run astral-sh/setup-uv@v3	2026-09-04T18:03:13.3524945Z   Python_ROOT_DIR: /opt/hostedtoolcache/Python/3.12.14/x64
qlib-runtime (ubuntu-latest, 3.12)	Run astral-sh/setup-uv@v3	2026-09-04T18:03:13.3525480Z   Python2_ROOT_DIR: /opt/hostedtoolcache/Python/3.12.14/x64
qlib-runtime (ubuntu-latest, 3.12)	Run astral-sh/setup-uv@v3	2026-09-04T18:03:13.3525953Z   Python3_ROOT_DIR: /opt/hostedtoolcache/Python/3.12.14/x64
qlib-runtime (ubuntu-latest, 3.12)	Run astral-sh/setup-uv@v3	2026-09-04T18:03:13.3526445Z   LD_LIBRARY_PATH: /opt/hostedtoolcache/Python/3.12.14/x64/lib
qlib-runtime (ubuntu-latest, 3.12)	Run astral-sh/setup-uv@v3	2026-09-04T18:03:13.3526852Z ##[endgroup]
qlib-runtime (ubuntu-latest, 3.12)	Run astral-sh/setup-uv@v3	2026-09-04T18:03:13.4735964Z Downloading uv from "https://github.com/astral-sh/uv/releases/latest/download/uv-x86_64-unknown-linux-gnu.tar.gz" ...
qlib-runtime (ubuntu-latest, 3.12)	Run astral-sh/setup-uv@v3	2026-09-04T18:03:13.4743609Z (node:2028) [DEP0040] DeprecationWarning: The `punycode` module is deprecated. Please use a userland alternative instead.
qlib-runtime (ubuntu-latest, 3.12)	Run astral-sh/setup-uv@v3	2026-09-04T18:03:13.4744316Z (Use `node --trace-deprecation ...` to show where the warning was created)
qlib-runtime (ubuntu-latest, 3.12)	Run astral-sh/setup-uv@v3	2026-09-04T18:03:13.7148274Z [command]/usr/bin/tar xz --warning=no-unknown-keyword --overwrite -C /home/runner/work/_temp/ff9c8cb8-7f68-42ed-9abf-1be50a115b52 -f /home/runner/work/_temp/03352535-bfb0-4e38-b395-ff9fc7499691
qlib-runtime (ubuntu-latest, 3.12)	Run astral-sh/setup-uv@v3	2026-09-04T18:03:14.2863296Z Added /opt/hostedtoolcache/uv/0.12.9/x86_64 to the path
qlib-runtime (ubuntu-latest, 3.12)	Run astral-sh/setup-uv@v3	2026-09-04T18:03:14.2864012Z Added /home/runner/.local/bin to the path
qlib-runtime (ubuntu-latest, 3.12)	Run astral-sh/setup-uv@v3	2026-09-04T18:03:14.2867925Z Successfully installed uv version 0.12.9
qlib-runtime (ubuntu-latest, 3.12)	Run astral-sh/setup-uv@v3	2026-09-04T18:03:14.2874852Z Set UV_CACHE_DIR to /home/runner/work/_temp/setup-uv-cache
qlib-runtime (ubuntu-latest, 3.12)	Run scripts/run_gate.sh	﻿2026-09-04T18:03:14.2985665Z ##[group]Run scripts/run_gate.sh
qlib-runtime (ubuntu-latest, 3.12)	Run scripts/run_gate.sh	2026-09-04T18:03:14.2985979Z ^[[36;1mscripts/run_gate.sh^[[0m
qlib-runtime (ubuntu-latest, 3.12)	Run scripts/run_gate.sh	2026-09-04T18:03:14.3027781Z shell: /usr/bin/bash -e {0}
qlib-runtime (ubuntu-latest, 3.12)	Run scripts/run_gate.sh	2026-09-04T18:03:14.3028189Z env:
qlib-runtime (ubuntu-latest, 3.12)	Run scripts/run_gate.sh	2026-09-04T18:03:14.3028358Z   UQ_GATE_EXTRAS: qlib
qlib-runtime (ubuntu-latest, 3.12)	Run scripts/run_gate.sh	2026-09-04T18:03:14.3028605Z   pythonLocation: /opt/hostedtoolcache/Python/3.12.14/x64
qlib-runtime (ubuntu-latest, 3.12)	Run scripts/run_gate.sh	2026-09-04T18:03:14.3028973Z   PKG_CONFIG_PATH: /opt/hostedtoolcache/Python/3.12.14/x64/lib/pkgconfig
qlib-runtime (ubuntu-latest, 3.12)	Run scripts/run_gate.sh	2026-09-04T18:03:14.3029311Z   Python_ROOT_DIR: /opt/hostedtoolcache/Python/3.12.14/x64
qlib-runtime (ubuntu-latest, 3.12)	Run scripts/run_gate.sh	2026-09-04T18:03:14.3029610Z   Python2_ROOT_DIR: /opt/hostedtoolcache/Python/3.12.14/x64
qlib-runtime (ubuntu-latest, 3.12)	Run scripts/run_gate.sh	2026-09-04T18:03:14.3029920Z   Python3_ROOT_DIR: /opt/hostedtoolcache/Python/3.12.14/x64
qlib-runtime (ubuntu-latest, 3.12)	Run scripts/run_gate.sh	2026-09-04T18:03:14.3030286Z   LD_LIBRARY_PATH: /opt/hostedtoolcache/Python/3.12.14/x64/lib
qlib-runtime (ubuntu-latest, 3.12)	Run scripts/run_gate.sh	2026-09-04T18:03:14.3030590Z   UV_CACHE_DIR: /home/runner/work/_temp/setup-uv-cache
qlib-runtime (ubuntu-latest, 3.12)	Run scripts/run_gate.sh	2026-09-04T18:03:14.3030827Z ##[endgroup]
qlib-runtime (ubuntu-latest, 3.12)	Run scripts/run_gate.sh	2026-09-04T18:03:14.5246143Z Using CPython 3.12.14 interpreter at: /opt/hostedtoolcache/Python/3.12.14/x64/bin/python3
qlib-runtime (ubuntu-latest, 3.12)	Run scripts/run_gate.sh	2026-09-04T18:03:14.5281449Z Resolved 214 packages in 0.52ms
qlib-runtime (ubuntu-latest, 3.12)	Run scripts/run_gate.sh	2026-09-04T18:03:14.5393207Z Using CPython 3.12.14 interpreter at: /opt/hostedtoolcache/Python/3.12.14/x64/bin/python3
qlib-runtime (ubuntu-latest, 3.12)	Run scripts/run_gate.sh	2026-09-04T18:03:14.5394072Z Creating virtual environment at: .venv
qlib-runtime (ubuntu-latest, 3.12)	Run scripts/run_gate.sh	2026-09-04T18:03:14.5433950Z Resolved 214 packages in 0.45ms
qlib-runtime (ubuntu-latest, 3.12)	Run scripts/run_gate.sh	2026-09-04T18:03:14.5692475Z    Building unified-quant @ file:///home/runner/work/unified-quant/unified-quant
qlib-runtime (ubuntu-latest, 3.12)	Run scripts/run_gate.sh	2026-09-04T18:03:14.6270733Z Downloading sqlalchemy (3.2MiB)
qlib-runtime (ubuntu-latest, 3.12)	Run scripts/run_gate.sh	2026-09-04T18:03:14.6488905Z Downloading scikit-learn (8.7MiB)
qlib-runtime (ubuntu-latest, 3.12)	Run scripts/run_gate.sh	2026-09-04T18:03:14.6489697Z Downloading jupyterlab (16.4MiB)
qlib-runtime (ubuntu-latest, 3.12)	Run scripts/run_gate.sh	2026-09-04T18:03:14.6490679Z Downloading pygments (1.2MiB)
qlib-runtime (ubuntu-latest, 3.12)	Run scripts/run_gate.sh	2026-09-04T18:03:14.6491681Z Downloading aiohttp (1.7MiB)
qlib-runtime (ubuntu-latest, 3.12)	Run scripts/run_gate.sh	2026-09-04T18:03:14.6492684Z Downloading numpy (15.9MiB)
qlib-runtime (ubuntu-latest, 3.12)	Run scripts/run_gate.sh	2026-09-04T18:03:14.6494579Z Downloading pandas (11.8MiB)
qlib-runtime (ubuntu-latest, 3.12)	Run scripts/run_gate.sh	2026-09-04T18:03:14.6495461Z Downloading debugpy (3.8MiB)
qlib-runtime (ubuntu-latest, 3.12)	Run scripts/run_gate.sh	2026-09-04T18:03:14.6496527Z Downloading lightgbm (3.3MiB)
qlib-runtime (ubuntu-latest, 3.12)	Run scripts/run_gate.sh	2026-09-04T18:03:14.6498777Z Downloading pillow (6.6MiB)
qlib-runtime (ubuntu-latest, 3.12)	Run scripts/run_gate.sh	2026-09-04T18:03:14.6502437Z Downloading mlflow-tracing (1.7MiB)
qlib-runtime (ubuntu-latest, 3.12)	Run scripts/run_gate.sh	2026-09-04T18:03:14.6503375Z Downloading babel (9.7MiB)
qlib-runtime (ubuntu-latest, 3.12)	Run scripts/run_gate.sh	2026-09-04T18:03:14.6504797Z Downloading pyarrow (47.8MiB)
qlib-runtime (ubuntu-latest, 3.12)	Run scripts/run_gate.sh	2026-09-04T18:03:14.6536612Z Downloading kiwisolver (1.4MiB)
qlib-runtime (ubuntu-latest, 3.12)	Run scripts/run_gate.sh	2026-09-04T18:03:14.6537853Z Downloading matplotlib (9.6MiB)
qlib-runtime (ubuntu-latest, 3.12)	Run scripts/run_gate.sh	2026-09-04T18:03:14.6539385Z Downloading fonttools (5.2MiB)
qlib-runtime (ubuntu-latest, 3.12)	Run scripts/run_gate.sh	2026-09-04T18:03:14.6540632Z Downloading notebook (5.3MiB)
qlib-runtime (ubuntu-latest, 3.12)	Run scripts/run_gate.sh	2026-09-04T18:03:14.6542035Z Downloading jedi (4.7MiB)
qlib-runtime (ubuntu-latest, 3.12)	Run scripts/run_gate.sh	2026-09-04T18:03:14.6543493Z Downloading widgetsnbextension (2.1MiB)
qlib-runtime (ubuntu-latest, 3.12)	Run scripts/run_gate.sh	2026-09-04T18:03:14.6544896Z Downloading pyqlib (1.4MiB)
qlib-runtime (ubuntu-latest, 3.12)	Run scripts/run_gate.sh	2026-09-04T18:03:14.6546277Z Downloading pydantic-core (2.0MiB)
qlib-runtime (ubuntu-latest, 3.12)	Run scripts/run_gate.sh	2026-09-04T18:03:14.6547526Z Downloading pymongo (1.7MiB)
qlib-runtime (ubuntu-latest, 3.12)	Run scripts/run_gate.sh	2026-09-04T18:03:14.6549023Z Downloading cvxpy (4.2MiB)
qlib-runtime (ubuntu-latest, 3.12)	Run scripts/run_gate.sh	2026-09-04T18:03:14.6550463Z Downloading scipy (33.7MiB)
qlib-runtime (ubuntu-latest, 3.12)	Run scripts/run_gate.sh	2026-09-04T18:03:14.6551456Z Downloading cryptography (4.5MiB)
qlib-runtime (ubuntu-latest, 3.12)	Run scripts/run_gate.sh	2026-09-04T18:03:14.6552880Z Downloading lxml (5.0MiB)
qlib-runtime (ubuntu-latest, 3.12)	Run scripts/run_gate.sh	2026-09-04T18:03:14.6555276Z Downloading mlflow (10.7MiB)
qlib-runtime (ubuntu-latest, 3.12)	Run scripts/run_gate.sh	2026-09-04T18:03:14.6556643Z Downloading databricks-sdk (1.1MiB)
qlib-runtime (ubuntu-latest, 3.12)	Run scripts/run_gate.sh	2026-09-04T18:03:14.6558169Z Downloading clarabel (1.1MiB)
qlib-runtime (ubuntu-latest, 3.12)	Run scripts/run_gate.sh	2026-09-04T18:03:14.6559565Z Downloading mlflow-skinny (3.5MiB)
qlib-runtime (ubuntu-latest, 3.12)	Run scripts/run_gate.sh	2026-09-04T18:03:14.6560935Z Downloading sparsediffpy (11.5MiB)
qlib-runtime (ubuntu-latest, 3.12)	Run scripts/run_gate.sh	2026-09-04T18:03:14.6562351Z Downloading py-mini-racer (5.2MiB)
qlib-runtime (ubuntu-latest, 3.12)	Run scripts/run_gate.sh	2026-09-04T18:03:14.6563824Z Downloading qdldl (1.4MiB)
qlib-runtime (ubuntu-latest, 3.12)	Run scripts/run_gate.sh	2026-09-04T18:03:14.6565244Z Downloading highspy (4.8MiB)
qlib-runtime (ubuntu-latest, 3.12)	Run scripts/run_gate.sh	2026-09-04T18:03:14.6566612Z Downloading scs (11.5MiB)
qlib-runtime (ubuntu-latest, 3.12)	Run scripts/run_gate.sh	2026-09-04T18:03:15.2275329Z  Downloaded databricks-sdk
qlib-runtime (ubuntu-latest, 3.12)	Run scripts/run_gate.sh	2026-09-04T18:03:15.2275668Z  Downloaded clarabel
qlib-runtime (ubuntu-latest, 3.12)	Run scripts/run_gate.sh	2026-09-04T18:03:15.2742074Z  Downloaded kiwisolver
qlib-runtime (ubuntu-latest, 3.12)	Run scripts/run_gate.sh	2026-09-04T18:03:15.2791585Z  Downloaded qdldl
qlib-runtime (ubuntu-latest, 3.12)	Run scripts/run_gate.sh	2026-09-04T18:03:15.3114275Z  Downloaded aiohttp
qlib-runtime (ubuntu-latest, 3.12)	Run scripts/run_gate.sh	2026-09-04T18:03:15.5434058Z  Downloaded pydantic-core
qlib-runtime (ubuntu-latest, 3.12)	Run scripts/run_gate.sh	2026-09-04T18:03:15.5447999Z  Downloaded widgetsnbextension
qlib-runtime (ubuntu-latest, 3.12)	Run scripts/run_gate.sh	2026-09-04T18:03:15.6939083Z  Downloaded pygments
qlib-runtime (ubuntu-latest, 3.12)	Run scripts/run_gate.sh	2026-09-04T18:03:15.7976327Z  Downloaded pyqlib
qlib-runtime (ubuntu-latest, 3.12)	Run scripts/run_gate.sh	2026-09-04T18:03:15.8636692Z  Downloaded pymongo
qlib-runtime (ubuntu-latest, 3.12)	Run scripts/run_gate.sh	2026-09-04T18:03:15.8853081Z  Downloaded mlflow-tracing
qlib-runtime (ubuntu-latest, 3.12)	Run scripts/run_gate.sh	2026-09-04T18:03:16.1929454Z  Downloaded lightgbm
qlib-runtime (ubuntu-latest, 3.12)	Run scripts/run_gate.sh	2026-09-04T18:03:16.1934068Z  Downloaded sqlalchemy
qlib-runtime (ubuntu-latest, 3.12)	Run scripts/run_gate.sh	2026-09-04T18:03:16.3805489Z  Downloaded debugpy
qlib-runtime (ubuntu-latest, 3.12)	Run scripts/run_gate.sh	2026-09-04T18:03:16.3954792Z  Downloaded mlflow-skinny
qlib-runtime (ubuntu-latest, 3.12)	Run scripts/run_gate.sh	2026-09-04T18:03:16.3967530Z  Downloaded cryptography
qlib-runtime (ubuntu-latest, 3.12)	Run scripts/run_gate.sh	2026-09-04T18:03:16.8306484Z  Downloaded highspy
qlib-runtime (ubuntu-latest, 3.12)	Run scripts/run_gate.sh	2026-09-04T18:03:16.8662971Z  Downloaded cvxpy
qlib-runtime (ubuntu-latest, 3.12)	Run scripts/run_gate.sh	2026-09-04T18:03:16.8682633Z  Downloaded lxml
qlib-runtime (ubuntu-latest, 3.12)	Run scripts/run_gate.sh	2026-09-04T18:03:16.8888548Z  Downloaded py-mini-racer
qlib-runtime (ubuntu-latest, 3.12)	Run scripts/run_gate.sh	2026-09-04T18:03:16.8893041Z  Downloaded fonttools
qlib-runtime (ubuntu-latest, 3.12)	Run scripts/run_gate.sh	2026-09-04T18:03:16.9218423Z  Downloaded notebook
qlib-runtime (ubuntu-latest, 3.12)	Run scripts/run_gate.sh	2026-09-04T18:03:17.0176856Z  Downloaded pillow
qlib-runtime (ubuntu-latest, 3.12)	Run scripts/run_gate.sh	2026-09-04T18:03:17.1875018Z  Downloaded scikit-learn
qlib-runtime (ubuntu-latest, 3.12)	Run scripts/run_gate.sh	2026-09-04T18:03:17.2102493Z  Downloaded babel
qlib-runtime (ubuntu-latest, 3.12)	Run scripts/run_gate.sh	2026-09-04T18:03:17.2328529Z  Downloaded matplotlib
qlib-runtime (ubuntu-latest, 3.12)	Run scripts/run_gate.sh	2026-09-04T18:03:17.2663799Z  Downloaded mlflow
qlib-runtime (ubuntu-latest, 3.12)	Run scripts/run_gate.sh	2026-09-04T18:03:17.2860384Z  Downloaded scs
qlib-runtime (ubuntu-latest, 3.12)	Run scripts/run_gate.sh	2026-09-04T18:03:17.3073071Z  Downloaded sparsediffpy
qlib-runtime (ubuntu-latest, 3.12)	Run scripts/run_gate.sh	2026-09-04T18:03:17.4905903Z  Downloaded numpy
qlib-runtime (ubuntu-latest, 3.12)	Run scripts/run_gate.sh	2026-09-04T18:03:17.9006219Z  Downloaded jupyterlab
qlib-runtime (ubuntu-latest, 3.12)	Run scripts/run_gate.sh	2026-09-04T18:03:17.9006670Z  Downloaded pandas
qlib-runtime (ubuntu-latest, 3.12)	Run scripts/run_gate.sh	2026-09-04T18:03:17.9484036Z    Building gym==0.26.2
qlib-runtime (ubuntu-latest, 3.12)	Run scripts/run_gate.sh	2026-09-04T18:03:17.9939089Z  Downloaded jedi
qlib-runtime (ubuntu-latest, 3.12)	Run scripts/run_gate.sh	2026-09-04T18:03:18.0508021Z  Downloaded pyarrow
qlib-runtime (ubuntu-latest, 3.12)	Run scripts/run_gate.sh	2026-09-04T18:03:18.1271237Z  Downloaded scipy
qlib-runtime (ubuntu-latest, 3.12)	Run scripts/run_gate.sh	2026-09-04T18:03:18.7390988Z       Built unified-quant @ file:///home/runner/work/unified-quant/unified-quant
qlib-runtime (ubuntu-latest, 3.12)	Run scripts/run_gate.sh	2026-09-04T18:03:18.7707629Z       Built gym==0.26.2
qlib-runtime (ubuntu-latest, 3.12)	Run scripts/run_gate.sh	2026-09-04T18:03:18.7897069Z Prepared 204 packages in 4.24s
qlib-runtime (ubuntu-latest, 3.12)	Run scripts/run_gate.sh	2026-09-04T18:03:21.6042877Z Installed 204 packages in 2.81s
qlib-runtime (ubuntu-latest, 3.12)	Run scripts/run_gate.sh	2026-09-04T18:03:21.6043867Z  + aiohappyeyeballs==2.7.1
qlib-runtime (ubuntu-latest, 3.12)	Run scripts/run_gate.sh	2026-09-04T18:03:21.6044169Z  + aiohttp==3.14.3
qlib-runtime (ubuntu-latest, 3.12)	Run scripts/run_gate.sh	2026-09-04T18:03:21.6044431Z  + aiosignal==1.4.0
qlib-runtime (ubuntu-latest, 3.12)	Run scripts/run_gate.sh	2026-09-04T18:03:21.6044816Z  + alembic==1.19.1
qlib-runtime (ubuntu-latest, 3.12)	Run scripts/run_gate.sh	2026-09-04T18:03:21.6045227Z  + annotated-doc==0.0.5
qlib-runtime (ubuntu-latest, 3.12)	Run scripts/run_gate.sh	2026-09-04T18:03:21.6045580Z  + annotated-types==0.8.0
qlib-runtime (ubuntu-latest, 3.12)	Run scripts/run_gate.sh	2026-09-04T18:03:21.6045882Z  + anyio==4.14.2
qlib-runtime (ubuntu-latest, 3.12)	Run scripts/run_gate.sh	2026-09-04T18:03:21.6046265Z  + argon2-cffi==25.1.0
qlib-runtime (ubuntu-latest, 3.12)	Run scripts/run_gate.sh	2026-09-04T18:03:21.6046662Z  + argon2-cffi-bindings==26.1.0
qlib-runtime (ubuntu-latest, 3.12)	Run scripts/run_gate.sh	2026-09-04T18:03:21.6047035Z  + arrow==1.4.0
qlib-runtime (ubuntu-latest, 3.12)	Run scripts/run_gate.sh	2026-09-04T18:03:21.6047536Z  + asttokens==3.0.2
qlib-runtime (ubuntu-latest, 3.12)	Run scripts/run_gate.sh	2026-09-04T18:03:21.6047886Z  + async-lru==2.3.0
qlib-runtime (ubuntu-latest, 3.12)	Run scripts/run_gate.sh	2026-09-04T18:03:21.6048239Z  + attrs==26.1.0
qlib-runtime (ubuntu-latest, 3.12)	Run scripts/run_gate.sh	2026-09-04T18:03:21.6048586Z  + babel==2.18.0
qlib-runtime (ubuntu-latest, 3.12)	Run scripts/run_gate.sh	2026-09-04T18:03:21.6048993Z  + beautifulsoup4==4.15.0
qlib-runtime (ubuntu-latest, 3.12)	Run scripts/run_gate.sh	2026-09-04T18:03:21.6049333Z  + bleach==6.4.0
qlib-runtime (ubuntu-latest, 3.12)	Run scripts/run_gate.sh	2026-09-04T18:03:21.6049697Z  + blinker==1.9.0
qlib-runtime (ubuntu-latest, 3.12)	Run scripts/run_gate.sh	2026-09-04T18:03:21.6050139Z  + bs4==0.0.2
qlib-runtime (ubuntu-latest, 3.12)	Run scripts/run_gate.sh	2026-09-04T18:03:21.6050470Z  + cachetools==7.1.8
qlib-runtime (ubuntu-latest, 3.12)	Run scripts/run_gate.sh	2026-09-04T18:03:21.6050845Z  + certifi==2026.7.22
qlib-runtime (ubuntu-latest, 3.12)	Run scripts/run_gate.sh	2026-09-04T18:03:21.6051200Z  + cffi==2.1.1
qlib-runtime (ubuntu-latest, 3.12)	Run scripts/run_gate.sh	2026-09-04T18:03:21.6051578Z  + charset-normalizer==3.5.1
qlib-runtime (ubuntu-latest, 3.12)	Run scripts/run_gate.sh	2026-09-04T18:03:21.6051979Z  + clarabel==0.11.1
qlib-runtime (ubuntu-latest, 3.12)	Run scripts/run_gate.sh	2026-09-04T18:03:21.6052321Z  + click==8.4.2
qlib-runtime (ubuntu-latest, 3.12)	Run scripts/run_gate.sh	2026-09-04T18:03:21.6052764Z  + cloudpickle==3.1.2
qlib-runtime (ubuntu-latest, 3.12)	Run scripts/run_gate.sh	2026-09-04T18:03:21.6053104Z  + comm==0.2.3
qlib-runtime (ubuntu-latest, 3.12)	Run scripts/run_gate.sh	2026-09-04T18:03:21.6053541Z  + contourpy==1.3.3
qlib-runtime (ubuntu-latest, 3.12)	Run scripts/run_gate.sh	2026-09-04T18:03:21.6053876Z  + cryptography==49.0.0
qlib-runtime (ubuntu-latest, 3.12)	Run scripts/run_gate.sh	2026-09-04T18:03:21.6054209Z  + cvxpy==1.9.2
qlib-runtime (ubuntu-latest, 3.12)	Run scripts/run_gate.sh	2026-09-04T18:03:21.6054562Z  + cycler==0.12.1
qlib-runtime (ubuntu-latest, 3.12)	Run scripts/run_gate.sh	2026-09-04T18:03:21.6054937Z  + databricks-sdk==0.133.0
qlib-runtime (ubuntu-latest, 3.12)	Run scripts/run_gate.sh	2026-09-04T18:03:21.6055274Z  + debugpy==1.8.21
qlib-runtime (ubuntu-latest, 3.12)	Run scripts/run_gate.sh	2026-09-04T18:03:21.6055717Z  + defusedxml==0.7.1
qlib-runtime (ubuntu-latest, 3.12)	Run scripts/run_gate.sh	2026-09-04T18:03:21.6056044Z  + dill==0.4.1
qlib-runtime (ubuntu-latest, 3.12)	Run scripts/run_gate.sh	2026-09-04T18:03:21.6056460Z  + dnspython==2.8.0
qlib-runtime (ubuntu-latest, 3.12)	Run scripts/run_gate.sh	2026-09-04T18:03:21.6056907Z  + docker==7.2.0
qlib-runtime (ubuntu-latest, 3.12)	Run scripts/run_gate.sh	2026-09-04T18:03:21.6057223Z  + executing==2.2.1
qlib-runtime (ubuntu-latest, 3.12)	Run scripts/run_gate.sh	2026-09-04T18:03:21.6057673Z  + fastapi==0.141.1
qlib-runtime (ubuntu-latest, 3.12)	Run scripts/run_gate.sh	2026-09-04T18:03:21.6058117Z  + fastjsonschema==2.22.2
qlib-runtime (ubuntu-latest, 3.12)	Run scripts/run_gate.sh	2026-09-04T18:03:21.6058424Z  + filelock==3.32.5
qlib-runtime (ubuntu-latest, 3.12)	Run scripts/run_gate.sh	2026-09-04T18:03:21.6058803Z  + fire==0.7.1
qlib-runtime (ubuntu-latest, 3.12)	Run scripts/run_gate.sh	2026-09-04T18:03:21.6059229Z  + flask==3.1.3
qlib-runtime (ubuntu-latest, 3.12)	Run scripts/run_gate.sh	2026-09-04T18:03:21.6059570Z  + flask-cors==6.0.5
qlib-runtime (ubuntu-latest, 3.12)	Run scripts/run_gate.sh	2026-09-04T18:03:21.6059949Z  + fonttools==4.64.0
qlib-runtime (ubuntu-latest, 3.12)	Run scripts/run_gate.sh	2026-09-04T18:03:21.6060339Z  + fqdn==1.5.1
qlib-runtime (ubuntu-latest, 3.12)	Run scripts/run_gate.sh	2026-09-04T18:03:21.6060736Z  + frozenlist==1.8.0
qlib-runtime (ubuntu-latest, 3.12)	Run scripts/run_gate.sh	2026-09-04T18:03:21.6061043Z  + gitdb==4.0.12
qlib-runtime (ubuntu-latest, 3.12)	Run scripts/run_gate.sh	2026-09-04T18:03:21.6061506Z  + gitpython==3.1.61
qlib-runtime (ubuntu-latest, 3.12)	Run scripts/run_gate.sh	2026-09-04T18:03:21.6061830Z  + google-auth==2.57.0
qlib-runtime (ubuntu-latest, 3.12)	Run scripts/run_gate.sh	2026-09-04T18:03:21.6062189Z  + graphene==3.4.3
qlib-runtime (ubuntu-latest, 3.12)	Run scripts/run_gate.sh	2026-09-04T18:03:21.6062636Z  + graphql-core==3.2.12
qlib-runtime (ubuntu-latest, 3.12)	Run scripts/run_gate.sh	2026-09-04T18:03:21.6062978Z  + graphql-relay==3.2.0
qlib-runtime (ubuntu-latest, 3.12)	Run scripts/run_gate.sh	2026-09-04T18:03:21.6063531Z  + greenlet==3.5.5
qlib-runtime (ubuntu-latest, 3.12)	Run scripts/run_gate.sh	2026-09-04T18:03:21.6063764Z  + gunicorn==26.2.0
qlib-runtime (ubuntu-latest, 3.12)	Run scripts/run_gate.sh	2026-09-04T18:03:21.6064045Z  + gym==0.26.2
qlib-runtime (ubuntu-latest, 3.12)	Run scripts/run_gate.sh	2026-09-04T18:03:21.6064530Z  + gym-notices==0.1.0
qlib-runtime (ubuntu-latest, 3.12)	Run scripts/run_gate.sh	2026-09-04T18:03:21.6064886Z  + h11==0.16.0
qlib-runtime (ubuntu-latest, 3.12)	Run scripts/run_gate.sh	2026-09-04T18:03:21.6065267Z  + highspy==1.15.1
qlib-runtime (ubuntu-latest, 3.12)	Run scripts/run_gate.sh	2026-09-04T18:03:21.6065684Z  + httpcore==1.0.9
qlib-runtime (ubuntu-latest, 3.12)	Run scripts/run_gate.sh	2026-09-04T18:03:21.6066017Z  + httpx==0.25.2
qlib-runtime (ubuntu-latest, 3.12)	Run scripts/run_gate.sh	2026-09-04T18:03:21.6066392Z  + huey==3.3.4
qlib-runtime (ubuntu-latest, 3.12)	Run scripts/run_gate.sh	2026-09-04T18:03:21.6066715Z  + idna==3.19
qlib-runtime (ubuntu-latest, 3.12)	Run scripts/run_gate.sh	2026-09-04T18:03:21.6067081Z  + importlib-metadata==9.0.1
qlib-runtime (ubuntu-latest, 3.12)	Run scripts/run_gate.sh	2026-09-04T18:03:21.6067533Z  + iniconfig==2.3.0
qlib-runtime (ubuntu-latest, 3.12)	Run scripts/run_gate.sh	2026-09-04T18:03:21.6067992Z  + ipykernel==7.3.0
qlib-runtime (ubuntu-latest, 3.12)	Run scripts/run_gate.sh	2026-09-04T18:03:21.6068270Z  + ipython==9.17.0
qlib-runtime (ubuntu-latest, 3.12)	Run scripts/run_gate.sh	2026-09-04T18:03:21.6068555Z  + ipython-pygments-lexers==1.1.1
qlib-runtime (ubuntu-latest, 3.12)	Run scripts/run_gate.sh	2026-09-04T18:03:21.6068878Z  + ipywidgets==8.1.9
qlib-runtime (ubuntu-latest, 3.12)	Run scripts/run_gate.sh	2026-09-04T18:03:21.6069272Z  + isoduration==20.11.0
qlib-runtime (ubuntu-latest, 3.12)	Run scripts/run_gate.sh	2026-09-04T18:03:21.6069612Z  + itsdangerous==2.2.0
qlib-runtime (ubuntu-latest, 3.12)	Run scripts/run_gate.sh	2026-09-04T18:03:21.6069940Z  + jedi==0.20.0
qlib-runtime (ubuntu-latest, 3.12)	Run scripts/run_gate.sh	2026-09-04T18:03:21.6070379Z  + jinja2==3.1.6
qlib-runtime (ubuntu-latest, 3.12)	Run scripts/run_gate.sh	2026-09-04T18:03:21.6070714Z  + joblib==1.5.3
qlib-runtime (ubuntu-latest, 3.12)	Run scripts/run_gate.sh	2026-09-04T18:03:21.6071080Z  + json5==0.15.0
qlib-runtime (ubuntu-latest, 3.12)	Run scripts/run_gate.sh	2026-09-04T18:03:21.6071473Z  + jsonpointer==3.1.1
qlib-runtime (ubuntu-latest, 3.12)	Run scripts/run_gate.sh	2026-09-04T18:03:21.6071815Z  + jsonschema==4.26.0
qlib-runtime (ubuntu-latest, 3.12)	Run scripts/run_gate.sh	2026-09-04T18:03:21.6072283Z  + jsonschema-specifications==2025.9.1
qlib-runtime (ubuntu-latest, 3.12)	Run scripts/run_gate.sh	2026-09-04T18:03:21.6072610Z  + jupyter==1.1.1
qlib-runtime (ubuntu-latest, 3.12)	Run scripts/run_gate.sh	2026-09-04T18:03:21.6072959Z  + jupyter-builder==1.2.2
qlib-runtime (ubuntu-latest, 3.12)	Run scripts/run_gate.sh	2026-09-04T18:03:21.6073406Z  + jupyter-client==8.10.0
qlib-runtime (ubuntu-latest, 3.12)	Run scripts/run_gate.sh	2026-09-04T18:03:21.6073711Z  + jupyter-console==6.6.3
qlib-runtime (ubuntu-latest, 3.12)	Run scripts/run_gate.sh	2026-09-04T18:03:21.6074122Z  + jupyter-core==5.9.1
qlib-runtime (ubuntu-latest, 3.12)	Run scripts/run_gate.sh	2026-09-04T18:03:21.6074478Z  + jupyter-events==0.12.1
qlib-runtime (ubuntu-latest, 3.12)	Run scripts/run_gate.sh	2026-09-04T18:03:21.6074853Z  + jupyter-lsp==2.3.1
qlib-runtime (ubuntu-latest, 3.12)	Run scripts/run_gate.sh	2026-09-04T18:03:21.6075318Z  + jupyter-server==2.21.0
qlib-runtime (ubuntu-latest, 3.12)	Run scripts/run_gate.sh	2026-09-04T18:03:21.6075683Z  + jupyter-server-terminals==0.5.4
qlib-runtime (ubuntu-latest, 3.12)	Run scripts/run_gate.sh	2026-09-04T18:03:21.6076031Z  + jupyterlab==4.6.3
qlib-runtime (ubuntu-latest, 3.12)	Run scripts/run_gate.sh	2026-09-04T18:03:21.6076462Z  + jupyterlab-pygments==0.3.0
qlib-runtime (ubuntu-latest, 3.12)	Run scripts/run_gate.sh	2026-09-04T18:03:21.6076833Z  + jupyterlab-server==2.28.0
qlib-runtime (ubuntu-latest, 3.12)	Run scripts/run_gate.sh	2026-09-04T18:03:21.6077189Z  + jupyterlab-widgets==3.0.17
qlib-runtime (ubuntu-latest, 3.12)	Run scripts/run_gate.sh	2026-09-04T18:03:21.6077653Z  + kiwisolver==1.5.1
qlib-runtime (ubuntu-latest, 3.12)	Run scripts/run_gate.sh	2026-09-04T18:03:21.6078096Z  + lark==1.3.1
qlib-runtime (ubuntu-latest, 3.12)	Run scripts/run_gate.sh	2026-09-04T18:03:21.6078418Z  + lightgbm==4.7.0
qlib-runtime (ubuntu-latest, 3.12)	Run scripts/run_gate.sh	2026-09-04T18:03:21.6078838Z  + loguru==0.7.3
qlib-runtime (ubuntu-latest, 3.12)	Run scripts/run_gate.sh	2026-09-04T18:03:21.6079158Z  + lxml==6.1.2
qlib-runtime (ubuntu-latest, 3.12)	Run scripts/run_gate.sh	2026-09-04T18:03:21.6079583Z  + mako==1.4.1
qlib-runtime (ubuntu-latest, 3.12)	Run scripts/run_gate.sh	2026-09-04T18:03:21.6079932Z  + markupsafe==3.0.3
qlib-runtime (ubuntu-latest, 3.12)	Run scripts/run_gate.sh	2026-09-04T18:03:21.6080396Z  + matplotlib==3.11.1
qlib-runtime (ubuntu-latest, 3.12)	Run scripts/run_gate.sh	2026-09-04T18:03:21.6080814Z  + matplotlib-inline==0.2.2
qlib-runtime (ubuntu-latest, 3.12)	Run scripts/run_gate.sh	2026-09-04T18:03:21.6081208Z  + mistune==3.3.4
qlib-runtime (ubuntu-latest, 3.12)	Run scripts/run_gate.sh	2026-09-04T18:03:21.6081767Z  + mlflow==3.15.2
qlib-runtime (ubuntu-latest, 3.12)	Run scripts/run_gate.sh	2026-09-04T18:03:21.6082278Z  + mlflow-skinny==3.15.2
qlib-runtime (ubuntu-latest, 3.12)	Run scripts/run_gate.sh	2026-09-04T18:03:21.6082705Z  + mlflow-tracing==3.15.2
qlib-runtime (ubuntu-latest, 3.12)	Run scripts/run_gate.sh	2026-09-04T18:03:21.6083204Z  + mootdx==0.11.7
qlib-runtime (ubuntu-latest, 3.12)	Run scripts/run_gate.sh	2026-09-04T18:03:21.6083759Z  + multidict==6.7.1
qlib-runtime (ubuntu-latest, 3.12)	Run scripts/run_gate.sh	2026-09-04T18:03:21.6084245Z  + narwhals==2.25.0
qlib-runtime (ubuntu-latest, 3.12)	Run scripts/run_gate.sh	2026-09-04T18:03:21.6084662Z  + nbclient==0.11.0
qlib-runtime (ubuntu-latest, 3.12)	Run scripts/run_gate.sh	2026-09-04T18:03:21.6085167Z  + nbconvert==7.17.1
qlib-runtime (ubuntu-latest, 3.12)	Run scripts/run_gate.sh	2026-09-04T18:03:21.6085670Z  + nbformat==5.11.1
qlib-runtime (ubuntu-latest, 3.12)	Run scripts/run_gate.sh	2026-09-04T18:03:21.6086087Z  + nest-asyncio2==1.7.2
qlib-runtime (ubuntu-latest, 3.12)	Run scripts/run_gate.sh	2026-09-04T18:03:21.6086572Z  + notebook==7.6.2
qlib-runtime (ubuntu-latest, 3.12)	Run scripts/run_gate.sh	2026-09-04T18:03:21.6087066Z  + notebook-shim==0.2.4
qlib-runtime (ubuntu-latest, 3.12)	Run scripts/run_gate.sh	2026-09-04T18:03:21.6087731Z  + numpy==2.5.2
qlib-runtime (ubuntu-latest, 3.12)	Run scripts/run_gate.sh	2026-09-04T18:03:21.6088173Z  + opentelemetry-api==1.44.0
qlib-runtime (ubuntu-latest, 3.12)	Run scripts/run_gate.sh	2026-09-04T18:03:21.6088675Z  + opentelemetry-proto==1.44.0
qlib-runtime (ubuntu-latest, 3.12)	Run scripts/run_gate.sh	2026-09-04T18:03:21.6089172Z  + opentelemetry-sdk==1.44.0
qlib-runtime (ubuntu-latest, 3.12)	Run scripts/run_gate.sh	2026-09-04T18:03:21.6089778Z  + opentelemetry-semantic-conventions==0.65b0
qlib-runtime (ubuntu-latest, 3.12)	Run scripts/run_gate.sh	2026-09-04T18:03:21.6090259Z  + osqp==1.1.3
qlib-runtime (ubuntu-latest, 3.12)	Run scripts/run_gate.sh	2026-09-04T18:03:21.6090751Z  + packaging==26.3
qlib-runtime (ubuntu-latest, 3.12)	Run scripts/run_gate.sh	2026-09-04T18:03:21.6091166Z  + pandas==2.3.3
qlib-runtime (ubuntu-latest, 3.12)	Run scripts/run_gate.sh	2026-09-04T18:03:21.6091595Z  + pandocfilters==1.5.1
qlib-runtime (ubuntu-latest, 3.12)	Run scripts/run_gate.sh	2026-09-04T18:03:21.6092133Z  + parso==0.8.7
qlib-runtime (ubuntu-latest, 3.12)	Run scripts/run_gate.sh	2026-09-04T18:03:21.6092553Z  + pexpect==4.9.0
qlib-runtime (ubuntu-latest, 3.12)	Run scripts/run_gate.sh	2026-09-04T18:03:21.6093054Z  + pillow==12.3.0
qlib-runtime (ubuntu-latest, 3.12)	Run scripts/run_gate.sh	2026-09-04T18:03:21.6093510Z  + platformdirs==4.11.5
qlib-runtime (ubuntu-latest, 3.12)	Run scripts/run_gate.sh	2026-09-04T18:03:21.6093921Z  + pluggy==1.6.0
qlib-runtime (ubuntu-latest, 3.12)	Run scripts/run_gate.sh	2026-09-04T18:03:21.6094422Z  + prettytable==3.18.0
qlib-runtime (ubuntu-latest, 3.12)	Run scripts/run_gate.sh	2026-09-04T18:03:21.6094928Z  + prometheus-client==0.26.0
qlib-runtime (ubuntu-latest, 3.12)	Run scripts/run_gate.sh	2026-09-04T18:03:21.6095494Z  + prompt-toolkit==3.0.53
qlib-runtime (ubuntu-latest, 3.12)	Run scripts/run_gate.sh	2026-09-04T18:03:21.6095910Z  + propcache==0.5.2
qlib-runtime (ubuntu-latest, 3.12)	Run scripts/run_gate.sh	2026-09-04T18:03:21.6099250Z  + protobuf==6.33.6
qlib-runtime (ubuntu-latest, 3.12)	Run scripts/run_gate.sh	2026-09-04T18:03:21.6101263Z  + psutil==7.2.2
qlib-runtime (ubuntu-latest, 3.12)	Run scripts/run_gate.sh	2026-09-04T18:03:21.6101687Z  + ptyprocess==0.7.0
qlib-runtime (ubuntu-latest, 3.12)	Run scripts/run_gate.sh	2026-09-04T18:03:21.6101945Z  + pure-eval==0.2.3
qlib-runtime (ubuntu-latest, 3.12)	Run scripts/run_gate.sh	2026-09-04T18:03:21.6102200Z  + py-mini-racer==0.6.0
qlib-runtime (ubuntu-latest, 3.12)	Run scripts/run_gate.sh	2026-09-04T18:03:21.6102582Z  + pyarrow==25.0.1
qlib-runtime (ubuntu-latest, 3.12)	Run scripts/run_gate.sh	2026-09-04T18:03:21.6102819Z  + pyasn1==0.6.4
qlib-runtime (ubuntu-latest, 3.12)	Run scripts/run_gate.sh	2026-09-04T18:03:21.6103062Z  + pyasn1-modules==0.4.2
qlib-runtime (ubuntu-latest, 3.12)	Run scripts/run_gate.sh	2026-09-04T18:03:21.6103330Z  + pycparser==3.0
qlib-runtime (ubuntu-latest, 3.12)	Run scripts/run_gate.sh	2026-09-04T18:03:21.6103575Z  + pydantic==2.13.5
qlib-runtime (ubuntu-latest, 3.12)	Run scripts/run_gate.sh	2026-09-04T18:03:21.6103837Z  + pydantic-core==2.46.5
qlib-runtime (ubuntu-latest, 3.12)	Run scripts/run_gate.sh	2026-09-04T18:03:21.6104123Z  + pydantic-settings==2.15.0
qlib-runtime (ubuntu-latest, 3.12)	Run scripts/run_gate.sh	2026-09-04T18:03:21.6104410Z  + pygments==2.21.0
qlib-runtime (ubuntu-latest, 3.12)	Run scripts/run_gate.sh	2026-09-04T18:03:21.6104646Z  + pymongo==4.17.0
qlib-runtime (ubuntu-latest, 3.12)	Run scripts/run_gate.sh	2026-09-04T18:03:21.6104884Z  + pyparsing==3.3.2
qlib-runtime (ubuntu-latest, 3.12)	Run scripts/run_gate.sh	2026-09-04T18:03:21.6105129Z  + pyqlib==0.9.7
qlib-runtime (ubuntu-latest, 3.12)	Run scripts/run_gate.sh	2026-09-04T18:03:21.6105358Z  + pytest==9.1.1
qlib-runtime (ubuntu-latest, 3.12)	Run scripts/run_gate.sh	2026-09-04T18:03:21.6105619Z  + python-dateutil==2.9.0.post0
qlib-runtime (ubuntu-latest, 3.12)	Run scripts/run_gate.sh	2026-09-04T18:03:21.6105925Z  + python-dotenv==1.2.3
qlib-runtime (ubuntu-latest, 3.12)	Run scripts/run_gate.sh	2026-09-04T18:03:21.6106213Z  + python-json-logger==4.2.0
qlib-runtime (ubuntu-latest, 3.12)	Run scripts/run_gate.sh	2026-09-04T18:03:21.6106512Z  + python-redis-lock==4.0.1
qlib-runtime (ubuntu-latest, 3.12)	Run scripts/run_gate.sh	2026-09-04T18:03:21.6106791Z  + pytz==2026.3.post1
qlib-runtime (ubuntu-latest, 3.12)	Run scripts/run_gate.sh	2026-09-04T18:03:21.6107059Z  + pyyaml==6.0.3
qlib-runtime (ubuntu-latest, 3.12)	Run scripts/run_gate.sh	2026-09-04T18:03:21.6107286Z  + pyzmq==27.2.0
qlib-runtime (ubuntu-latest, 3.12)	Run scripts/run_gate.sh	2026-09-04T18:03:21.6107694Z  + qdldl==0.1.9.post1
qlib-runtime (ubuntu-latest, 3.12)	Run scripts/run_gate.sh	2026-09-04T18:03:21.6107943Z  + redis==8.1.0
qlib-runtime (ubuntu-latest, 3.12)	Run scripts/run_gate.sh	2026-09-04T18:03:21.6108199Z  + referencing==0.37.0
qlib-runtime (ubuntu-latest, 3.12)	Run scripts/run_gate.sh	2026-09-04T18:03:21.6108462Z  + requests==2.34.2
qlib-runtime (ubuntu-latest, 3.12)	Run scripts/run_gate.sh	2026-09-04T18:03:21.6108728Z  + rfc3339-validator==0.1.4
qlib-runtime (ubuntu-latest, 3.12)	Run scripts/run_gate.sh	2026-09-04T18:03:21.6109012Z  + rfc3986-validator==0.1.1
qlib-runtime (ubuntu-latest, 3.12)	Run scripts/run_gate.sh	2026-09-04T18:03:21.6109289Z  + rfc3987-syntax==1.1.0
qlib-runtime (ubuntu-latest, 3.12)	Run scripts/run_gate.sh	2026-09-04T18:03:21.6109560Z  + rpds-py==2026.6.3
qlib-runtime (ubuntu-latest, 3.12)	Run scripts/run_gate.sh	2026-09-04T18:03:21.6109815Z  + ruamel-yaml==0.19.1
qlib-runtime (ubuntu-latest, 3.12)	Run scripts/run_gate.sh	2026-09-04T18:03:21.6110076Z  + scikit-learn==1.9.0
qlib-runtime (ubuntu-latest, 3.12)	Run scripts/run_gate.sh	2026-09-04T18:03:21.6110330Z  + scipy==1.18.1
qlib-runtime (ubuntu-latest, 3.12)	Run scripts/run_gate.sh	2026-09-04T18:03:21.6110576Z  + scs==3.2.11
qlib-runtime (ubuntu-latest, 3.12)	Run scripts/run_gate.sh	2026-09-04T18:03:21.6110824Z  + send2trash==2.1.0
qlib-runtime (ubuntu-latest, 3.12)	Run scripts/run_gate.sh	2026-09-04T18:03:21.6111077Z  + setuptools==84.0.0
qlib-runtime (ubuntu-latest, 3.12)	Run scripts/run_gate.sh	2026-09-04T18:03:21.6111334Z  + simplejson==4.1.1
qlib-runtime (ubuntu-latest, 3.12)	Run scripts/run_gate.sh	2026-09-04T18:03:21.6111579Z  + six==1.17.0
qlib-runtime (ubuntu-latest, 3.12)	Run scripts/run_gate.sh	2026-09-04T18:03:21.6111801Z  + skops==0.14.0
qlib-runtime (ubuntu-latest, 3.12)	Run scripts/run_gate.sh	2026-09-04T18:03:21.6112035Z  + smmap==5.0.3
qlib-runtime (ubuntu-latest, 3.12)	Run scripts/run_gate.sh	2026-09-04T18:03:21.6112270Z  + sniffio==1.3.1
qlib-runtime (ubuntu-latest, 3.12)	Run scripts/run_gate.sh	2026-09-04T18:03:21.6112511Z  + soupsieve==2.9.2
qlib-runtime (ubuntu-latest, 3.12)	Run scripts/run_gate.sh	2026-09-04T18:03:21.6112759Z  + sparsediffpy==0.3.0
qlib-runtime (ubuntu-latest, 3.12)	Run scripts/run_gate.sh	2026-09-04T18:03:21.6113020Z  + sqlalchemy==2.0.52
qlib-runtime (ubuntu-latest, 3.12)	Run scripts/run_gate.sh	2026-09-04T18:03:21.6113278Z  + sqlparse==0.6.0
qlib-runtime (ubuntu-latest, 3.12)	Run scripts/run_gate.sh	2026-09-04T18:03:21.6113520Z  + stack-data==0.6.3
qlib-runtime (ubuntu-latest, 3.12)	Run scripts/run_gate.sh	2026-09-04T18:03:21.6130463Z  + starlette==1.6.0
qlib-runtime (ubuntu-latest, 3.12)	Run scripts/run_gate.sh	2026-09-04T18:03:21.6130741Z  + tdxpy==0.2.7
qlib-runtime (ubuntu-latest, 3.12)	Run scripts/run_gate.sh	2026-09-04T18:03:21.6130974Z  + tenacity==8.5.0
qlib-runtime (ubuntu-latest, 3.12)	Run scripts/run_gate.sh	2026-09-04T18:03:21.6131209Z  + termcolor==3.3.0
qlib-runtime (ubuntu-latest, 3.12)	Run scripts/run_gate.sh	2026-09-04T18:03:21.6131459Z  + terminado==0.18.1
qlib-runtime (ubuntu-latest, 3.12)	Run scripts/run_gate.sh	2026-09-04T18:03:21.6131736Z  + threadpoolctl==3.6.0
qlib-runtime (ubuntu-latest, 3.12)	Run scripts/run_gate.sh	2026-09-04T18:03:21.6132020Z  + tinycss2==1.5.1
qlib-runtime (ubuntu-latest, 3.12)	Run scripts/run_gate.sh	2026-09-04T18:03:21.6132274Z  + tornado==6.5.8
qlib-runtime (ubuntu-latest, 3.12)	Run scripts/run_gate.sh	2026-09-04T18:03:21.6132519Z  + tqdm==4.70.0
qlib-runtime (ubuntu-latest, 3.12)	Run scripts/run_gate.sh	2026-09-04T18:03:21.6132765Z  + traitlets==5.16.1
qlib-runtime (ubuntu-latest, 3.12)	Run scripts/run_gate.sh	2026-09-04T18:03:21.6133050Z  + tushare==1.4.29
qlib-runtime (ubuntu-latest, 3.12)	Run scripts/run_gate.sh	2026-09-04T18:03:21.6133319Z  + typing-extensions==4.16.0
qlib-runtime (ubuntu-latest, 3.12)	Run scripts/run_gate.sh	2026-09-04T18:03:21.6133626Z  + typing-inspection==0.4.4
qlib-runtime (ubuntu-latest, 3.12)	Run scripts/run_gate.sh	2026-09-04T18:03:21.6133909Z  + tzdata==2026.3
qlib-runtime (ubuntu-latest, 3.12)	Run scripts/run_gate.sh	2026-09-04T18:03:21.6134349Z  + unified-quant==0.1.0 (from file:///home/runner/work/unified-quant/unified-quant)
qlib-runtime (ubuntu-latest, 3.12)	Run scripts/run_gate.sh	2026-09-04T18:03:21.6134875Z  + uri-template==1.3.0
qlib-runtime (ubuntu-latest, 3.12)	Run scripts/run_gate.sh	2026-09-04T18:03:21.6135141Z  + urllib3==2.7.0
qlib-runtime (ubuntu-latest, 3.12)	Run scripts/run_gate.sh	2026-09-04T18:03:21.6135379Z  + uvicorn==0.52.4
qlib-runtime (ubuntu-latest, 3.12)	Run scripts/run_gate.sh	2026-09-04T18:03:21.6135615Z  + wcwidth==0.8.2
qlib-runtime (ubuntu-latest, 3.12)	Run scripts/run_gate.sh	2026-09-04T18:03:21.6135855Z  + webcolors==25.10.0
qlib-runtime (ubuntu-latest, 3.12)	Run scripts/run_gate.sh	2026-09-04T18:03:21.6136110Z  + webencodings==0.6.1
qlib-runtime (ubuntu-latest, 3.12)	Run scripts/run_gate.sh	2026-09-04T18:03:21.6136361Z  + websocket-client==1.9.0
qlib-runtime (ubuntu-latest, 3.12)	Run scripts/run_gate.sh	2026-09-04T18:03:21.6136550Z  + werkzeug==3.1.8
qlib-runtime (ubuntu-latest, 3.12)	Run scripts/run_gate.sh	2026-09-04T18:03:21.6136726Z  + widgetsnbextension==4.0.16
qlib-runtime (ubuntu-latest, 3.12)	Run scripts/run_gate.sh	2026-09-04T18:03:21.6136913Z  + yarl==1.24.5
qlib-runtime (ubuntu-latest, 3.12)	Run scripts/run_gate.sh	2026-09-04T18:03:21.6137073Z  + zipp==4.1.0
qlib-runtime (ubuntu-latest, 3.12)	Run scripts/run_gate.sh	2026-09-04T18:03:30.2865414Z ........................................................................ [ 17%]
qlib-runtime (ubuntu-latest, 3.12)	Run scripts/run_gate.sh	2026-09-04T18:03:32.5237195Z ........................................................................ [ 34%]
qlib-runtime (ubuntu-latest, 3.12)	Run scripts/run_gate.sh	2026-09-04T18:03:41.5912913Z ........................................................................ [ 51%]
qlib-runtime (ubuntu-latest, 3.12)	Run scripts/run_gate.sh	2026-09-04T18:04:07.8791284Z ........................................................................ [ 68%]
qlib-runtime (ubuntu-latest, 3.12)	Run scripts/run_gate.sh	2026-09-04T18:04:17.4678732Z ........................................................................ [ 86%]
qlib-runtime (ubuntu-latest, 3.12)	Run scripts/run_gate.sh	2026-09-04T18:04:19.5078697Z ..........................................................               [100%]
qlib-runtime (ubuntu-latest, 3.12)	Run scripts/run_gate.sh	2026-09-04T18:04:19.5079679Z =============================== warnings summary ===============================
qlib-runtime (ubuntu-latest, 3.12)	Run scripts/run_gate.sh	2026-09-04T18:04:19.5080102Z .venv/lib/python3.12/site-packages/qlib/constant.py:19
qlib-runtime (ubuntu-latest, 3.12)	Run scripts/run_gate.sh	2026-09-04T18:04:19.5081627Z   /home/runner/work/unified-quant/unified-quant/.venv/lib/python3.12/site-packages/qlib/constant.py:19: DeprecationWarning: The 'generic' unit for NumPy timedelta is deprecated, and will raise an error in the future. This includes implicit conversion of bare integers (e.g. `+ 1`).Please use a specific unit instead.
qlib-runtime (ubuntu-latest, 3.12)	Run scripts/run_gate.sh	2026-09-04T18:04:19.5083022Z     ONE_DAY = pd.Timedelta("1day")
qlib-runtime (ubuntu-latest, 3.12)	Run scripts/run_gate.sh	2026-09-04T18:04:19.5083226Z 
qlib-runtime (ubuntu-latest, 3.12)	Run scripts/run_gate.sh	2026-09-04T18:04:19.5083397Z .venv/lib/python3.12/site-packages/qlib/constant.py:20
qlib-runtime (ubuntu-latest, 3.12)	Run scripts/run_gate.sh	2026-09-04T18:04:19.5084823Z   /home/runner/work/unified-quant/unified-quant/.venv/lib/python3.12/site-packages/qlib/constant.py:20: DeprecationWarning: The 'generic' unit for NumPy timedelta is deprecated, and will raise an error in the future. This includes implicit conversion of bare integers (e.g. `+ 1`).Please use a specific unit instead.
qlib-runtime (ubuntu-latest, 3.12)	Run scripts/run_gate.sh	2026-09-04T18:04:19.5086261Z     ONE_MIN = pd.Timedelta("1min")
qlib-runtime (ubuntu-latest, 3.12)	Run scripts/run_gate.sh	2026-09-04T18:04:19.5086455Z 
qlib-runtime (ubuntu-latest, 3.12)	Run scripts/run_gate.sh	2026-09-04T18:04:19.5086617Z .venv/lib/python3.12/site-packages/qlib/constant.py:21
qlib-runtime (ubuntu-latest, 3.12)	Run scripts/run_gate.sh	2026-09-04T18:04:19.5088158Z   /home/runner/work/unified-quant/unified-quant/.venv/lib/python3.12/site-packages/qlib/constant.py:21: DeprecationWarning: The 'generic' unit for NumPy timedelta is deprecated, and will raise an error in the future. This includes implicit conversion of bare integers (e.g. `+ 1`).Please use a specific unit instead.
qlib-runtime (ubuntu-latest, 3.12)	Run scripts/run_gate.sh	2026-09-04T18:04:19.5089517Z     EPS_T = pd.Timedelta("1s")  # use 1 second to exclude the right interval point
qlib-runtime (ubuntu-latest, 3.12)	Run scripts/run_gate.sh	2026-09-04T18:04:19.5089743Z 
qlib-runtime (ubuntu-latest, 3.12)	Run scripts/run_gate.sh	2026-09-04T18:04:19.5090038Z tests/test_release_acceptance.py::test_null_rate_threshold_rejects_publication
qlib-runtime (ubuntu-latest, 3.12)	Run scripts/run_gate.sh	2026-09-04T18:04:19.5090451Z tests/test_release_acceptance.py::test_null_rate_threshold_rejects_publication
qlib-runtime (ubuntu-latest, 3.12)	Run scripts/run_gate.sh	2026-09-04T18:04:19.5090836Z tests/test_release_acceptance.py::test_null_rate_threshold_rejects_publication
qlib-runtime (ubuntu-latest, 3.12)	Run scripts/run_gate.sh	2026-09-04T18:04:19.5091224Z tests/test_release_acceptance.py::test_null_rate_threshold_rejects_publication
qlib-runtime (ubuntu-latest, 3.12)	Run scripts/run_gate.sh	2026-09-04T18:04:19.5091602Z tests/test_release_acceptance.py::test_null_rate_threshold_rejects_publication
qlib-runtime (ubuntu-latest, 3.12)	Run scripts/run_gate.sh	2026-09-04T18:04:19.5091992Z tests/test_release_acceptance.py::test_null_rate_threshold_rejects_publication
qlib-runtime (ubuntu-latest, 3.12)	Run scripts/run_gate.sh	2026-09-04T18:04:19.5093036Z   /home/runner/work/unified-quant/unified-quant/src/uq/factors/raw_price.py:49: FutureWarning: Downcasting object dtype arrays on .fillna, .ffill, .bfill is deprecated and will change in a future version. Call result.infer_objects(copy=False) instead. To opt-in to the future behavior, set `pd.set_option('future.no_silent_downcasting', True)`
qlib-runtime (ubuntu-latest, 3.12)	Run scripts/run_gate.sh	2026-09-04T18:04:19.5094131Z     normalized = frame[columns].round(12).fillna(-0.0).replace([np.inf, -np.inf], np.nan).round(12)
qlib-runtime (ubuntu-latest, 3.12)	Run scripts/run_gate.sh	2026-09-04T18:04:19.5094426Z 
qlib-runtime (ubuntu-latest, 3.12)	Run scripts/run_gate.sh	2026-09-04T18:04:19.5094610Z -- Docs: https://docs.pytest.org/en/stable/how-to/capture-warnings.html
qlib-runtime (ubuntu-latest, 3.12)	Run scripts/run_gate.sh	2026-09-04T18:04:19.5094926Z 418 passed, 9 warnings in 56.52s
qlib-runtime (ubuntu-latest, 3.12)	Run scripts/run_gate.sh	2026-09-04T18:04:20.3504448Z gate report: /home/runner/work/unified-quant/unified-quant/.gate/gate-report.json
qlib-runtime (ubuntu-latest, 3.12)	Record Qlib runtime cell	﻿2026-09-04T18:04:20.3552613Z ##[group]Run mkdir -p .gate/certification
qlib-runtime (ubuntu-latest, 3.12)	Record Qlib runtime cell	2026-09-04T18:04:20.3552938Z ^[[36;1mmkdir -p .gate/certification^[[0m
qlib-runtime (ubuntu-latest, 3.12)	Record Qlib runtime cell	2026-09-04T18:04:20.3553310Z ^[[36;1mprintf '%s\n' "ubuntu-latest/3.12/qlib" > .gate/certification/environment-cell.txt^[[0m
qlib-runtime (ubuntu-latest, 3.12)	Record Qlib runtime cell	2026-09-04T18:04:20.3585861Z shell: /usr/bin/bash -e {0}
qlib-runtime (ubuntu-latest, 3.12)	Record Qlib runtime cell	2026-09-04T18:04:20.3586068Z env:
qlib-runtime (ubuntu-latest, 3.12)	Record Qlib runtime cell	2026-09-04T18:04:20.3586232Z   UQ_GATE_EXTRAS: qlib
qlib-runtime (ubuntu-latest, 3.12)	Record Qlib runtime cell	2026-09-04T18:04:20.3586469Z   pythonLocation: /opt/hostedtoolcache/Python/3.12.14/x64
qlib-runtime (ubuntu-latest, 3.12)	Record Qlib runtime cell	2026-09-04T18:04:20.3586828Z   PKG_CONFIG_PATH: /opt/hostedtoolcache/Python/3.12.14/x64/lib/pkgconfig
qlib-runtime (ubuntu-latest, 3.12)	Record Qlib runtime cell	2026-09-04T18:04:20.3587169Z   Python_ROOT_DIR: /opt/hostedtoolcache/Python/3.12.14/x64
qlib-runtime (ubuntu-latest, 3.12)	Record Qlib runtime cell	2026-09-04T18:04:20.3587681Z   Python2_ROOT_DIR: /opt/hostedtoolcache/Python/3.12.14/x64
qlib-runtime (ubuntu-latest, 3.12)	Record Qlib runtime cell	2026-09-04T18:04:20.3588031Z   Python3_ROOT_DIR: /opt/hostedtoolcache/Python/3.12.14/x64
qlib-runtime (ubuntu-latest, 3.12)	Record Qlib runtime cell	2026-09-04T18:04:20.3588495Z   LD_LIBRARY_PATH: /opt/hostedtoolcache/Python/3.12.14/x64/lib
qlib-runtime (ubuntu-latest, 3.12)	Record Qlib runtime cell	2026-09-04T18:04:20.3588787Z   UV_CACHE_DIR: /home/runner/work/_temp/setup-uv-cache
qlib-runtime (ubuntu-latest, 3.12)	Record Qlib runtime cell	2026-09-04T18:04:20.3589074Z ##[endgroup]
qlib-runtime (ubuntu-latest, 3.12)	Run actions/upload-artifact@v4	﻿2026-09-04T18:04:20.3695347Z Node 20 is being deprecated. This workflow is running with Node 24 by default. If you need to temporarily use Node 20, you can set the ACTIONS_ALLOW_USE_UNSECURE_NODE_VERSION=true environment variable. For more information see: https://github.blog/changelog/2025-09-19-deprecation-of-node-20-on-github-actions-runners/
qlib-runtime (ubuntu-latest, 3.12)	Run actions/upload-artifact@v4	2026-09-04T18:04:20.3696297Z ##[group]Run actions/upload-artifact@v4
qlib-runtime (ubuntu-latest, 3.12)	Run actions/upload-artifact@v4	2026-09-04T18:04:20.3696512Z with:
qlib-runtime (ubuntu-latest, 3.12)	Run actions/upload-artifact@v4	2026-09-04T18:04:20.3696701Z   name: qlib-gate-report-ubuntu-latest-3.12
qlib-runtime (ubuntu-latest, 3.12)	Run actions/upload-artifact@v4	2026-09-04T18:04:20.3697186Z   path: .gate/gate-report.json
qlib-runtime (ubuntu-latest, 3.12)	Run actions/upload-artifact@v4	.gate/requirements.lock.txt
qlib-runtime (ubuntu-latest, 3.12)	Run actions/upload-artifact@v4	.gate/requirements.lock.txt.sha256
qlib-runtime (ubuntu-latest, 3.12)	Run actions/upload-artifact@v4	.gate/certification/environment-cell.txt
qlib-runtime (ubuntu-latest, 3.12)	Run actions/upload-artifact@v4	
qlib-runtime (ubuntu-latest, 3.12)	Run actions/upload-artifact@v4	2026-09-04T18:04:20.3697889Z   if-no-files-found: error
qlib-runtime (ubuntu-latest, 3.12)	Run actions/upload-artifact@v4	2026-09-04T18:04:20.3698089Z   compression-level: 6
qlib-runtime (ubuntu-latest, 3.12)	Run actions/upload-artifact@v4	2026-09-04T18:04:20.3698287Z   overwrite: false
qlib-runtime (ubuntu-latest, 3.12)	Run actions/upload-artifact@v4	2026-09-04T18:04:20.3698464Z   include-hidden-files: false
qlib-runtime (ubuntu-latest, 3.12)	Run actions/upload-artifact@v4	2026-09-04T18:04:20.3698656Z env:
qlib-runtime (ubuntu-latest, 3.12)	Run actions/upload-artifact@v4	2026-09-04T18:04:20.3698815Z   UQ_GATE_EXTRAS: qlib
qlib-runtime (ubuntu-latest, 3.12)	Run actions/upload-artifact@v4	2026-09-04T18:04:20.3699041Z   pythonLocation: /opt/hostedtoolcache/Python/3.12.14/x64
qlib-runtime (ubuntu-latest, 3.12)	Run actions/upload-artifact@v4	2026-09-04T18:04:20.3699425Z   PKG_CONFIG_PATH: /opt/hostedtoolcache/Python/3.12.14/x64/lib/pkgconfig
qlib-runtime (ubuntu-latest, 3.12)	Run actions/upload-artifact@v4	2026-09-04T18:04:20.3699764Z   Python_ROOT_DIR: /opt/hostedtoolcache/Python/3.12.14/x64
qlib-runtime (ubuntu-latest, 3.12)	Run actions/upload-artifact@v4	2026-09-04T18:04:20.3700057Z   Python2_ROOT_DIR: /opt/hostedtoolcache/Python/3.12.14/x64
qlib-runtime (ubuntu-latest, 3.12)	Run actions/upload-artifact@v4	2026-09-04T18:04:20.3700343Z   Python3_ROOT_DIR: /opt/hostedtoolcache/Python/3.12.14/x64
qlib-runtime (ubuntu-latest, 3.12)	Run actions/upload-artifact@v4	2026-09-04T18:04:20.3700635Z   LD_LIBRARY_PATH: /opt/hostedtoolcache/Python/3.12.14/x64/lib
qlib-runtime (ubuntu-latest, 3.12)	Run actions/upload-artifact@v4	2026-09-04T18:04:20.3700926Z   UV_CACHE_DIR: /home/runner/work/_temp/setup-uv-cache
qlib-runtime (ubuntu-latest, 3.12)	Run actions/upload-artifact@v4	2026-09-04T18:04:20.3701165Z ##[endgroup]
qlib-runtime (ubuntu-latest, 3.12)	Run actions/upload-artifact@v4	2026-09-04T18:04:20.5035855Z (node:2263) [DEP0040] DeprecationWarning: The `punycode` module is deprecated. Please use a userland alternative instead.
qlib-runtime (ubuntu-latest, 3.12)	Run actions/upload-artifact@v4	2026-09-04T18:04:20.5036867Z (Use `node --trace-deprecation ...` to show where the warning was created)
qlib-runtime (ubuntu-latest, 3.12)	Run actions/upload-artifact@v4	2026-09-04T18:04:20.5089583Z Multiple search paths detected. Calculating the least common ancestor of all paths
qlib-runtime (ubuntu-latest, 3.12)	Run actions/upload-artifact@v4	2026-09-04T18:04:20.5093035Z The least common ancestor is /home/runner/work/unified-quant/unified-quant/.gate. This will be the root directory of the artifact
qlib-runtime (ubuntu-latest, 3.12)	Run actions/upload-artifact@v4	2026-09-04T18:04:20.5094083Z With the provided path, there will be 4 files uploaded
qlib-runtime (ubuntu-latest, 3.12)	Run actions/upload-artifact@v4	2026-09-04T18:04:20.5096088Z Artifact name is valid!
qlib-runtime (ubuntu-latest, 3.12)	Run actions/upload-artifact@v4	2026-09-04T18:04:20.5096721Z Root directory input is valid!
qlib-runtime (ubuntu-latest, 3.12)	Run actions/upload-artifact@v4	2026-09-04T18:04:20.7196558Z Beginning upload of artifact content to blob storage
qlib-runtime (ubuntu-latest, 3.12)	Run actions/upload-artifact@v4	2026-09-04T18:04:20.7375615Z (node:2263) [DEP0169] DeprecationWarning: `url.parse()` behavior is not standardized and prone to errors that have security implications. Use the WHATWG URL API instead. CVEs are not issued for `url.parse()` vulnerabilities.
qlib-runtime (ubuntu-latest, 3.12)	Run actions/upload-artifact@v4	2026-09-04T18:04:20.7869834Z Uploaded bytes 4586
qlib-runtime (ubuntu-latest, 3.12)	Run actions/upload-artifact@v4	2026-09-04T18:04:20.8028737Z Finished uploading artifact content to blob storage!
qlib-runtime (ubuntu-latest, 3.12)	Run actions/upload-artifact@v4	2026-09-04T18:04:20.8029627Z SHA256 digest of uploaded artifact zip is 90e3e78ca66f41ddc940f0d3da8fc4353e43f9a8818c25b72549dee565893eba
qlib-runtime (ubuntu-latest, 3.12)	Run actions/upload-artifact@v4	2026-09-04T18:04:20.8030971Z Finalizing artifact upload
qlib-runtime (ubuntu-latest, 3.12)	Run actions/upload-artifact@v4	2026-09-04T18:04:21.0321815Z Artifact qlib-gate-report-ubuntu-latest-3.12.zip successfully finalized. Artifact ID 9948681686
qlib-runtime (ubuntu-latest, 3.12)	Run actions/upload-artifact@v4	2026-09-04T18:04:21.0323059Z Artifact qlib-gate-report-ubuntu-latest-3.12 has been successfully uploaded! Final size is 4586 bytes. Artifact ID is 9948681686
qlib-runtime (ubuntu-latest, 3.12)	Run actions/upload-artifact@v4	2026-09-04T18:04:21.0328933Z Artifact download URL: https://github.com/ljheee/unified-quant/actions/runs/33903807546/artifacts/9948681686
qlib-runtime (ubuntu-latest, 3.12)	Post Run astral-sh/setup-uv@v3	﻿2026-09-04T18:04:21.0504489Z Node 20 is being deprecated. This workflow is running with Node 24 by default. If you need to temporarily use Node 20, you can set the ACTIONS_ALLOW_USE_UNSECURE_NODE_VERSION=true environment variable. For more information see: https://github.blog/changelog/2025-09-19-deprecation-of-node-20-on-github-actions-runners/
qlib-runtime (ubuntu-latest, 3.12)	Post Run astral-sh/setup-uv@v3	2026-09-04T18:04:21.0505510Z Post job cleanup.
qlib-runtime (ubuntu-latest, 3.12)	Post Run actions/setup-python@v5	﻿2026-09-04T18:04:21.1519727Z Node 20 is being deprecated. This workflow is running with Node 24 by default. If you need to temporarily use Node 20, you can set the ACTIONS_ALLOW_USE_UNSECURE_NODE_VERSION=true environment variable. For more information see: https://github.blog/changelog/2025-09-19-deprecation-of-node-20-on-github-actions-runners/
qlib-runtime (ubuntu-latest, 3.12)	Post Run actions/setup-python@v5	2026-09-04T18:04:21.1520709Z Post job cleanup.
qlib-runtime (ubuntu-latest, 3.12)	Post Run actions/setup-python@v5	2026-09-04T18:04:21.2494640Z (node:2284) [DEP0040] DeprecationWarning: The `punycode` module is deprecated. Please use a userland alternative instead.
qlib-runtime (ubuntu-latest, 3.12)	Post Run actions/setup-python@v5	2026-09-04T18:04:21.2495559Z (Use `node --trace-deprecation ...` to show where the warning was created)
qlib-runtime (ubuntu-latest, 3.12)	Post Run actions/checkout@v4	﻿2026-09-04T18:04:21.2703633Z Node 20 is being deprecated. This workflow is running with Node 24 by default. If you need to temporarily use Node 20, you can set the ACTIONS_ALLOW_USE_UNSECURE_NODE_VERSION=true environment variable. For more information see: https://github.blog/changelog/2025-09-19-deprecation-of-node-20-on-github-actions-runners/
qlib-runtime (ubuntu-latest, 3.12)	Post Run actions/checkout@v4	2026-09-04T18:04:21.2705268Z Post job cleanup.
qlib-runtime (ubuntu-latest, 3.12)	Post Run actions/checkout@v4	2026-09-04T18:04:21.3451383Z [command]/usr/bin/git version
qlib-runtime (ubuntu-latest, 3.12)	Post Run actions/checkout@v4	2026-09-04T18:04:21.3486084Z git version 2.55.0
qlib-runtime (ubuntu-latest, 3.12)	Post Run actions/checkout@v4	2026-09-04T18:04:21.3514307Z Temporarily overriding HOME='/home/runner/work/_temp/202a066d-1708-43b5-8a03-838992dfd3c7' before making global git config changes
qlib-runtime (ubuntu-latest, 3.12)	Post Run actions/checkout@v4	2026-09-04T18:04:21.3515317Z Adding repository directory to the temporary git global config as a safe directory
qlib-runtime (ubuntu-latest, 3.12)	Post Run actions/checkout@v4	2026-09-04T18:04:21.3518488Z [command]/usr/bin/git config --global --add safe.directory /home/runner/work/unified-quant/unified-quant
qlib-runtime (ubuntu-latest, 3.12)	Post Run actions/checkout@v4	2026-09-04T18:04:21.3551636Z [command]/usr/bin/git config --local --name-only --get-regexp core\.sshCommand
qlib-runtime (ubuntu-latest, 3.12)	Post Run actions/checkout@v4	2026-09-04T18:04:21.3581224Z [command]/usr/bin/git submodule foreach --recursive sh -c "git config --local --name-only --get-regexp 'core\.sshCommand' && git config --local --unset-all 'core.sshCommand' || :"
qlib-runtime (ubuntu-latest, 3.12)	Post Run actions/checkout@v4	2026-09-04T18:04:21.3825422Z [command]/usr/bin/git config --local --name-only --get-regexp http\.https\:\/\/github\.com\/\.extraheader
qlib-runtime (ubuntu-latest, 3.12)	Post Run actions/checkout@v4	2026-09-04T18:04:21.3850947Z http.https://github.com/.extraheader
qlib-runtime (ubuntu-latest, 3.12)	Post Run actions/checkout@v4	2026-09-04T18:04:21.3861730Z [command]/usr/bin/git config --local --unset-all http.https://github.com/.extraheader
qlib-runtime (ubuntu-latest, 3.12)	Post Run actions/checkout@v4	2026-09-04T18:04:21.3895850Z [command]/usr/bin/git submodule foreach --recursive sh -c "git config --local --name-only --get-regexp 'http\.https\:\/\/github\.com\/\.extraheader' && git config --local --unset-all 'http.https://github.com/.extraheader' || :"
qlib-runtime (ubuntu-latest, 3.12)	Post Run actions/checkout@v4	2026-09-04T18:04:21.4127279Z [command]/usr/bin/git config --local --name-only --get-regexp ^includeIf\.gitdir:
qlib-runtime (ubuntu-latest, 3.12)	Post Run actions/checkout@v4	2026-09-04T18:04:21.4153926Z [command]/usr/bin/git submodule foreach --recursive git config --local --show-origin --name-only --get-regexp remote.origin.url
qlib-runtime (ubuntu-latest, 3.12)	Complete job	﻿2026-09-04T18:04:21.4477368Z Cleaning up orphan processes
qlib-runtime (ubuntu-latest, 3.12)	Complete job	2026-09-04T18:04:21.4762017Z ##[warning]Node.js 20 is deprecated. The following actions target Node.js 20 but are being forced to run on Node.js 24: actions/checkout@v4, actions/setup-python@v5, actions/upload-artifact@v4, astral-sh/setup-uv@v3. For more information see: https://github.blog/changelog/2025-09-19-deprecation-of-node-20-on-github-actions-runners/
qlib-runtime (ubuntu-latest, 3.11)	Set up job	﻿2026-09-04T18:03:10.7927315Z Current runner version: '2.337.0'
qlib-runtime (ubuntu-latest, 3.11)	Set up job	2026-09-04T18:03:10.7942665Z ##[group]Runner Image Provisioner
qlib-runtime (ubuntu-latest, 3.11)	Set up job	2026-09-04T18:03:10.7943264Z Hosted Compute Agent
qlib-runtime (ubuntu-latest, 3.11)	Set up job	2026-09-04T18:03:10.7943605Z Version: 20260828.587
qlib-runtime (ubuntu-latest, 3.11)	Set up job	2026-09-04T18:03:10.7943992Z Commit: abac92662cab4cc7352de4f9f9d2e2419aad9c29
qlib-runtime (ubuntu-latest, 3.11)	Set up job	2026-09-04T18:03:10.7944419Z Build Date: 2026-08-28T16:44:25Z
qlib-runtime (ubuntu-latest, 3.11)	Set up job	2026-09-04T18:03:10.7944960Z Worker ID: {74c6dd21-7399-4475-89c7-3f32b4c5330f}
qlib-runtime (ubuntu-latest, 3.11)	Set up job	2026-09-04T18:03:10.7945417Z Azure Region: westus2
qlib-runtime (ubuntu-latest, 3.11)	Set up job	2026-09-04T18:03:10.7945744Z ##[endgroup]
qlib-runtime (ubuntu-latest, 3.11)	Set up job	2026-09-04T18:03:10.7946547Z ##[group]Operating System
qlib-runtime (ubuntu-latest, 3.11)	Set up job	2026-09-04T18:03:10.7946936Z Ubuntu
qlib-runtime (ubuntu-latest, 3.11)	Set up job	2026-09-04T18:03:10.7947240Z 24.04.4
qlib-runtime (ubuntu-latest, 3.11)	Set up job	2026-09-04T18:03:10.7947567Z LTS
qlib-runtime (ubuntu-latest, 3.11)	Set up job	2026-09-04T18:03:10.7947870Z ##[endgroup]
qlib-runtime (ubuntu-latest, 3.11)	Set up job	2026-09-04T18:03:10.7948172Z ##[group]Runner Image
qlib-runtime (ubuntu-latest, 3.11)	Set up job	2026-09-04T18:03:10.7948577Z Image: ubuntu-24.04
qlib-runtime (ubuntu-latest, 3.11)	Set up job	2026-09-04T18:03:10.7948928Z Version: 20260831.293.1
qlib-runtime (ubuntu-latest, 3.11)	Set up job	2026-09-04T18:03:10.7949541Z Included Software: https://github.com/actions/runner-images/blob/ubuntu24/20260831.293/images/ubuntu/Ubuntu2404-Readme.md
qlib-runtime (ubuntu-latest, 3.11)	Set up job	2026-09-04T18:03:10.7950677Z Image Release: https://github.com/actions/runner-images/releases/tag/ubuntu24%2F20260831.293
qlib-runtime (ubuntu-latest, 3.11)	Set up job	2026-09-04T18:03:10.7951290Z ##[endgroup]
qlib-runtime (ubuntu-latest, 3.11)	Set up job	2026-09-04T18:03:10.7951951Z ##[group]GITHUB_TOKEN Permissions
qlib-runtime (ubuntu-latest, 3.11)	Set up job	2026-09-04T18:03:10.7953214Z Contents: read
qlib-runtime (ubuntu-latest, 3.11)	Set up job	2026-09-04T18:03:10.7953547Z Metadata: read
qlib-runtime (ubuntu-latest, 3.11)	Set up job	2026-09-04T18:03:10.7953944Z Packages: read
qlib-runtime (ubuntu-latest, 3.11)	Set up job	2026-09-04T18:03:10.7954261Z ##[endgroup]
qlib-runtime (ubuntu-latest, 3.11)	Set up job	2026-09-04T18:03:10.7955552Z Secret source: Actions
qlib-runtime (ubuntu-latest, 3.11)	Set up job	2026-09-04T18:03:10.7956317Z Prepare workflow directory
qlib-runtime (ubuntu-latest, 3.11)	Set up job	2026-09-04T18:03:10.8186190Z Prepare all required actions
qlib-runtime (ubuntu-latest, 3.11)	Set up job	2026-09-04T18:03:10.8215540Z Getting action download info
qlib-runtime (ubuntu-latest, 3.11)	Set up job	2026-09-04T18:03:11.1951684Z Download action repository 'actions/checkout@v4' (SHA:11d5960a326750d5838078e36cf38b85af677262)
qlib-runtime (ubuntu-latest, 3.11)	Set up job	2026-09-04T18:03:11.9696256Z Download action repository 'actions/setup-python@v5' (SHA:a26af69be951a213d495a4c3e4e4022e16d87065)
qlib-runtime (ubuntu-latest, 3.11)	Set up job	2026-09-04T18:03:12.2635585Z Download action repository 'astral-sh/setup-uv@v3' (SHA:caf0cab7a618c569241d31dcd442f54681755d39)
qlib-runtime (ubuntu-latest, 3.11)	Set up job	2026-09-04T18:03:12.5244455Z Download action repository 'actions/upload-artifact@v4' (SHA:ea165f8d65b6e75b540449e92b4886f43607fa02)
qlib-runtime (ubuntu-latest, 3.11)	Set up job	2026-09-04T18:03:12.9008462Z Complete job name: qlib-runtime (ubuntu-latest, 3.11)
qlib-runtime (ubuntu-latest, 3.11)	Run actions/checkout@v4	﻿2026-09-04T18:03:12.9448658Z Node 20 is being deprecated. This workflow is running with Node 24 by default. If you need to temporarily use Node 20, you can set the ACTIONS_ALLOW_USE_UNSECURE_NODE_VERSION=true environment variable. For more information see: https://github.blog/changelog/2025-09-19-deprecation-of-node-20-on-github-actions-runners/
qlib-runtime (ubuntu-latest, 3.11)	Run actions/checkout@v4	2026-09-04T18:03:12.9453350Z ##[group]Run actions/checkout@v4
qlib-runtime (ubuntu-latest, 3.11)	Run actions/checkout@v4	2026-09-04T18:03:12.9453610Z with:
qlib-runtime (ubuntu-latest, 3.11)	Run actions/checkout@v4	2026-09-04T18:03:12.9453764Z   repository: ljheee/unified-quant
qlib-runtime (ubuntu-latest, 3.11)	Run actions/checkout@v4	2026-09-04T18:03:12.9455611Z   token: ***
qlib-runtime (ubuntu-latest, 3.11)	Run actions/checkout@v4	2026-09-04T18:03:12.9455756Z   ssh-strict: true
qlib-runtime (ubuntu-latest, 3.11)	Run actions/checkout@v4	2026-09-04T18:03:12.9455900Z   ssh-user: git
qlib-runtime (ubuntu-latest, 3.11)	Run actions/checkout@v4	2026-09-04T18:03:12.9456054Z   persist-credentials: true
qlib-runtime (ubuntu-latest, 3.11)	Run actions/checkout@v4	2026-09-04T18:03:12.9456213Z   clean: true
qlib-runtime (ubuntu-latest, 3.11)	Run actions/checkout@v4	2026-09-04T18:03:12.9456371Z   sparse-checkout-cone-mode: true
qlib-runtime (ubuntu-latest, 3.11)	Run actions/checkout@v4	2026-09-04T18:03:12.9456563Z   fetch-depth: 1
qlib-runtime (ubuntu-latest, 3.11)	Run actions/checkout@v4	2026-09-04T18:03:12.9456720Z   fetch-tags: false
qlib-runtime (ubuntu-latest, 3.11)	Run actions/checkout@v4	2026-09-04T18:03:12.9456866Z   show-progress: true
qlib-runtime (ubuntu-latest, 3.11)	Run actions/checkout@v4	2026-09-04T18:03:12.9457013Z   lfs: false
qlib-runtime (ubuntu-latest, 3.11)	Run actions/checkout@v4	2026-09-04T18:03:12.9457158Z   submodules: false
qlib-runtime (ubuntu-latest, 3.11)	Run actions/checkout@v4	2026-09-04T18:03:12.9457343Z   set-safe-directory: true
qlib-runtime (ubuntu-latest, 3.11)	Run actions/checkout@v4	2026-09-04T18:03:12.9457515Z   allow-unsafe-pr-checkout: false
qlib-runtime (ubuntu-latest, 3.11)	Run actions/checkout@v4	2026-09-04T18:03:12.9457756Z env:
qlib-runtime (ubuntu-latest, 3.11)	Run actions/checkout@v4	2026-09-04T18:03:12.9457889Z   UQ_GATE_EXTRAS: qlib
qlib-runtime (ubuntu-latest, 3.11)	Run actions/checkout@v4	2026-09-04T18:03:12.9458039Z ##[endgroup]
qlib-runtime (ubuntu-latest, 3.11)	Run actions/checkout@v4	2026-09-04T18:03:13.0098180Z Syncing repository: ljheee/unified-quant
qlib-runtime (ubuntu-latest, 3.11)	Run actions/checkout@v4	2026-09-04T18:03:13.0099110Z ##[group]Getting Git version info
qlib-runtime (ubuntu-latest, 3.11)	Run actions/checkout@v4	2026-09-04T18:03:13.0099375Z Working directory is '/home/runner/work/unified-quant/unified-quant'
qlib-runtime (ubuntu-latest, 3.11)	Run actions/checkout@v4	2026-09-04T18:03:13.0099784Z [command]/usr/bin/git version
qlib-runtime (ubuntu-latest, 3.11)	Run actions/checkout@v4	2026-09-04T18:03:13.2413861Z git version 2.55.0
qlib-runtime (ubuntu-latest, 3.11)	Run actions/checkout@v4	2026-09-04T18:03:13.2427816Z ##[endgroup]
qlib-runtime (ubuntu-latest, 3.11)	Run actions/checkout@v4	2026-09-04T18:03:13.2439834Z Temporarily overriding HOME='/home/runner/work/_temp/0769e0cc-f4a0-4dd8-8504-0d5e7041a917' before making global git config changes
qlib-runtime (ubuntu-latest, 3.11)	Run actions/checkout@v4	2026-09-04T18:03:13.2440957Z Adding repository directory to the temporary git global config as a safe directory
qlib-runtime (ubuntu-latest, 3.11)	Run actions/checkout@v4	2026-09-04T18:03:13.2444200Z [command]/usr/bin/git config --global --add safe.directory /home/runner/work/unified-quant/unified-quant
qlib-runtime (ubuntu-latest, 3.11)	Run actions/checkout@v4	2026-09-04T18:03:13.2721939Z Deleting the contents of '/home/runner/work/unified-quant/unified-quant'
qlib-runtime (ubuntu-latest, 3.11)	Run actions/checkout@v4	2026-09-04T18:03:13.2725668Z ##[group]Initializing the repository
qlib-runtime (ubuntu-latest, 3.11)	Run actions/checkout@v4	2026-09-04T18:03:13.2728897Z [command]/usr/bin/git init /home/runner/work/unified-quant/unified-quant
qlib-runtime (ubuntu-latest, 3.11)	Run actions/checkout@v4	2026-09-04T18:03:13.4486164Z hint: Using 'master' as the name for the initial branch. This default branch name
qlib-runtime (ubuntu-latest, 3.11)	Run actions/checkout@v4	2026-09-04T18:03:13.4490425Z hint: will change to "main" in Git 3.0. To configure the initial branch name
qlib-runtime (ubuntu-latest, 3.11)	Run actions/checkout@v4	2026-09-04T18:03:13.4491026Z hint: to use in all of your new repositories, which will suppress this warning,
qlib-runtime (ubuntu-latest, 3.11)	Run actions/checkout@v4	2026-09-04T18:03:13.4491459Z hint: call:
qlib-runtime (ubuntu-latest, 3.11)	Run actions/checkout@v4	2026-09-04T18:03:13.4491754Z hint:
qlib-runtime (ubuntu-latest, 3.11)	Run actions/checkout@v4	2026-09-04T18:03:13.4492103Z hint: 	git config --global init.defaultBranch <name>
qlib-runtime (ubuntu-latest, 3.11)	Run actions/checkout@v4	2026-09-04T18:03:13.4492473Z hint:
qlib-runtime (ubuntu-latest, 3.11)	Run actions/checkout@v4	2026-09-04T18:03:13.4492852Z hint: Names commonly chosen instead of 'master' are 'main', 'trunk' and
qlib-runtime (ubuntu-latest, 3.11)	Run actions/checkout@v4	2026-09-04T18:03:13.4493354Z hint: 'development'. The just-created branch can be renamed via this command:
qlib-runtime (ubuntu-latest, 3.11)	Run actions/checkout@v4	2026-09-04T18:03:13.4493787Z hint:
qlib-runtime (ubuntu-latest, 3.11)	Run actions/checkout@v4	2026-09-04T18:03:13.4494029Z hint: 	git branch -m <name>
qlib-runtime (ubuntu-latest, 3.11)	Run actions/checkout@v4	2026-09-04T18:03:13.4494254Z hint:
qlib-runtime (ubuntu-latest, 3.11)	Run actions/checkout@v4	2026-09-04T18:03:13.4494565Z hint: Disable this message with "git config set advice.defaultBranchName false"
qlib-runtime (ubuntu-latest, 3.11)	Run actions/checkout@v4	2026-09-04T18:03:13.4495331Z Initialized empty Git repository in /home/runner/work/unified-quant/unified-quant/.git/
qlib-runtime (ubuntu-latest, 3.11)	Run actions/checkout@v4	2026-09-04T18:03:13.4498611Z [command]/usr/bin/git remote add origin https://github.com/ljheee/unified-quant
qlib-runtime (ubuntu-latest, 3.11)	Run actions/checkout@v4	2026-09-04T18:03:13.4863591Z ##[endgroup]
qlib-runtime (ubuntu-latest, 3.11)	Run actions/checkout@v4	2026-09-04T18:03:13.4864187Z ##[group]Disabling automatic garbage collection
qlib-runtime (ubuntu-latest, 3.11)	Run actions/checkout@v4	2026-09-04T18:03:13.4867661Z [command]/usr/bin/git config --local gc.auto 0
qlib-runtime (ubuntu-latest, 3.11)	Run actions/checkout@v4	2026-09-04T18:03:13.4898063Z ##[endgroup]
qlib-runtime (ubuntu-latest, 3.11)	Run actions/checkout@v4	2026-09-04T18:03:13.4898513Z ##[group]Setting up auth
qlib-runtime (ubuntu-latest, 3.11)	Run actions/checkout@v4	2026-09-04T18:03:13.4903586Z [command]/usr/bin/git config --local --name-only --get-regexp core\.sshCommand
qlib-runtime (ubuntu-latest, 3.11)	Run actions/checkout@v4	2026-09-04T18:03:13.4931213Z [command]/usr/bin/git submodule foreach --recursive sh -c "git config --local --name-only --get-regexp 'core\.sshCommand' && git config --local --unset-all 'core.sshCommand' || :"
qlib-runtime (ubuntu-latest, 3.11)	Run actions/checkout@v4	2026-09-04T18:03:13.8037721Z [command]/usr/bin/git config --local --name-only --get-regexp http\.https\:\/\/github\.com\/\.extraheader
qlib-runtime (ubuntu-latest, 3.11)	Run actions/checkout@v4	2026-09-04T18:03:13.8066044Z [command]/usr/bin/git submodule foreach --recursive sh -c "git config --local --name-only --get-regexp 'http\.https\:\/\/github\.com\/\.extraheader' && git config --local --unset-all 'http.https://github.com/.extraheader' || :"
qlib-runtime (ubuntu-latest, 3.11)	Run actions/checkout@v4	2026-09-04T18:03:13.8237747Z [command]/usr/bin/git config --local --name-only --get-regexp ^includeIf\.gitdir:
qlib-runtime (ubuntu-latest, 3.11)	Run actions/checkout@v4	2026-09-04T18:03:13.8265221Z [command]/usr/bin/git submodule foreach --recursive git config --local --show-origin --name-only --get-regexp remote.origin.url
qlib-runtime (ubuntu-latest, 3.11)	Run actions/checkout@v4	2026-09-04T18:03:13.8438796Z [command]/usr/bin/git config --local http.https://github.com/.extraheader AUTHORIZATION: basic ***
qlib-runtime (ubuntu-latest, 3.11)	Run actions/checkout@v4	2026-09-04T18:03:13.8515644Z ##[endgroup]
qlib-runtime (ubuntu-latest, 3.11)	Run actions/checkout@v4	2026-09-04T18:03:13.8516060Z ##[group]Fetching the repository
qlib-runtime (ubuntu-latest, 3.11)	Run actions/checkout@v4	2026-09-04T18:03:13.8521593Z [command]/usr/bin/git -c protocol.version=2 fetch --no-tags --prune --no-recurse-submodules --depth=1 origin +e631740c51abd6f10390fd9bfefd1c6540e5f2c5:refs/remotes/origin/main
qlib-runtime (ubuntu-latest, 3.11)	Run actions/checkout@v4	2026-09-04T18:03:14.8975559Z From https://github.com/ljheee/unified-quant
qlib-runtime (ubuntu-latest, 3.11)	Run actions/checkout@v4	2026-09-04T18:03:14.8976108Z  * [new ref]         e631740c51abd6f10390fd9bfefd1c6540e5f2c5 -> origin/main
qlib-runtime (ubuntu-latest, 3.11)	Run actions/checkout@v4	2026-09-04T18:03:14.8979828Z ##[endgroup]
qlib-runtime (ubuntu-latest, 3.11)	Run actions/checkout@v4	2026-09-04T18:03:14.8980201Z ##[group]Determining the checkout info
qlib-runtime (ubuntu-latest, 3.11)	Run actions/checkout@v4	2026-09-04T18:03:14.8982088Z ##[endgroup]
qlib-runtime (ubuntu-latest, 3.11)	Run actions/checkout@v4	2026-09-04T18:03:14.8987979Z [command]/usr/bin/git sparse-checkout disable
qlib-runtime (ubuntu-latest, 3.11)	Run actions/checkout@v4	2026-09-04T18:03:14.9187311Z [command]/usr/bin/git config --local --unset-all extensions.worktreeConfig
qlib-runtime (ubuntu-latest, 3.11)	Run actions/checkout@v4	2026-09-04T18:03:14.9214402Z ##[group]Checking out the ref
qlib-runtime (ubuntu-latest, 3.11)	Run actions/checkout@v4	2026-09-04T18:03:14.9217171Z [command]/usr/bin/git checkout --progress --force -B main refs/remotes/origin/main
qlib-runtime (ubuntu-latest, 3.11)	Run actions/checkout@v4	2026-09-04T18:03:14.9701733Z Switched to a new branch 'main'
qlib-runtime (ubuntu-latest, 3.11)	Run actions/checkout@v4	2026-09-04T18:03:14.9704932Z branch 'main' set up to track 'origin/main'.
qlib-runtime (ubuntu-latest, 3.11)	Run actions/checkout@v4	2026-09-04T18:03:14.9712075Z ##[endgroup]
qlib-runtime (ubuntu-latest, 3.11)	Run actions/checkout@v4	2026-09-04T18:03:14.9751954Z [command]/usr/bin/git log -1 --format=%H
qlib-runtime (ubuntu-latest, 3.11)	Run actions/checkout@v4	2026-09-04T18:03:14.9774229Z e631740c51abd6f10390fd9bfefd1c6540e5f2c5
qlib-runtime (ubuntu-latest, 3.11)	Run actions/setup-python@v5	﻿2026-09-04T18:03:15.0014555Z Node 20 is being deprecated. This workflow is running with Node 24 by default. If you need to temporarily use Node 20, you can set the ACTIONS_ALLOW_USE_UNSECURE_NODE_VERSION=true environment variable. For more information see: https://github.blog/changelog/2025-09-19-deprecation-of-node-20-on-github-actions-runners/
qlib-runtime (ubuntu-latest, 3.11)	Run actions/setup-python@v5	2026-09-04T18:03:15.0015789Z ##[group]Run actions/setup-python@v5
qlib-runtime (ubuntu-latest, 3.11)	Run actions/setup-python@v5	2026-09-04T18:03:15.0015938Z with:
qlib-runtime (ubuntu-latest, 3.11)	Run actions/setup-python@v5	2026-09-04T18:03:15.0016063Z   python-version: 3.11
qlib-runtime (ubuntu-latest, 3.11)	Run actions/setup-python@v5	2026-09-04T18:03:15.0016187Z   check-latest: false
qlib-runtime (ubuntu-latest, 3.11)	Run actions/setup-python@v5	2026-09-04T18:03:15.0017720Z   token: ***
qlib-runtime (ubuntu-latest, 3.11)	Run actions/setup-python@v5	2026-09-04T18:03:15.0017840Z   update-environment: true
qlib-runtime (ubuntu-latest, 3.11)	Run actions/setup-python@v5	2026-09-04T18:03:15.0017994Z   allow-prereleases: false
qlib-runtime (ubuntu-latest, 3.11)	Run actions/setup-python@v5	2026-09-04T18:03:15.0018153Z   freethreaded: false
qlib-runtime (ubuntu-latest, 3.11)	Run actions/setup-python@v5	2026-09-04T18:03:15.0018273Z env:
qlib-runtime (ubuntu-latest, 3.11)	Run actions/setup-python@v5	2026-09-04T18:03:15.0018597Z   UQ_GATE_EXTRAS: qlib
qlib-runtime (ubuntu-latest, 3.11)	Run actions/setup-python@v5	2026-09-04T18:03:15.0018721Z ##[endgroup]
qlib-runtime (ubuntu-latest, 3.11)	Run actions/setup-python@v5	2026-09-04T18:03:15.0869154Z ##[group]Installed versions
qlib-runtime (ubuntu-latest, 3.11)	Run actions/setup-python@v5	2026-09-04T18:03:15.1916245Z (node:2037) [DEP0040] DeprecationWarning: The `punycode` module is deprecated. Please use a userland alternative instead.
qlib-runtime (ubuntu-latest, 3.11)	Run actions/setup-python@v5	2026-09-04T18:03:15.1916895Z (Use `node --trace-deprecation ...` to show where the warning was created)
qlib-runtime (ubuntu-latest, 3.11)	Run actions/setup-python@v5	2026-09-04T18:03:15.1917245Z Successfully set up CPython (3.11.16)
qlib-runtime (ubuntu-latest, 3.11)	Run actions/setup-python@v5	2026-09-04T18:03:15.1917639Z ##[endgroup]
qlib-runtime (ubuntu-latest, 3.11)	Run astral-sh/setup-uv@v3	﻿2026-09-04T18:03:15.2092053Z Node 20 is being deprecated. This workflow is running with Node 24 by default. If you need to temporarily use Node 20, you can set the ACTIONS_ALLOW_USE_UNSECURE_NODE_VERSION=true environment variable. For more information see: https://github.blog/changelog/2025-09-19-deprecation-of-node-20-on-github-actions-runners/
qlib-runtime (ubuntu-latest, 3.11)	Run astral-sh/setup-uv@v3	2026-09-04T18:03:15.2093205Z ##[group]Run astral-sh/setup-uv@v3
qlib-runtime (ubuntu-latest, 3.11)	Run astral-sh/setup-uv@v3	2026-09-04T18:03:15.2093428Z with:
qlib-runtime (ubuntu-latest, 3.11)	Run astral-sh/setup-uv@v3	2026-09-04T18:03:15.2093621Z   version: latest
qlib-runtime (ubuntu-latest, 3.11)	Run astral-sh/setup-uv@v3	2026-09-04T18:03:15.2096742Z   github-token: ***
qlib-runtime (ubuntu-latest, 3.11)	Run astral-sh/setup-uv@v3	2026-09-04T18:03:15.2096981Z   enable-cache: false
qlib-runtime (ubuntu-latest, 3.11)	Run astral-sh/setup-uv@v3	2026-09-04T18:03:15.2097221Z   cache-dependency-glob: **/uv.lock
qlib-runtime (ubuntu-latest, 3.11)	Run astral-sh/setup-uv@v3	2026-09-04T18:03:15.2097483Z   prune-cache: true
qlib-runtime (ubuntu-latest, 3.11)	Run astral-sh/setup-uv@v3	2026-09-04T18:03:15.2097686Z env:
qlib-runtime (ubuntu-latest, 3.11)	Run astral-sh/setup-uv@v3	2026-09-04T18:03:15.2097857Z   UQ_GATE_EXTRAS: qlib
qlib-runtime (ubuntu-latest, 3.11)	Run astral-sh/setup-uv@v3	2026-09-04T18:03:15.2098112Z   pythonLocation: /opt/hostedtoolcache/Python/3.11.16/x64
qlib-runtime (ubuntu-latest, 3.11)	Run astral-sh/setup-uv@v3	2026-09-04T18:03:15.2098536Z   PKG_CONFIG_PATH: /opt/hostedtoolcache/Python/3.11.16/x64/lib/pkgconfig
qlib-runtime (ubuntu-latest, 3.11)	Run astral-sh/setup-uv@v3	2026-09-04T18:03:15.2098945Z   Python_ROOT_DIR: /opt/hostedtoolcache/Python/3.11.16/x64
qlib-runtime (ubuntu-latest, 3.11)	Run astral-sh/setup-uv@v3	2026-09-04T18:03:15.2099353Z   Python2_ROOT_DIR: /opt/hostedtoolcache/Python/3.11.16/x64
qlib-runtime (ubuntu-latest, 3.11)	Run astral-sh/setup-uv@v3	2026-09-04T18:03:15.2099696Z   Python3_ROOT_DIR: /opt/hostedtoolcache/Python/3.11.16/x64
qlib-runtime (ubuntu-latest, 3.11)	Run astral-sh/setup-uv@v3	2026-09-04T18:03:15.2100008Z   LD_LIBRARY_PATH: /opt/hostedtoolcache/Python/3.11.16/x64/lib
qlib-runtime (ubuntu-latest, 3.11)	Run astral-sh/setup-uv@v3	2026-09-04T18:03:15.2100320Z ##[endgroup]
qlib-runtime (ubuntu-latest, 3.11)	Run astral-sh/setup-uv@v3	2026-09-04T18:03:15.2939810Z Downloading uv from "https://github.com/astral-sh/uv/releases/latest/download/uv-x86_64-unknown-linux-gnu.tar.gz" ...
qlib-runtime (ubuntu-latest, 3.11)	Run astral-sh/setup-uv@v3	2026-09-04T18:03:15.2946063Z (node:2047) [DEP0040] DeprecationWarning: The `punycode` module is deprecated. Please use a userland alternative instead.
qlib-runtime (ubuntu-latest, 3.11)	Run astral-sh/setup-uv@v3	2026-09-04T18:03:15.2946447Z (Use `node --trace-deprecation ...` to show where the warning was created)
qlib-runtime (ubuntu-latest, 3.11)	Run astral-sh/setup-uv@v3	2026-09-04T18:03:15.8782310Z [command]/usr/bin/tar xz --warning=no-unknown-keyword --overwrite -C /home/runner/work/_temp/02310d3e-d20e-45ad-955c-87e24710d497 -f /home/runner/work/_temp/73a96611-0bd2-4694-8843-f0b4b372f9ee
qlib-runtime (ubuntu-latest, 3.11)	Run astral-sh/setup-uv@v3	2026-09-04T18:03:16.4145439Z Added /opt/hostedtoolcache/uv/0.12.9/x86_64 to the path
qlib-runtime (ubuntu-latest, 3.11)	Run astral-sh/setup-uv@v3	2026-09-04T18:03:16.4146253Z Added /home/runner/.local/bin to the path
qlib-runtime (ubuntu-latest, 3.11)	Run astral-sh/setup-uv@v3	2026-09-04T18:03:16.4149433Z Successfully installed uv version 0.12.9
qlib-runtime (ubuntu-latest, 3.11)	Run astral-sh/setup-uv@v3	2026-09-04T18:03:16.4155511Z Set UV_CACHE_DIR to /home/runner/work/_temp/setup-uv-cache
qlib-runtime (ubuntu-latest, 3.11)	Run scripts/run_gate.sh	﻿2026-09-04T18:03:16.4259895Z ##[group]Run scripts/run_gate.sh
qlib-runtime (ubuntu-latest, 3.11)	Run scripts/run_gate.sh	2026-09-04T18:03:16.4260105Z ^[[36;1mscripts/run_gate.sh^[[0m
qlib-runtime (ubuntu-latest, 3.11)	Run scripts/run_gate.sh	2026-09-04T18:03:16.4344185Z shell: /usr/bin/bash -e {0}
qlib-runtime (ubuntu-latest, 3.11)	Run scripts/run_gate.sh	2026-09-04T18:03:16.4344492Z env:
qlib-runtime (ubuntu-latest, 3.11)	Run scripts/run_gate.sh	2026-09-04T18:03:16.4344603Z   UQ_GATE_EXTRAS: qlib
qlib-runtime (ubuntu-latest, 3.11)	Run scripts/run_gate.sh	2026-09-04T18:03:16.4344954Z   pythonLocation: /opt/hostedtoolcache/Python/3.11.16/x64
qlib-runtime (ubuntu-latest, 3.11)	Run scripts/run_gate.sh	2026-09-04T18:03:16.4345194Z   PKG_CONFIG_PATH: /opt/hostedtoolcache/Python/3.11.16/x64/lib/pkgconfig
qlib-runtime (ubuntu-latest, 3.11)	Run scripts/run_gate.sh	2026-09-04T18:03:16.4345423Z   Python_ROOT_DIR: /opt/hostedtoolcache/Python/3.11.16/x64
qlib-runtime (ubuntu-latest, 3.11)	Run scripts/run_gate.sh	2026-09-04T18:03:16.4345627Z   Python2_ROOT_DIR: /opt/hostedtoolcache/Python/3.11.16/x64
qlib-runtime (ubuntu-latest, 3.11)	Run scripts/run_gate.sh	2026-09-04T18:03:16.4345832Z   Python3_ROOT_DIR: /opt/hostedtoolcache/Python/3.11.16/x64
qlib-runtime (ubuntu-latest, 3.11)	Run scripts/run_gate.sh	2026-09-04T18:03:16.4346034Z   LD_LIBRARY_PATH: /opt/hostedtoolcache/Python/3.11.16/x64/lib
qlib-runtime (ubuntu-latest, 3.11)	Run scripts/run_gate.sh	2026-09-04T18:03:16.4346233Z   UV_CACHE_DIR: /home/runner/work/_temp/setup-uv-cache
qlib-runtime (ubuntu-latest, 3.11)	Run scripts/run_gate.sh	2026-09-04T18:03:16.4346395Z ##[endgroup]
qlib-runtime (ubuntu-latest, 3.11)	Run scripts/run_gate.sh	2026-09-04T18:03:17.4229681Z Using CPython 3.11.16 interpreter at: /opt/hostedtoolcache/Python/3.11.16/x64/bin/python3
qlib-runtime (ubuntu-latest, 3.11)	Run scripts/run_gate.sh	2026-09-04T18:03:17.4261787Z Resolved 214 packages in 0.49ms
qlib-runtime (ubuntu-latest, 3.11)	Run scripts/run_gate.sh	2026-09-04T18:03:17.4471349Z Using CPython 3.11.16 interpreter at: /opt/hostedtoolcache/Python/3.11.16/x64/bin/python3
qlib-runtime (ubuntu-latest, 3.11)	Run scripts/run_gate.sh	2026-09-04T18:03:17.4471801Z Creating virtual environment at: .venv
qlib-runtime (ubuntu-latest, 3.11)	Run scripts/run_gate.sh	2026-09-04T18:03:17.4502099Z Resolved 214 packages in 0.38ms
qlib-runtime (ubuntu-latest, 3.11)	Run scripts/run_gate.sh	2026-09-04T18:03:17.4699421Z    Building unified-quant @ file:///home/runner/work/unified-quant/unified-quant
qlib-runtime (ubuntu-latest, 3.11)	Run scripts/run_gate.sh	2026-09-04T18:03:17.5215542Z Downloading fonttools (5.2MiB)
qlib-runtime (ubuntu-latest, 3.11)	Run scripts/run_gate.sh	2026-09-04T18:03:17.5215877Z Downloading widgetsnbextension (2.1MiB)
qlib-runtime (ubuntu-latest, 3.11)	Run scripts/run_gate.sh	2026-09-04T18:03:17.5216337Z Downloading pydantic-core (2.0MiB)
qlib-runtime (ubuntu-latest, 3.11)	Run scripts/run_gate.sh	2026-09-04T18:03:17.5216936Z Downloading aiohttp (1.7MiB)
qlib-runtime (ubuntu-latest, 3.11)	Run scripts/run_gate.sh	2026-09-04T18:03:17.5217532Z Downloading kiwisolver (1.4MiB)
qlib-runtime (ubuntu-latest, 3.11)	Run scripts/run_gate.sh	2026-09-04T18:03:17.5218050Z Downloading pygments (1.2MiB)
qlib-runtime (ubuntu-latest, 3.11)	Run scripts/run_gate.sh	2026-09-04T18:03:17.5218659Z Downloading clarabel (1.1MiB)
qlib-runtime (ubuntu-latest, 3.11)	Run scripts/run_gate.sh	2026-09-04T18:03:17.5341123Z Downloading pymongo (1.5MiB)
qlib-runtime (ubuntu-latest, 3.11)	Run scripts/run_gate.sh	2026-09-04T18:03:17.5342174Z Downloading pandas (12.2MiB)
qlib-runtime (ubuntu-latest, 3.11)	Run scripts/run_gate.sh	2026-09-04T18:03:17.5343709Z Downloading babel (9.7MiB)
qlib-runtime (ubuntu-latest, 3.11)	Run scripts/run_gate.sh	2026-09-04T18:03:17.5344561Z Downloading debugpy (2.9MiB)
qlib-runtime (ubuntu-latest, 3.11)	Run scripts/run_gate.sh	2026-09-04T18:03:17.5345528Z Downloading scipy (33.7MiB)
qlib-runtime (ubuntu-latest, 3.11)	Run scripts/run_gate.sh	2026-09-04T18:03:17.5346945Z Downloading databricks-sdk (1.1MiB)
qlib-runtime (ubuntu-latest, 3.11)	Run scripts/run_gate.sh	2026-09-04T18:03:17.5347695Z Downloading sqlalchemy (3.2MiB)
qlib-runtime (ubuntu-latest, 3.11)	Run scripts/run_gate.sh	2026-09-04T18:03:17.5348419Z Downloading matplotlib (9.6MiB)
qlib-runtime (ubuntu-latest, 3.11)	Run scripts/run_gate.sh	2026-09-04T18:03:17.5349215Z Downloading pyarrow (47.7MiB)
qlib-runtime (ubuntu-latest, 3.11)	Run scripts/run_gate.sh	2026-09-04T18:03:17.5350074Z Downloading pillow (6.6MiB)
qlib-runtime (ubuntu-latest, 3.11)	Run scripts/run_gate.sh	2026-09-04T18:03:17.5350960Z Downloading jupyterlab (16.4MiB)
qlib-runtime (ubuntu-latest, 3.11)	Run scripts/run_gate.sh	2026-09-04T18:03:17.5352466Z Downloading notebook (5.3MiB)
qlib-runtime (ubuntu-latest, 3.11)	Run scripts/run_gate.sh	2026-09-04T18:03:17.5353298Z Downloading numpy (16.1MiB)
qlib-runtime (ubuntu-latest, 3.11)	Run scripts/run_gate.sh	2026-09-04T18:03:17.5354148Z Downloading scikit-learn (8.9MiB)
qlib-runtime (ubuntu-latest, 3.11)	Run scripts/run_gate.sh	2026-09-04T18:03:17.5355150Z Downloading jedi (4.7MiB)
qlib-runtime (ubuntu-latest, 3.11)	Run scripts/run_gate.sh	2026-09-04T18:03:17.5356174Z Downloading mlflow-tracing (1.7MiB)
qlib-runtime (ubuntu-latest, 3.11)	Run scripts/run_gate.sh	2026-09-04T18:03:17.5356911Z Downloading cryptography (4.5MiB)
qlib-runtime (ubuntu-latest, 3.11)	Run scripts/run_gate.sh	2026-09-04T18:03:17.5357820Z Downloading highspy (4.8MiB)
qlib-runtime (ubuntu-latest, 3.11)	Run scripts/run_gate.sh	2026-09-04T18:03:17.5361239Z Downloading mlflow (10.7MiB)
qlib-runtime (ubuntu-latest, 3.11)	Run scripts/run_gate.sh	2026-09-04T18:03:17.5362315Z Downloading pyqlib (1.3MiB)
qlib-runtime (ubuntu-latest, 3.11)	Run scripts/run_gate.sh	2026-09-04T18:03:17.5363102Z Downloading cvxpy (4.2MiB)
qlib-runtime (ubuntu-latest, 3.11)	Run scripts/run_gate.sh	2026-09-04T18:03:17.5364927Z Downloading lightgbm (3.3MiB)
qlib-runtime (ubuntu-latest, 3.11)	Run scripts/run_gate.sh	2026-09-04T18:03:17.5365815Z Downloading lxml (5.0MiB)
qlib-runtime (ubuntu-latest, 3.11)	Run scripts/run_gate.sh	2026-09-04T18:03:17.5366902Z Downloading sparsediffpy (11.5MiB)
qlib-runtime (ubuntu-latest, 3.11)	Run scripts/run_gate.sh	2026-09-04T18:03:17.5368449Z Downloading mlflow-skinny (3.5MiB)
qlib-runtime (ubuntu-latest, 3.11)	Run scripts/run_gate.sh	2026-09-04T18:03:17.5369568Z Downloading py-mini-racer (5.2MiB)
qlib-runtime (ubuntu-latest, 3.11)	Run scripts/run_gate.sh	2026-09-04T18:03:17.5370471Z Downloading qdldl (1.4MiB)
qlib-runtime (ubuntu-latest, 3.11)	Run scripts/run_gate.sh	2026-09-04T18:03:17.5371595Z Downloading scs (11.5MiB)
qlib-runtime (ubuntu-latest, 3.11)	Run scripts/run_gate.sh	2026-09-04T18:03:17.9445099Z  Downloaded clarabel
qlib-runtime (ubuntu-latest, 3.11)	Run scripts/run_gate.sh	2026-09-04T18:03:17.9445663Z  Downloaded databricks-sdk
qlib-runtime (ubuntu-latest, 3.11)	Run scripts/run_gate.sh	2026-09-04T18:03:18.1118829Z  Downloaded pygments
qlib-runtime (ubuntu-latest, 3.11)	Run scripts/run_gate.sh	2026-09-04T18:03:18.1823106Z  Downloaded kiwisolver
qlib-runtime (ubuntu-latest, 3.11)	Run scripts/run_gate.sh	2026-09-04T18:03:18.2016152Z  Downloaded qdldl
qlib-runtime (ubuntu-latest, 3.11)	Run scripts/run_gate.sh	2026-09-04T18:03:18.2031564Z  Downloaded pyqlib
qlib-runtime (ubuntu-latest, 3.11)	Run scripts/run_gate.sh	2026-09-04T18:03:18.2187288Z  Downloaded pymongo
qlib-runtime (ubuntu-latest, 3.11)	Run scripts/run_gate.sh	2026-09-04T18:03:18.2831385Z  Downloaded mlflow-tracing
qlib-runtime (ubuntu-latest, 3.11)	Run scripts/run_gate.sh	2026-09-04T18:03:18.2852295Z  Downloaded aiohttp
qlib-runtime (ubuntu-latest, 3.11)	Run scripts/run_gate.sh	2026-09-04T18:03:18.3455131Z  Downloaded pydantic-core
qlib-runtime (ubuntu-latest, 3.11)	Run scripts/run_gate.sh	2026-09-04T18:03:18.3466062Z  Downloaded widgetsnbextension
qlib-runtime (ubuntu-latest, 3.11)	Run scripts/run_gate.sh	2026-09-04T18:03:18.4384120Z  Downloaded debugpy
qlib-runtime (ubuntu-latest, 3.11)	Run scripts/run_gate.sh	2026-09-04T18:03:18.7701025Z  Downloaded lightgbm
qlib-runtime (ubuntu-latest, 3.11)	Run scripts/run_gate.sh	2026-09-04T18:03:18.8186240Z    Building gym==0.26.2
qlib-runtime (ubuntu-latest, 3.11)	Run scripts/run_gate.sh	2026-09-04T18:03:18.8690368Z  Downloaded sqlalchemy
qlib-runtime (ubuntu-latest, 3.11)	Run scripts/run_gate.sh	2026-09-04T18:03:18.9226505Z  Downloaded cryptography
qlib-runtime (ubuntu-latest, 3.11)	Run scripts/run_gate.sh	2026-09-04T18:03:18.9363611Z  Downloaded highspy
qlib-runtime (ubuntu-latest, 3.11)	Run scripts/run_gate.sh	2026-09-04T18:03:18.9560612Z  Downloaded fonttools
qlib-runtime (ubuntu-latest, 3.11)	Run scripts/run_gate.sh	2026-09-04T18:03:18.9563977Z  Downloaded mlflow-skinny
qlib-runtime (ubuntu-latest, 3.11)	Run scripts/run_gate.sh	2026-09-04T18:03:18.9564471Z  Downloaded lxml
qlib-runtime (ubuntu-latest, 3.11)	Run scripts/run_gate.sh	2026-09-04T18:03:18.9601432Z  Downloaded py-mini-racer
qlib-runtime (ubuntu-latest, 3.11)	Run scripts/run_gate.sh	2026-09-04T18:03:18.9810273Z  Downloaded notebook
qlib-runtime (ubuntu-latest, 3.11)	Run scripts/run_gate.sh	2026-09-04T18:03:18.9878627Z  Downloaded cvxpy
qlib-runtime (ubuntu-latest, 3.11)	Run scripts/run_gate.sh	2026-09-04T18:03:19.0487895Z  Downloaded pillow
qlib-runtime (ubuntu-latest, 3.11)	Run scripts/run_gate.sh	2026-09-04T18:03:19.2162859Z  Downloaded scikit-learn
qlib-runtime (ubuntu-latest, 3.11)	Run scripts/run_gate.sh	2026-09-04T18:03:19.2270183Z  Downloaded babel
qlib-runtime (ubuntu-latest, 3.11)	Run scripts/run_gate.sh	2026-09-04T18:03:19.2347843Z  Downloaded matplotlib
qlib-runtime (ubuntu-latest, 3.11)	Run scripts/run_gate.sh	2026-09-04T18:03:19.2656380Z  Downloaded sparsediffpy
qlib-runtime (ubuntu-latest, 3.11)	Run scripts/run_gate.sh	2026-09-04T18:03:19.2724582Z  Downloaded scs
qlib-runtime (ubuntu-latest, 3.11)	Run scripts/run_gate.sh	2026-09-04T18:03:19.3506549Z  Downloaded mlflow
qlib-runtime (ubuntu-latest, 3.11)	Run scripts/run_gate.sh	2026-09-04T18:03:19.4505582Z  Downloaded jupyterlab
qlib-runtime (ubuntu-latest, 3.11)	Run scripts/run_gate.sh	2026-09-04T18:03:19.4776210Z  Downloaded numpy
qlib-runtime (ubuntu-latest, 3.11)	Run scripts/run_gate.sh	2026-09-04T18:03:19.4899347Z  Downloaded jedi
qlib-runtime (ubuntu-latest, 3.11)	Run scripts/run_gate.sh	2026-09-04T18:03:19.4908991Z  Downloaded pandas
qlib-runtime (ubuntu-latest, 3.11)	Run scripts/run_gate.sh	2026-09-04T18:03:19.6236069Z  Downloaded scipy
qlib-runtime (ubuntu-latest, 3.11)	Run scripts/run_gate.sh	2026-09-04T18:03:19.6401569Z  Downloaded pyarrow
qlib-runtime (ubuntu-latest, 3.11)	Run scripts/run_gate.sh	2026-09-04T18:03:21.3236846Z       Built unified-quant @ file:///home/runner/work/unified-quant/unified-quant
qlib-runtime (ubuntu-latest, 3.11)	Run scripts/run_gate.sh	2026-09-04T18:03:21.3831101Z       Built gym==0.26.2
qlib-runtime (ubuntu-latest, 3.11)	Run scripts/run_gate.sh	2026-09-04T18:03:21.4161878Z Prepared 205 packages in 3.96s
qlib-runtime (ubuntu-latest, 3.11)	Run scripts/run_gate.sh	2026-09-04T18:03:25.6032990Z Installed 205 packages in 4.18s
qlib-runtime (ubuntu-latest, 3.11)	Run scripts/run_gate.sh	2026-09-04T18:03:25.6033559Z  + aiohappyeyeballs==2.7.1
qlib-runtime (ubuntu-latest, 3.11)	Run scripts/run_gate.sh	2026-09-04T18:03:25.6033771Z  + aiohttp==3.14.3
qlib-runtime (ubuntu-latest, 3.11)	Run scripts/run_gate.sh	2026-09-04T18:03:25.6033965Z  + aiosignal==1.4.0
qlib-runtime (ubuntu-latest, 3.11)	Run scripts/run_gate.sh	2026-09-04T18:03:25.6034205Z  + alembic==1.19.1
qlib-runtime (ubuntu-latest, 3.11)	Run scripts/run_gate.sh	2026-09-04T18:03:25.6034456Z  + annotated-doc==0.0.5
qlib-runtime (ubuntu-latest, 3.11)	Run scripts/run_gate.sh	2026-09-04T18:03:25.6034837Z  + annotated-types==0.8.0
qlib-runtime (ubuntu-latest, 3.11)	Run scripts/run_gate.sh	2026-09-04T18:03:25.6035151Z  + anyio==4.14.2
qlib-runtime (ubuntu-latest, 3.11)	Run scripts/run_gate.sh	2026-09-04T18:03:25.6035507Z  + argon2-cffi==25.1.0
qlib-runtime (ubuntu-latest, 3.11)	Run scripts/run_gate.sh	2026-09-04T18:03:25.6035758Z  + argon2-cffi-bindings==26.1.0
qlib-runtime (ubuntu-latest, 3.11)	Run scripts/run_gate.sh	2026-09-04T18:03:25.6035958Z  + arrow==1.4.0
qlib-runtime (ubuntu-latest, 3.11)	Run scripts/run_gate.sh	2026-09-04T18:03:25.6036165Z  + asttokens==3.0.2
qlib-runtime (ubuntu-latest, 3.11)	Run scripts/run_gate.sh	2026-09-04T18:03:25.6036361Z  + async-lru==2.3.0
qlib-runtime (ubuntu-latest, 3.11)	Run scripts/run_gate.sh	2026-09-04T18:03:25.6036527Z  + attrs==26.1.0
qlib-runtime (ubuntu-latest, 3.11)	Run scripts/run_gate.sh	2026-09-04T18:03:25.6036706Z  + babel==2.18.0
qlib-runtime (ubuntu-latest, 3.11)	Run scripts/run_gate.sh	2026-09-04T18:03:25.6036879Z  + beautifulsoup4==4.15.0
qlib-runtime (ubuntu-latest, 3.11)	Run scripts/run_gate.sh	2026-09-04T18:03:25.6037069Z  + bleach==6.4.0
qlib-runtime (ubuntu-latest, 3.11)	Run scripts/run_gate.sh	2026-09-04T18:03:25.6037287Z  + blinker==1.9.0
qlib-runtime (ubuntu-latest, 3.11)	Run scripts/run_gate.sh	2026-09-04T18:03:25.6037541Z  + bs4==0.0.2
qlib-runtime (ubuntu-latest, 3.11)	Run scripts/run_gate.sh	2026-09-04T18:03:25.6037726Z  + cachetools==7.1.8
qlib-runtime (ubuntu-latest, 3.11)	Run scripts/run_gate.sh	2026-09-04T18:03:25.6037947Z  + certifi==2026.7.22
qlib-runtime (ubuntu-latest, 3.11)	Run scripts/run_gate.sh	2026-09-04T18:03:25.6038139Z  + cffi==2.1.1
qlib-runtime (ubuntu-latest, 3.11)	Run scripts/run_gate.sh	2026-09-04T18:03:25.6038428Z  + charset-normalizer==3.5.1
qlib-runtime (ubuntu-latest, 3.11)	Run scripts/run_gate.sh	2026-09-04T18:03:25.6038667Z  + clarabel==0.11.1
qlib-runtime (ubuntu-latest, 3.11)	Run scripts/run_gate.sh	2026-09-04T18:03:25.6038841Z  + click==8.4.2
qlib-runtime (ubuntu-latest, 3.11)	Run scripts/run_gate.sh	2026-09-04T18:03:25.6039065Z  + cloudpickle==3.1.2
qlib-runtime (ubuntu-latest, 3.11)	Run scripts/run_gate.sh	2026-09-04T18:03:25.6039319Z  + comm==0.2.3
qlib-runtime (ubuntu-latest, 3.11)	Run scripts/run_gate.sh	2026-09-04T18:03:25.6039490Z  + contourpy==1.3.3
qlib-runtime (ubuntu-latest, 3.11)	Run scripts/run_gate.sh	2026-09-04T18:03:25.6039748Z  + cryptography==49.0.0
qlib-runtime (ubuntu-latest, 3.11)	Run scripts/run_gate.sh	2026-09-04T18:03:25.6039927Z  + cvxpy==1.9.2
qlib-runtime (ubuntu-latest, 3.11)	Run scripts/run_gate.sh	2026-09-04T18:03:25.6040133Z  + cycler==0.12.1
qlib-runtime (ubuntu-latest, 3.11)	Run scripts/run_gate.sh	2026-09-04T18:03:25.6040367Z  + databricks-sdk==0.133.0
qlib-runtime (ubuntu-latest, 3.11)	Run scripts/run_gate.sh	2026-09-04T18:03:25.6040581Z  + debugpy==1.8.21
qlib-runtime (ubuntu-latest, 3.11)	Run scripts/run_gate.sh	2026-09-04T18:03:25.6040836Z  + defusedxml==0.7.1
qlib-runtime (ubuntu-latest, 3.11)	Run scripts/run_gate.sh	2026-09-04T18:03:25.6041009Z  + dill==0.4.1
qlib-runtime (ubuntu-latest, 3.11)	Run scripts/run_gate.sh	2026-09-04T18:03:25.6041271Z  + dnspython==2.8.0
qlib-runtime (ubuntu-latest, 3.11)	Run scripts/run_gate.sh	2026-09-04T18:03:25.6041442Z  + docker==7.2.0
qlib-runtime (ubuntu-latest, 3.11)	Run scripts/run_gate.sh	2026-09-04T18:03:25.6041698Z  + executing==2.2.1
qlib-runtime (ubuntu-latest, 3.11)	Run scripts/run_gate.sh	2026-09-04T18:03:25.6041877Z  + fastapi==0.141.1
qlib-runtime (ubuntu-latest, 3.11)	Run scripts/run_gate.sh	2026-09-04T18:03:25.6042107Z  + fastjsonschema==2.22.2
qlib-runtime (ubuntu-latest, 3.11)	Run scripts/run_gate.sh	2026-09-04T18:03:25.6042349Z  + filelock==3.32.5
qlib-runtime (ubuntu-latest, 3.11)	Run scripts/run_gate.sh	2026-09-04T18:03:25.6042514Z  + fire==0.7.1
qlib-runtime (ubuntu-latest, 3.11)	Run scripts/run_gate.sh	2026-09-04T18:03:25.6042775Z  + flask==3.1.3
qlib-runtime (ubuntu-latest, 3.11)	Run scripts/run_gate.sh	2026-09-04T18:03:25.6042950Z  + flask-cors==6.0.5
qlib-runtime (ubuntu-latest, 3.11)	Run scripts/run_gate.sh	2026-09-04T18:03:25.6043142Z  + fonttools==4.64.0
qlib-runtime (ubuntu-latest, 3.11)	Run scripts/run_gate.sh	2026-09-04T18:03:25.6043401Z  + fqdn==1.5.1
qlib-runtime (ubuntu-latest, 3.11)	Run scripts/run_gate.sh	2026-09-04T18:03:25.6043629Z  + frozenlist==1.8.0
qlib-runtime (ubuntu-latest, 3.11)	Run scripts/run_gate.sh	2026-09-04T18:03:25.6043821Z  + gitdb==4.0.12
qlib-runtime (ubuntu-latest, 3.11)	Run scripts/run_gate.sh	2026-09-04T18:03:25.6044094Z  + gitpython==3.1.61
qlib-runtime (ubuntu-latest, 3.11)	Run scripts/run_gate.sh	2026-09-04T18:03:25.6044356Z  + google-auth==2.57.0
qlib-runtime (ubuntu-latest, 3.11)	Run scripts/run_gate.sh	2026-09-04T18:03:25.6044535Z  + graphene==3.4.3
qlib-runtime (ubuntu-latest, 3.11)	Run scripts/run_gate.sh	2026-09-04T18:03:25.6044857Z  + graphql-core==3.2.12
qlib-runtime (ubuntu-latest, 3.11)	Run scripts/run_gate.sh	2026-09-04T18:03:25.6051617Z  + graphql-relay==3.2.0
qlib-runtime (ubuntu-latest, 3.11)	Run scripts/run_gate.sh	2026-09-04T18:03:25.6052085Z  + greenlet==3.5.5
qlib-runtime (ubuntu-latest, 3.11)	Run scripts/run_gate.sh	2026-09-04T18:03:25.6052371Z  + gunicorn==26.2.0
qlib-runtime (ubuntu-latest, 3.11)	Run scripts/run_gate.sh	2026-09-04T18:03:25.6052677Z  + gym==0.26.2
qlib-runtime (ubuntu-latest, 3.11)	Run scripts/run_gate.sh	2026-09-04T18:03:25.6053042Z  + gym-notices==0.1.0
qlib-runtime (ubuntu-latest, 3.11)	Run scripts/run_gate.sh	2026-09-04T18:03:25.6053256Z  + h11==0.16.0
qlib-runtime (ubuntu-latest, 3.11)	Run scripts/run_gate.sh	2026-09-04T18:03:25.6053466Z  + highspy==1.15.1
qlib-runtime (ubuntu-latest, 3.11)	Run scripts/run_gate.sh	2026-09-04T18:03:25.6053703Z  + httpcore==1.0.9
qlib-runtime (ubuntu-latest, 3.11)	Run scripts/run_gate.sh	2026-09-04T18:03:25.6053915Z  + httpx==0.25.2
qlib-runtime (ubuntu-latest, 3.11)	Run scripts/run_gate.sh	2026-09-04T18:03:25.6054122Z  + huey==3.3.4
qlib-runtime (ubuntu-latest, 3.11)	Run scripts/run_gate.sh	2026-09-04T18:03:25.6054333Z  + idna==3.19
qlib-runtime (ubuntu-latest, 3.11)	Run scripts/run_gate.sh	2026-09-04T18:03:25.6054563Z  + importlib-metadata==9.0.1
qlib-runtime (ubuntu-latest, 3.11)	Run scripts/run_gate.sh	2026-09-04T18:03:25.6054958Z  + iniconfig==2.3.0
qlib-runtime (ubuntu-latest, 3.11)	Run scripts/run_gate.sh	2026-09-04T18:03:25.6055222Z  + ipykernel==7.3.0
qlib-runtime (ubuntu-latest, 3.11)	Run scripts/run_gate.sh	2026-09-04T18:03:25.6055447Z  + ipython==9.17.0
qlib-runtime (ubuntu-latest, 3.11)	Run scripts/run_gate.sh	2026-09-04T18:03:25.6055677Z  + ipython-pygments-lexers==1.1.1
qlib-runtime (ubuntu-latest, 3.11)	Run scripts/run_gate.sh	2026-09-04T18:03:25.6055924Z  + ipywidgets==8.1.9
qlib-runtime (ubuntu-latest, 3.11)	Run scripts/run_gate.sh	2026-09-04T18:03:25.6056144Z  + isoduration==20.11.0
qlib-runtime (ubuntu-latest, 3.11)	Run scripts/run_gate.sh	2026-09-04T18:03:25.6056366Z  + itsdangerous==2.2.0
qlib-runtime (ubuntu-latest, 3.11)	Run scripts/run_gate.sh	2026-09-04T18:03:25.6056585Z  + jedi==0.20.0
qlib-runtime (ubuntu-latest, 3.11)	Run scripts/run_gate.sh	2026-09-04T18:03:25.6056805Z  + jinja2==3.1.6
qlib-runtime (ubuntu-latest, 3.11)	Run scripts/run_gate.sh	2026-09-04T18:03:25.6057021Z  + joblib==1.5.3
qlib-runtime (ubuntu-latest, 3.11)	Run scripts/run_gate.sh	2026-09-04T18:03:25.6057234Z  + json5==0.15.0
qlib-runtime (ubuntu-latest, 3.11)	Run scripts/run_gate.sh	2026-09-04T18:03:25.6057445Z  + jsonpointer==3.1.1
qlib-runtime (ubuntu-latest, 3.11)	Run scripts/run_gate.sh	2026-09-04T18:03:25.6057665Z  + jsonschema==4.26.0
qlib-runtime (ubuntu-latest, 3.11)	Run scripts/run_gate.sh	2026-09-04T18:03:25.6057903Z  + jsonschema-specifications==2025.9.1
qlib-runtime (ubuntu-latest, 3.11)	Run scripts/run_gate.sh	2026-09-04T18:03:25.6058152Z  + jupyter==1.1.1
qlib-runtime (ubuntu-latest, 3.11)	Run scripts/run_gate.sh	2026-09-04T18:03:25.6058372Z  + jupyter-builder==1.2.2
qlib-runtime (ubuntu-latest, 3.11)	Run scripts/run_gate.sh	2026-09-04T18:03:25.6058603Z  + jupyter-client==8.10.0
qlib-runtime (ubuntu-latest, 3.11)	Run scripts/run_gate.sh	2026-09-04T18:03:25.6058830Z  + jupyter-console==6.6.3
qlib-runtime (ubuntu-latest, 3.11)	Run scripts/run_gate.sh	2026-09-04T18:03:25.6059053Z  + jupyter-core==5.9.1
qlib-runtime (ubuntu-latest, 3.11)	Run scripts/run_gate.sh	2026-09-04T18:03:25.6059278Z  + jupyter-events==0.12.1
qlib-runtime (ubuntu-latest, 3.11)	Run scripts/run_gate.sh	2026-09-04T18:03:25.6059505Z  + jupyter-lsp==2.3.1
qlib-runtime (ubuntu-latest, 3.11)	Run scripts/run_gate.sh	2026-09-04T18:03:25.6059727Z  + jupyter-server==2.21.0
qlib-runtime (ubuntu-latest, 3.11)	Run scripts/run_gate.sh	2026-09-04T18:03:25.6059963Z  + jupyter-server-terminals==0.5.4
qlib-runtime (ubuntu-latest, 3.11)	Run scripts/run_gate.sh	2026-09-04T18:03:25.6060216Z  + jupyterlab==4.6.3
qlib-runtime (ubuntu-latest, 3.11)	Run scripts/run_gate.sh	2026-09-04T18:03:25.6060443Z  + jupyterlab-pygments==0.3.0
qlib-runtime (ubuntu-latest, 3.11)	Run scripts/run_gate.sh	2026-09-04T18:03:25.6060683Z  + jupyterlab-server==2.28.0
qlib-runtime (ubuntu-latest, 3.11)	Run scripts/run_gate.sh	2026-09-04T18:03:25.6060921Z  + jupyterlab-widgets==3.0.17
qlib-runtime (ubuntu-latest, 3.11)	Run scripts/run_gate.sh	2026-09-04T18:03:25.6061157Z  + kiwisolver==1.5.1
qlib-runtime (ubuntu-latest, 3.11)	Run scripts/run_gate.sh	2026-09-04T18:03:25.6061371Z  + lark==1.3.1
qlib-runtime (ubuntu-latest, 3.11)	Run scripts/run_gate.sh	2026-09-04T18:03:25.6061583Z  + lightgbm==4.7.0
qlib-runtime (ubuntu-latest, 3.11)	Run scripts/run_gate.sh	2026-09-04T18:03:25.6061795Z  + loguru==0.7.3
qlib-runtime (ubuntu-latest, 3.11)	Run scripts/run_gate.sh	2026-09-04T18:03:25.6062005Z  + lxml==6.1.2
qlib-runtime (ubuntu-latest, 3.11)	Run scripts/run_gate.sh	2026-09-04T18:03:25.6062215Z  + mako==1.4.1
qlib-runtime (ubuntu-latest, 3.11)	Run scripts/run_gate.sh	2026-09-04T18:03:25.6062425Z  + markupsafe==3.0.3
qlib-runtime (ubuntu-latest, 3.11)	Run scripts/run_gate.sh	2026-09-04T18:03:25.6062644Z  + matplotlib==3.11.1
qlib-runtime (ubuntu-latest, 3.11)	Run scripts/run_gate.sh	2026-09-04T18:03:25.6062870Z  + matplotlib-inline==0.2.2
qlib-runtime (ubuntu-latest, 3.11)	Run scripts/run_gate.sh	2026-09-04T18:03:25.6063103Z  + mistune==3.3.4
qlib-runtime (ubuntu-latest, 3.11)	Run scripts/run_gate.sh	2026-09-04T18:03:25.6063314Z  + mlflow==3.15.2
qlib-runtime (ubuntu-latest, 3.11)	Run scripts/run_gate.sh	2026-09-04T18:03:25.6063529Z  + mlflow-skinny==3.15.2
qlib-runtime (ubuntu-latest, 3.11)	Run scripts/run_gate.sh	2026-09-04T18:03:25.6063759Z  + mlflow-tracing==3.15.2
qlib-runtime (ubuntu-latest, 3.11)	Run scripts/run_gate.sh	2026-09-04T18:03:25.6063981Z  + mootdx==0.11.7
qlib-runtime (ubuntu-latest, 3.11)	Run scripts/run_gate.sh	2026-09-04T18:03:25.6064190Z  + multidict==6.7.1
qlib-runtime (ubuntu-latest, 3.11)	Run scripts/run_gate.sh	2026-09-04T18:03:25.6064402Z  + narwhals==2.25.0
qlib-runtime (ubuntu-latest, 3.11)	Run scripts/run_gate.sh	2026-09-04T18:03:25.6064623Z  + nbclient==0.11.0
qlib-runtime (ubuntu-latest, 3.11)	Run scripts/run_gate.sh	2026-09-04T18:03:25.6064944Z  + nbconvert==7.17.1
qlib-runtime (ubuntu-latest, 3.11)	Run scripts/run_gate.sh	2026-09-04T18:03:25.6065126Z  + nbformat==5.11.1
qlib-runtime (ubuntu-latest, 3.11)	Run scripts/run_gate.sh	2026-09-04T18:03:25.6065301Z  + nest-asyncio2==1.7.2
qlib-runtime (ubuntu-latest, 3.11)	Run scripts/run_gate.sh	2026-09-04T18:03:25.6065500Z  + notebook==7.6.2
qlib-runtime (ubuntu-latest, 3.11)	Run scripts/run_gate.sh	2026-09-04T18:03:25.6065676Z  + notebook-shim==0.2.4
qlib-runtime (ubuntu-latest, 3.11)	Run scripts/run_gate.sh	2026-09-04T18:03:25.6065859Z  + numpy==2.4.6
qlib-runtime (ubuntu-latest, 3.11)	Run scripts/run_gate.sh	2026-09-04T18:03:25.6066036Z  + opentelemetry-api==1.44.0
qlib-runtime (ubuntu-latest, 3.11)	Run scripts/run_gate.sh	2026-09-04T18:03:25.6066248Z  + opentelemetry-proto==1.44.0
qlib-runtime (ubuntu-latest, 3.11)	Run scripts/run_gate.sh	2026-09-04T18:03:25.6066461Z  + opentelemetry-sdk==1.44.0
qlib-runtime (ubuntu-latest, 3.11)	Run scripts/run_gate.sh	2026-09-04T18:03:25.6066700Z  + opentelemetry-semantic-conventions==0.65b0
qlib-runtime (ubuntu-latest, 3.11)	Run scripts/run_gate.sh	2026-09-04T18:03:25.6066946Z  + osqp==1.1.3
qlib-runtime (ubuntu-latest, 3.11)	Run scripts/run_gate.sh	2026-09-04T18:03:25.6067108Z  + overrides==7.7.0
qlib-runtime (ubuntu-latest, 3.11)	Run scripts/run_gate.sh	2026-09-04T18:03:25.6067277Z  + packaging==26.3
qlib-runtime (ubuntu-latest, 3.11)	Run scripts/run_gate.sh	2026-09-04T18:03:25.6067442Z  + pandas==2.3.3
qlib-runtime (ubuntu-latest, 3.11)	Run scripts/run_gate.sh	2026-09-04T18:03:25.6067613Z  + pandocfilters==1.5.1
qlib-runtime (ubuntu-latest, 3.11)	Run scripts/run_gate.sh	2026-09-04T18:03:25.6067791Z  + parso==0.8.7
qlib-runtime (ubuntu-latest, 3.11)	Run scripts/run_gate.sh	2026-09-04T18:03:25.6067956Z  + pexpect==4.9.0
qlib-runtime (ubuntu-latest, 3.11)	Run scripts/run_gate.sh	2026-09-04T18:03:25.6068120Z  + pillow==12.3.0
qlib-runtime (ubuntu-latest, 3.11)	Run scripts/run_gate.sh	2026-09-04T18:03:25.6068290Z  + platformdirs==4.11.5
qlib-runtime (ubuntu-latest, 3.11)	Run scripts/run_gate.sh	2026-09-04T18:03:25.6068467Z  + pluggy==1.6.0
qlib-runtime (ubuntu-latest, 3.11)	Run scripts/run_gate.sh	2026-09-04T18:03:25.6068635Z  + prettytable==3.18.0
qlib-runtime (ubuntu-latest, 3.11)	Run scripts/run_gate.sh	2026-09-04T18:03:25.6068823Z  + prometheus-client==0.26.0
qlib-runtime (ubuntu-latest, 3.11)	Run scripts/run_gate.sh	2026-09-04T18:03:25.6069024Z  + prompt-toolkit==3.0.53
qlib-runtime (ubuntu-latest, 3.11)	Run scripts/run_gate.sh	2026-09-04T18:03:25.6069210Z  + propcache==0.5.2
qlib-runtime (ubuntu-latest, 3.11)	Run scripts/run_gate.sh	2026-09-04T18:03:25.6069380Z  + protobuf==6.33.6
qlib-runtime (ubuntu-latest, 3.11)	Run scripts/run_gate.sh	2026-09-04T18:03:25.6069668Z  + psutil==7.2.2
qlib-runtime (ubuntu-latest, 3.11)	Run scripts/run_gate.sh	2026-09-04T18:03:25.6069838Z  + ptyprocess==0.7.0
qlib-runtime (ubuntu-latest, 3.11)	Run scripts/run_gate.sh	2026-09-04T18:03:25.6070016Z  + pure-eval==0.2.3
qlib-runtime (ubuntu-latest, 3.11)	Run scripts/run_gate.sh	2026-09-04T18:03:25.6070280Z  + py-mini-racer==0.6.0
qlib-runtime (ubuntu-latest, 3.11)	Run scripts/run_gate.sh	2026-09-04T18:03:25.6070461Z  + pyarrow==25.0.1
qlib-runtime (ubuntu-latest, 3.11)	Run scripts/run_gate.sh	2026-09-04T18:03:25.6070625Z  + pyasn1==0.6.4
qlib-runtime (ubuntu-latest, 3.11)	Run scripts/run_gate.sh	2026-09-04T18:03:25.6070797Z  + pyasn1-modules==0.4.2
qlib-runtime (ubuntu-latest, 3.11)	Run scripts/run_gate.sh	2026-09-04T18:03:25.6070982Z  + pycparser==3.0
qlib-runtime (ubuntu-latest, 3.11)	Run scripts/run_gate.sh	2026-09-04T18:03:25.6071150Z  + pydantic==2.13.5
qlib-runtime (ubuntu-latest, 3.11)	Run scripts/run_gate.sh	2026-09-04T18:03:25.6071323Z  + pydantic-core==2.46.5
qlib-runtime (ubuntu-latest, 3.11)	Run scripts/run_gate.sh	2026-09-04T18:03:25.6071519Z  + pydantic-settings==2.15.0
qlib-runtime (ubuntu-latest, 3.11)	Run scripts/run_gate.sh	2026-09-04T18:03:25.6071721Z  + pygments==2.21.0
qlib-runtime (ubuntu-latest, 3.11)	Run scripts/run_gate.sh	2026-09-04T18:03:25.6071891Z  + pymongo==4.17.0
qlib-runtime (ubuntu-latest, 3.11)	Run scripts/run_gate.sh	2026-09-04T18:03:25.6072057Z  + pyparsing==3.3.2
qlib-runtime (ubuntu-latest, 3.11)	Run scripts/run_gate.sh	2026-09-04T18:03:25.6072224Z  + pyqlib==0.9.7
qlib-runtime (ubuntu-latest, 3.11)	Run scripts/run_gate.sh	2026-09-04T18:03:25.6072385Z  + pytest==9.1.1
qlib-runtime (ubuntu-latest, 3.11)	Run scripts/run_gate.sh	2026-09-04T18:03:25.6072562Z  + python-dateutil==2.9.0.post0
qlib-runtime (ubuntu-latest, 3.11)	Run scripts/run_gate.sh	2026-09-04T18:03:25.6072767Z  + python-dotenv==1.2.3
qlib-runtime (ubuntu-latest, 3.11)	Run scripts/run_gate.sh	2026-09-04T18:03:25.6072957Z  + python-json-logger==4.2.0
qlib-runtime (ubuntu-latest, 3.11)	Run scripts/run_gate.sh	2026-09-04T18:03:25.6073160Z  + python-redis-lock==4.0.1
qlib-runtime (ubuntu-latest, 3.11)	Run scripts/run_gate.sh	2026-09-04T18:03:25.6073359Z  + pytz==2026.3.post1
qlib-runtime (ubuntu-latest, 3.11)	Run scripts/run_gate.sh	2026-09-04T18:03:25.6073534Z  + pyyaml==6.0.3
qlib-runtime (ubuntu-latest, 3.11)	Run scripts/run_gate.sh	2026-09-04T18:03:25.6073696Z  + pyzmq==27.2.0
qlib-runtime (ubuntu-latest, 3.11)	Run scripts/run_gate.sh	2026-09-04T18:03:25.6073870Z  + qdldl==0.1.9.post1
qlib-runtime (ubuntu-latest, 3.11)	Run scripts/run_gate.sh	2026-09-04T18:03:25.6074044Z  + redis==8.1.0
qlib-runtime (ubuntu-latest, 3.11)	Run scripts/run_gate.sh	2026-09-04T18:03:25.6074210Z  + referencing==0.37.0
qlib-runtime (ubuntu-latest, 3.11)	Run scripts/run_gate.sh	2026-09-04T18:03:25.6074387Z  + requests==2.34.2
qlib-runtime (ubuntu-latest, 3.11)	Run scripts/run_gate.sh	2026-09-04T18:03:25.6074563Z  + rfc3339-validator==0.1.4
qlib-runtime (ubuntu-latest, 3.11)	Run scripts/run_gate.sh	2026-09-04T18:03:25.6074871Z  + rfc3986-validator==0.1.1
qlib-runtime (ubuntu-latest, 3.11)	Run scripts/run_gate.sh	2026-09-04T18:03:25.6075051Z  + rfc3987-syntax==1.1.0
qlib-runtime (ubuntu-latest, 3.11)	Run scripts/run_gate.sh	2026-09-04T18:03:25.6075237Z  + rpds-py==2026.6.3
qlib-runtime (ubuntu-latest, 3.11)	Run scripts/run_gate.sh	2026-09-04T18:03:25.6075415Z  + ruamel-yaml==0.19.1
qlib-runtime (ubuntu-latest, 3.11)	Run scripts/run_gate.sh	2026-09-04T18:03:25.6075595Z  + scikit-learn==1.9.0
qlib-runtime (ubuntu-latest, 3.11)	Run scripts/run_gate.sh	2026-09-04T18:03:25.6075770Z  + scipy==1.17.1
qlib-runtime (ubuntu-latest, 3.11)	Run scripts/run_gate.sh	2026-09-04T18:03:25.6075932Z  + scs==3.2.11
qlib-runtime (ubuntu-latest, 3.11)	Run scripts/run_gate.sh	2026-09-04T18:03:25.6076107Z  + send2trash==2.1.0
qlib-runtime (ubuntu-latest, 3.11)	Run scripts/run_gate.sh	2026-09-04T18:03:25.6076283Z  + setuptools==84.0.0
qlib-runtime (ubuntu-latest, 3.11)	Run scripts/run_gate.sh	2026-09-04T18:03:25.6076461Z  + simplejson==4.1.1
qlib-runtime (ubuntu-latest, 3.11)	Run scripts/run_gate.sh	2026-09-04T18:03:25.6076630Z  + six==1.17.0
qlib-runtime (ubuntu-latest, 3.11)	Run scripts/run_gate.sh	2026-09-04T18:03:25.6076789Z  + skops==0.14.0
qlib-runtime (ubuntu-latest, 3.11)	Run scripts/run_gate.sh	2026-09-04T18:03:25.6076951Z  + smmap==5.0.3
qlib-runtime (ubuntu-latest, 3.11)	Run scripts/run_gate.sh	2026-09-04T18:03:25.6077118Z  + sniffio==1.3.1
qlib-runtime (ubuntu-latest, 3.11)	Run scripts/run_gate.sh	2026-09-04T18:03:25.6077672Z  + soupsieve==2.9.2
qlib-runtime (ubuntu-latest, 3.11)	Run scripts/run_gate.sh	2026-09-04T18:03:25.6092175Z  + sparsediffpy==0.3.0
qlib-runtime (ubuntu-latest, 3.11)	Run scripts/run_gate.sh	2026-09-04T18:03:25.6092379Z  + sqlalchemy==2.0.52
qlib-runtime (ubuntu-latest, 3.11)	Run scripts/run_gate.sh	2026-09-04T18:03:25.6092555Z  + sqlparse==0.6.0
qlib-runtime (ubuntu-latest, 3.11)	Run scripts/run_gate.sh	2026-09-04T18:03:25.6092731Z  + stack-data==0.6.3
qlib-runtime (ubuntu-latest, 3.11)	Run scripts/run_gate.sh	2026-09-04T18:03:25.6092908Z  + starlette==1.6.0
qlib-runtime (ubuntu-latest, 3.11)	Run scripts/run_gate.sh	2026-09-04T18:03:25.6093085Z  + tdxpy==0.2.7
qlib-runtime (ubuntu-latest, 3.11)	Run scripts/run_gate.sh	2026-09-04T18:03:25.6093257Z  + tenacity==8.5.0
qlib-runtime (ubuntu-latest, 3.11)	Run scripts/run_gate.sh	2026-09-04T18:03:25.6093432Z  + termcolor==3.3.0
qlib-runtime (ubuntu-latest, 3.11)	Run scripts/run_gate.sh	2026-09-04T18:03:25.6093610Z  + terminado==0.18.1
qlib-runtime (ubuntu-latest, 3.11)	Run scripts/run_gate.sh	2026-09-04T18:03:25.6093800Z  + threadpoolctl==3.6.0
qlib-runtime (ubuntu-latest, 3.11)	Run scripts/run_gate.sh	2026-09-04T18:03:25.6093931Z  + tinycss2==1.5.1
qlib-runtime (ubuntu-latest, 3.11)	Run scripts/run_gate.sh	2026-09-04T18:03:25.6094041Z  + tornado==6.5.8
qlib-runtime (ubuntu-latest, 3.11)	Run scripts/run_gate.sh	2026-09-04T18:03:25.6094160Z  + tqdm==4.70.0
qlib-runtime (ubuntu-latest, 3.11)	Run scripts/run_gate.sh	2026-09-04T18:03:25.6094271Z  + traitlets==5.16.1
qlib-runtime (ubuntu-latest, 3.11)	Run scripts/run_gate.sh	2026-09-04T18:03:25.6094389Z  + tushare==1.4.29
qlib-runtime (ubuntu-latest, 3.11)	Run scripts/run_gate.sh	2026-09-04T18:03:25.6094512Z  + typing-extensions==4.16.0
qlib-runtime (ubuntu-latest, 3.11)	Run scripts/run_gate.sh	2026-09-04T18:03:25.6094653Z  + typing-inspection==0.4.4
qlib-runtime (ubuntu-latest, 3.11)	Run scripts/run_gate.sh	2026-09-04T18:03:25.6095022Z  + tzdata==2026.3
qlib-runtime (ubuntu-latest, 3.11)	Run scripts/run_gate.sh	2026-09-04T18:03:25.6095226Z  + unified-quant==0.1.0 (from file:///home/runner/work/unified-quant/unified-quant)
qlib-runtime (ubuntu-latest, 3.11)	Run scripts/run_gate.sh	2026-09-04T18:03:25.6095461Z  + uri-template==1.3.0
qlib-runtime (ubuntu-latest, 3.11)	Run scripts/run_gate.sh	2026-09-04T18:03:25.6095588Z  + urllib3==2.7.0
qlib-runtime (ubuntu-latest, 3.11)	Run scripts/run_gate.sh	2026-09-04T18:03:25.6095698Z  + uvicorn==0.52.4
qlib-runtime (ubuntu-latest, 3.11)	Run scripts/run_gate.sh	2026-09-04T18:03:25.6095812Z  + wcwidth==0.8.2
qlib-runtime (ubuntu-latest, 3.11)	Run scripts/run_gate.sh	2026-09-04T18:03:25.6095925Z  + webcolors==25.10.0
qlib-runtime (ubuntu-latest, 3.11)	Run scripts/run_gate.sh	2026-09-04T18:03:25.6096049Z  + webencodings==0.6.1
qlib-runtime (ubuntu-latest, 3.11)	Run scripts/run_gate.sh	2026-09-04T18:03:25.6096176Z  + websocket-client==1.9.0
qlib-runtime (ubuntu-latest, 3.11)	Run scripts/run_gate.sh	2026-09-04T18:03:25.6096306Z  + werkzeug==3.1.8
qlib-runtime (ubuntu-latest, 3.11)	Run scripts/run_gate.sh	2026-09-04T18:03:25.6096432Z  + widgetsnbextension==4.0.16
qlib-runtime (ubuntu-latest, 3.11)	Run scripts/run_gate.sh	2026-09-04T18:03:25.6096564Z  + yarl==1.24.5
qlib-runtime (ubuntu-latest, 3.11)	Run scripts/run_gate.sh	2026-09-04T18:03:25.6096674Z  + zipp==4.1.0
qlib-runtime (ubuntu-latest, 3.11)	Run scripts/run_gate.sh	2026-09-04T18:03:34.6701923Z ........................................................................ [ 17%]
qlib-runtime (ubuntu-latest, 3.11)	Run scripts/run_gate.sh	2026-09-04T18:03:36.3065184Z ........................................................................ [ 34%]
qlib-runtime (ubuntu-latest, 3.11)	Run scripts/run_gate.sh	2026-09-04T18:03:44.3301581Z ........................................................................ [ 51%]
qlib-runtime (ubuntu-latest, 3.11)	Run scripts/run_gate.sh	2026-09-04T18:04:05.4993567Z ........................................................................ [ 68%]
qlib-runtime (ubuntu-latest, 3.11)	Run scripts/run_gate.sh	2026-09-04T18:04:12.5040279Z ........................................................................ [ 86%]
qlib-runtime (ubuntu-latest, 3.11)	Run scripts/run_gate.sh	2026-09-04T18:04:14.8120599Z ..........................................................               [100%]
qlib-runtime (ubuntu-latest, 3.11)	Run scripts/run_gate.sh	2026-09-04T18:04:14.8121103Z =============================== warnings summary ===============================
qlib-runtime (ubuntu-latest, 3.11)	Run scripts/run_gate.sh	2026-09-04T18:04:14.8121578Z tests/test_release_acceptance.py::test_null_rate_threshold_rejects_publication
qlib-runtime (ubuntu-latest, 3.11)	Run scripts/run_gate.sh	2026-09-04T18:04:14.8123387Z tests/test_release_acceptance.py::test_null_rate_threshold_rejects_publication
qlib-runtime (ubuntu-latest, 3.11)	Run scripts/run_gate.sh	2026-09-04T18:04:14.8123894Z tests/test_release_acceptance.py::test_null_rate_threshold_rejects_publication
qlib-runtime (ubuntu-latest, 3.11)	Run scripts/run_gate.sh	2026-09-04T18:04:14.8124337Z tests/test_release_acceptance.py::test_null_rate_threshold_rejects_publication
qlib-runtime (ubuntu-latest, 3.11)	Run scripts/run_gate.sh	2026-09-04T18:04:14.8124649Z tests/test_release_acceptance.py::test_null_rate_threshold_rejects_publication
qlib-runtime (ubuntu-latest, 3.11)	Run scripts/run_gate.sh	2026-09-04T18:04:14.8125192Z tests/test_release_acceptance.py::test_null_rate_threshold_rejects_publication
qlib-runtime (ubuntu-latest, 3.11)	Run scripts/run_gate.sh	2026-09-04T18:04:14.8126002Z   /home/runner/work/unified-quant/unified-quant/src/uq/factors/raw_price.py:49: FutureWarning: Downcasting object dtype arrays on .fillna, .ffill, .bfill is deprecated and will change in a future version. Call result.infer_objects(copy=False) instead. To opt-in to the future behavior, set `pd.set_option('future.no_silent_downcasting', True)`
qlib-runtime (ubuntu-latest, 3.11)	Run scripts/run_gate.sh	2026-09-04T18:04:14.8126838Z     normalized = frame[columns].round(12).fillna(-0.0).replace([np.inf, -np.inf], np.nan).round(12)
qlib-runtime (ubuntu-latest, 3.11)	Run scripts/run_gate.sh	2026-09-04T18:04:14.8127042Z 
qlib-runtime (ubuntu-latest, 3.11)	Run scripts/run_gate.sh	2026-09-04T18:04:14.8127174Z -- Docs: https://docs.pytest.org/en/stable/how-to/capture-warnings.html
qlib-runtime (ubuntu-latest, 3.11)	Run scripts/run_gate.sh	2026-09-04T18:04:14.8127399Z 418 passed, 6 warnings in 46.81s
qlib-runtime (ubuntu-latest, 3.11)	Run scripts/run_gate.sh	2026-09-04T18:04:15.6739291Z gate report: /home/runner/work/unified-quant/unified-quant/.gate/gate-report.json
qlib-runtime (ubuntu-latest, 3.11)	Record Qlib runtime cell	﻿2026-09-04T18:04:15.6782181Z ##[group]Run mkdir -p .gate/certification
qlib-runtime (ubuntu-latest, 3.11)	Record Qlib runtime cell	2026-09-04T18:04:15.6782406Z ^[[36;1mmkdir -p .gate/certification^[[0m
qlib-runtime (ubuntu-latest, 3.11)	Record Qlib runtime cell	2026-09-04T18:04:15.6782660Z ^[[36;1mprintf '%s\n' "ubuntu-latest/3.11/qlib" > .gate/certification/environment-cell.txt^[[0m
qlib-runtime (ubuntu-latest, 3.11)	Record Qlib runtime cell	2026-09-04T18:04:15.6812672Z shell: /usr/bin/bash -e {0}
qlib-runtime (ubuntu-latest, 3.11)	Record Qlib runtime cell	2026-09-04T18:04:15.6812810Z env:
qlib-runtime (ubuntu-latest, 3.11)	Record Qlib runtime cell	2026-09-04T18:04:15.6812935Z   UQ_GATE_EXTRAS: qlib
qlib-runtime (ubuntu-latest, 3.11)	Record Qlib runtime cell	2026-09-04T18:04:15.6813097Z   pythonLocation: /opt/hostedtoolcache/Python/3.11.16/x64
qlib-runtime (ubuntu-latest, 3.11)	Record Qlib runtime cell	2026-09-04T18:04:15.6813334Z   PKG_CONFIG_PATH: /opt/hostedtoolcache/Python/3.11.16/x64/lib/pkgconfig
qlib-runtime (ubuntu-latest, 3.11)	Record Qlib runtime cell	2026-09-04T18:04:15.6813587Z   Python_ROOT_DIR: /opt/hostedtoolcache/Python/3.11.16/x64
qlib-runtime (ubuntu-latest, 3.11)	Record Qlib runtime cell	2026-09-04T18:04:15.6813794Z   Python2_ROOT_DIR: /opt/hostedtoolcache/Python/3.11.16/x64
qlib-runtime (ubuntu-latest, 3.11)	Record Qlib runtime cell	2026-09-04T18:04:15.6814002Z   Python3_ROOT_DIR: /opt/hostedtoolcache/Python/3.11.16/x64
qlib-runtime (ubuntu-latest, 3.11)	Record Qlib runtime cell	2026-09-04T18:04:15.6814209Z   LD_LIBRARY_PATH: /opt/hostedtoolcache/Python/3.11.16/x64/lib
qlib-runtime (ubuntu-latest, 3.11)	Record Qlib runtime cell	2026-09-04T18:04:15.6814412Z   UV_CACHE_DIR: /home/runner/work/_temp/setup-uv-cache
qlib-runtime (ubuntu-latest, 3.11)	Record Qlib runtime cell	2026-09-04T18:04:15.6814608Z ##[endgroup]
qlib-runtime (ubuntu-latest, 3.11)	Run actions/upload-artifact@v4	﻿2026-09-04T18:04:15.6905999Z Node 20 is being deprecated. This workflow is running with Node 24 by default. If you need to temporarily use Node 20, you can set the ACTIONS_ALLOW_USE_UNSECURE_NODE_VERSION=true environment variable. For more information see: https://github.blog/changelog/2025-09-19-deprecation-of-node-20-on-github-actions-runners/
qlib-runtime (ubuntu-latest, 3.11)	Run actions/upload-artifact@v4	2026-09-04T18:04:15.6906673Z ##[group]Run actions/upload-artifact@v4
qlib-runtime (ubuntu-latest, 3.11)	Run actions/upload-artifact@v4	2026-09-04T18:04:15.6906819Z with:
qlib-runtime (ubuntu-latest, 3.11)	Run actions/upload-artifact@v4	2026-09-04T18:04:15.6906947Z   name: qlib-gate-report-ubuntu-latest-3.11
qlib-runtime (ubuntu-latest, 3.11)	Run actions/upload-artifact@v4	2026-09-04T18:04:15.6907279Z   path: .gate/gate-report.json
qlib-runtime (ubuntu-latest, 3.11)	Run actions/upload-artifact@v4	.gate/requirements.lock.txt
qlib-runtime (ubuntu-latest, 3.11)	Run actions/upload-artifact@v4	.gate/requirements.lock.txt.sha256
qlib-runtime (ubuntu-latest, 3.11)	Run actions/upload-artifact@v4	.gate/certification/environment-cell.txt
qlib-runtime (ubuntu-latest, 3.11)	Run actions/upload-artifact@v4	
qlib-runtime (ubuntu-latest, 3.11)	Run actions/upload-artifact@v4	2026-09-04T18:04:15.6907606Z   if-no-files-found: error
qlib-runtime (ubuntu-latest, 3.11)	Run actions/upload-artifact@v4	2026-09-04T18:04:15.6907758Z   compression-level: 6
qlib-runtime (ubuntu-latest, 3.11)	Run actions/upload-artifact@v4	2026-09-04T18:04:15.6907882Z   overwrite: false
qlib-runtime (ubuntu-latest, 3.11)	Run actions/upload-artifact@v4	2026-09-04T18:04:15.6908004Z   include-hidden-files: false
qlib-runtime (ubuntu-latest, 3.11)	Run actions/upload-artifact@v4	2026-09-04T18:04:15.6908133Z env:
qlib-runtime (ubuntu-latest, 3.11)	Run actions/upload-artifact@v4	2026-09-04T18:04:15.6908237Z   UQ_GATE_EXTRAS: qlib
qlib-runtime (ubuntu-latest, 3.11)	Run actions/upload-artifact@v4	2026-09-04T18:04:15.6908392Z   pythonLocation: /opt/hostedtoolcache/Python/3.11.16/x64
qlib-runtime (ubuntu-latest, 3.11)	Run actions/upload-artifact@v4	2026-09-04T18:04:15.6908636Z   PKG_CONFIG_PATH: /opt/hostedtoolcache/Python/3.11.16/x64/lib/pkgconfig
qlib-runtime (ubuntu-latest, 3.11)	Run actions/upload-artifact@v4	2026-09-04T18:04:15.6908865Z   Python_ROOT_DIR: /opt/hostedtoolcache/Python/3.11.16/x64
qlib-runtime (ubuntu-latest, 3.11)	Run actions/upload-artifact@v4	2026-09-04T18:04:15.6909069Z   Python2_ROOT_DIR: /opt/hostedtoolcache/Python/3.11.16/x64
qlib-runtime (ubuntu-latest, 3.11)	Run actions/upload-artifact@v4	2026-09-04T18:04:15.6909402Z   Python3_ROOT_DIR: /opt/hostedtoolcache/Python/3.11.16/x64
qlib-runtime (ubuntu-latest, 3.11)	Run actions/upload-artifact@v4	2026-09-04T18:04:15.6909607Z   LD_LIBRARY_PATH: /opt/hostedtoolcache/Python/3.11.16/x64/lib
qlib-runtime (ubuntu-latest, 3.11)	Run actions/upload-artifact@v4	2026-09-04T18:04:15.6909808Z   UV_CACHE_DIR: /home/runner/work/_temp/setup-uv-cache
qlib-runtime (ubuntu-latest, 3.11)	Run actions/upload-artifact@v4	2026-09-04T18:04:15.6909974Z ##[endgroup]
qlib-runtime (ubuntu-latest, 3.11)	Run actions/upload-artifact@v4	2026-09-04T18:04:15.7999498Z (node:2274) [DEP0040] DeprecationWarning: The `punycode` module is deprecated. Please use a userland alternative instead.
qlib-runtime (ubuntu-latest, 3.11)	Run actions/upload-artifact@v4	2026-09-04T18:04:15.8000011Z (Use `node --trace-deprecation ...` to show where the warning was created)
qlib-runtime (ubuntu-latest, 3.11)	Run actions/upload-artifact@v4	2026-09-04T18:04:15.8064313Z Multiple search paths detected. Calculating the least common ancestor of all paths
qlib-runtime (ubuntu-latest, 3.11)	Run actions/upload-artifact@v4	2026-09-04T18:04:15.8065697Z The least common ancestor is /home/runner/work/unified-quant/unified-quant/.gate. This will be the root directory of the artifact
qlib-runtime (ubuntu-latest, 3.11)	Run actions/upload-artifact@v4	2026-09-04T18:04:15.8066297Z With the provided path, there will be 4 files uploaded
qlib-runtime (ubuntu-latest, 3.11)	Run actions/upload-artifact@v4	2026-09-04T18:04:15.8066732Z Artifact name is valid!
qlib-runtime (ubuntu-latest, 3.11)	Run actions/upload-artifact@v4	2026-09-04T18:04:15.8066944Z Root directory input is valid!
qlib-runtime (ubuntu-latest, 3.11)	Run actions/upload-artifact@v4	2026-09-04T18:04:16.1912887Z Beginning upload of artifact content to blob storage
qlib-runtime (ubuntu-latest, 3.11)	Run actions/upload-artifact@v4	2026-09-04T18:04:16.2048232Z (node:2274) [DEP0169] DeprecationWarning: `url.parse()` behavior is not standardized and prone to errors that have security implications. Use the WHATWG URL API instead. CVEs are not issued for `url.parse()` vulnerabilities.
qlib-runtime (ubuntu-latest, 3.11)	Run actions/upload-artifact@v4	2026-09-04T18:04:16.5052668Z Uploaded bytes 4586
qlib-runtime (ubuntu-latest, 3.11)	Run actions/upload-artifact@v4	2026-09-04T18:04:16.5866553Z Finished uploading artifact content to blob storage!
qlib-runtime (ubuntu-latest, 3.11)	Run actions/upload-artifact@v4	2026-09-04T18:04:16.5867126Z SHA256 digest of uploaded artifact zip is 619b5b6299803e44c90cc235020e176256918137003612934d2b3eb4f46a1d83
qlib-runtime (ubuntu-latest, 3.11)	Run actions/upload-artifact@v4	2026-09-04T18:04:16.5868180Z Finalizing artifact upload
qlib-runtime (ubuntu-latest, 3.11)	Run actions/upload-artifact@v4	2026-09-04T18:04:16.8747062Z Artifact qlib-gate-report-ubuntu-latest-3.11.zip successfully finalized. Artifact ID 9948679341
qlib-runtime (ubuntu-latest, 3.11)	Run actions/upload-artifact@v4	2026-09-04T18:04:16.8747983Z Artifact qlib-gate-report-ubuntu-latest-3.11 has been successfully uploaded! Final size is 4586 bytes. Artifact ID is 9948679341
qlib-runtime (ubuntu-latest, 3.11)	Run actions/upload-artifact@v4	2026-09-04T18:04:16.8752735Z Artifact download URL: https://github.com/ljheee/unified-quant/actions/runs/33903807546/artifacts/9948679341
qlib-runtime (ubuntu-latest, 3.11)	Post Run astral-sh/setup-uv@v3	﻿2026-09-04T18:04:16.8885594Z Node 20 is being deprecated. This workflow is running with Node 24 by default. If you need to temporarily use Node 20, you can set the ACTIONS_ALLOW_USE_UNSECURE_NODE_VERSION=true environment variable. For more information see: https://github.blog/changelog/2025-09-19-deprecation-of-node-20-on-github-actions-runners/
qlib-runtime (ubuntu-latest, 3.11)	Post Run astral-sh/setup-uv@v3	2026-09-04T18:04:16.8886266Z Post job cleanup.
qlib-runtime (ubuntu-latest, 3.11)	Post Run actions/setup-python@v5	﻿2026-09-04T18:04:16.9691293Z Node 20 is being deprecated. This workflow is running with Node 24 by default. If you need to temporarily use Node 20, you can set the ACTIONS_ALLOW_USE_UNSECURE_NODE_VERSION=true environment variable. For more information see: https://github.blog/changelog/2025-09-19-deprecation-of-node-20-on-github-actions-runners/
qlib-runtime (ubuntu-latest, 3.11)	Post Run actions/setup-python@v5	2026-09-04T18:04:16.9691955Z Post job cleanup.
qlib-runtime (ubuntu-latest, 3.11)	Post Run actions/setup-python@v5	2026-09-04T18:04:17.0423490Z (node:2294) [DEP0040] DeprecationWarning: The `punycode` module is deprecated. Please use a userland alternative instead.
qlib-runtime (ubuntu-latest, 3.11)	Post Run actions/setup-python@v5	2026-09-04T18:04:17.0424206Z (Use `node --trace-deprecation ...` to show where the warning was created)
qlib-runtime (ubuntu-latest, 3.11)	Post Run actions/checkout@v4	﻿2026-09-04T18:04:17.0546036Z Node 20 is being deprecated. This workflow is running with Node 24 by default. If you need to temporarily use Node 20, you can set the ACTIONS_ALLOW_USE_UNSECURE_NODE_VERSION=true environment variable. For more information see: https://github.blog/changelog/2025-09-19-deprecation-of-node-20-on-github-actions-runners/
qlib-runtime (ubuntu-latest, 3.11)	Post Run actions/checkout@v4	2026-09-04T18:04:17.0546832Z Post job cleanup.
qlib-runtime (ubuntu-latest, 3.11)	Post Run actions/checkout@v4	2026-09-04T18:04:17.1130184Z [command]/usr/bin/git version
qlib-runtime (ubuntu-latest, 3.11)	Post Run actions/checkout@v4	2026-09-04T18:04:17.1160893Z git version 2.55.0
qlib-runtime (ubuntu-latest, 3.11)	Post Run actions/checkout@v4	2026-09-04T18:04:17.1183309Z Temporarily overriding HOME='/home/runner/work/_temp/fe5d94c1-cfd4-4bae-a23d-8ed8ba79d4c3' before making global git config changes
qlib-runtime (ubuntu-latest, 3.11)	Post Run actions/checkout@v4	2026-09-04T18:04:17.1184004Z Adding repository directory to the temporary git global config as a safe directory
qlib-runtime (ubuntu-latest, 3.11)	Post Run actions/checkout@v4	2026-09-04T18:04:17.1187113Z [command]/usr/bin/git config --global --add safe.directory /home/runner/work/unified-quant/unified-quant
qlib-runtime (ubuntu-latest, 3.11)	Post Run actions/checkout@v4	2026-09-04T18:04:17.1217470Z [command]/usr/bin/git config --local --name-only --get-regexp core\.sshCommand
qlib-runtime (ubuntu-latest, 3.11)	Post Run actions/checkout@v4	2026-09-04T18:04:17.1246475Z [command]/usr/bin/git submodule foreach --recursive sh -c "git config --local --name-only --get-regexp 'core\.sshCommand' && git config --local --unset-all 'core.sshCommand' || :"
qlib-runtime (ubuntu-latest, 3.11)	Post Run actions/checkout@v4	2026-09-04T18:04:17.1449251Z [command]/usr/bin/git config --local --name-only --get-regexp http\.https\:\/\/github\.com\/\.extraheader
qlib-runtime (ubuntu-latest, 3.11)	Post Run actions/checkout@v4	2026-09-04T18:04:17.1649024Z http.https://github.com/.extraheader
qlib-runtime (ubuntu-latest, 3.11)	Post Run actions/checkout@v4	2026-09-04T18:04:17.1659204Z [command]/usr/bin/git config --local --unset-all http.https://github.com/.extraheader
qlib-runtime (ubuntu-latest, 3.11)	Post Run actions/checkout@v4	2026-09-04T18:04:17.1697268Z [command]/usr/bin/git submodule foreach --recursive sh -c "git config --local --name-only --get-regexp 'http\.https\:\/\/github\.com\/\.extraheader' && git config --local --unset-all 'http.https://github.com/.extraheader' || :"
qlib-runtime (ubuntu-latest, 3.11)	Post Run actions/checkout@v4	2026-09-04T18:04:17.1882794Z [command]/usr/bin/git config --local --name-only --get-regexp ^includeIf\.gitdir:
qlib-runtime (ubuntu-latest, 3.11)	Post Run actions/checkout@v4	2026-09-04T18:04:17.1911449Z [command]/usr/bin/git submodule foreach --recursive git config --local --show-origin --name-only --get-regexp remote.origin.url
qlib-runtime (ubuntu-latest, 3.11)	Complete job	﻿2026-09-04T18:04:17.2193920Z Cleaning up orphan processes
qlib-runtime (ubuntu-latest, 3.11)	Complete job	2026-09-04T18:04:17.2393456Z ##[warning]Node.js 20 is deprecated. The following actions target Node.js 20 but are being forced to run on Node.js 24: actions/checkout@v4, actions/setup-python@v5, actions/upload-artifact@v4, astral-sh/setup-uv@v3. For more information see: https://github.blog/changelog/2025-09-19-deprecation-of-node-20-on-github-actions-runners/
test (ubuntu-latest, 3.13)	Set up job	﻿2026-09-04T18:03:11.2730827Z Current runner version: '2.337.0'
test (ubuntu-latest, 3.13)	Set up job	2026-09-04T18:03:11.2756287Z ##[group]Runner Image Provisioner
test (ubuntu-latest, 3.13)	Set up job	2026-09-04T18:03:11.2757220Z Hosted Compute Agent
test (ubuntu-latest, 3.13)	Set up job	2026-09-04T18:03:11.2758227Z Version: 20260828.587
test (ubuntu-latest, 3.13)	Set up job	2026-09-04T18:03:11.2758985Z Commit: abac92662cab4cc7352de4f9f9d2e2419aad9c29
test (ubuntu-latest, 3.13)	Set up job	2026-09-04T18:03:11.2759737Z Build Date: 2026-08-28T16:44:25Z
test (ubuntu-latest, 3.13)	Set up job	2026-09-04T18:03:11.2760514Z Worker ID: {caa5423f-1352-4f7b-b8c7-e284c91988ea}
test (ubuntu-latest, 3.13)	Set up job	2026-09-04T18:03:11.2761287Z Azure Region: westus
test (ubuntu-latest, 3.13)	Set up job	2026-09-04T18:03:11.2761935Z ##[endgroup]
test (ubuntu-latest, 3.13)	Set up job	2026-09-04T18:03:11.2763629Z ##[group]Operating System
test (ubuntu-latest, 3.13)	Set up job	2026-09-04T18:03:11.2764305Z Ubuntu
test (ubuntu-latest, 3.13)	Set up job	2026-09-04T18:03:11.2764812Z 24.04.4
test (ubuntu-latest, 3.13)	Set up job	2026-09-04T18:03:11.2765436Z LTS
test (ubuntu-latest, 3.13)	Set up job	2026-09-04T18:03:11.2766012Z ##[endgroup]
test (ubuntu-latest, 3.13)	Set up job	2026-09-04T18:03:11.2766608Z ##[group]Runner Image
test (ubuntu-latest, 3.13)	Set up job	2026-09-04T18:03:11.2767225Z Image: ubuntu-24.04
test (ubuntu-latest, 3.13)	Set up job	2026-09-04T18:03:11.2768005Z Version: 20260831.293.1
test (ubuntu-latest, 3.13)	Set up job	2026-09-04T18:03:11.2769232Z Included Software: https://github.com/actions/runner-images/blob/ubuntu24/20260831.293/images/ubuntu/Ubuntu2404-Readme.md
test (ubuntu-latest, 3.13)	Set up job	2026-09-04T18:03:11.2771427Z Image Release: https://github.com/actions/runner-images/releases/tag/ubuntu24%2F20260831.293
test (ubuntu-latest, 3.13)	Set up job	2026-09-04T18:03:11.2772495Z ##[endgroup]
test (ubuntu-latest, 3.13)	Set up job	2026-09-04T18:03:11.2773733Z ##[group]GITHUB_TOKEN Permissions
test (ubuntu-latest, 3.13)	Set up job	2026-09-04T18:03:11.2775893Z Contents: read
test (ubuntu-latest, 3.13)	Set up job	2026-09-04T18:03:11.2776509Z Metadata: read
test (ubuntu-latest, 3.13)	Set up job	2026-09-04T18:03:11.2777203Z Packages: read
test (ubuntu-latest, 3.13)	Set up job	2026-09-04T18:03:11.2777957Z ##[endgroup]
test (ubuntu-latest, 3.13)	Set up job	2026-09-04T18:03:11.2780048Z Secret source: Actions
test (ubuntu-latest, 3.13)	Set up job	2026-09-04T18:03:11.2781158Z Prepare workflow directory
test (ubuntu-latest, 3.13)	Set up job	2026-09-04T18:03:11.3115647Z Prepare all required actions
test (ubuntu-latest, 3.13)	Set up job	2026-09-04T18:03:11.3164598Z Getting action download info
test (ubuntu-latest, 3.13)	Set up job	2026-09-04T18:03:11.6688504Z Download action repository 'actions/checkout@v4' (SHA:11d5960a326750d5838078e36cf38b85af677262)
test (ubuntu-latest, 3.13)	Set up job	2026-09-04T18:03:11.7857284Z Download action repository 'actions/setup-python@v5' (SHA:a26af69be951a213d495a4c3e4e4022e16d87065)
test (ubuntu-latest, 3.13)	Set up job	2026-09-04T18:03:11.8655091Z Download action repository 'astral-sh/setup-uv@v3' (SHA:caf0cab7a618c569241d31dcd442f54681755d39)
test (ubuntu-latest, 3.13)	Set up job	2026-09-04T18:03:12.3640371Z Download action repository 'actions/upload-artifact@v4' (SHA:ea165f8d65b6e75b540449e92b4886f43607fa02)
test (ubuntu-latest, 3.13)	Set up job	2026-09-04T18:03:12.5866844Z Complete job name: test (ubuntu-latest, 3.13)
test (ubuntu-latest, 3.13)	Run actions/checkout@v4	﻿2026-09-04T18:03:12.6615036Z Node 20 is being deprecated. This workflow is running with Node 24 by default. If you need to temporarily use Node 20, you can set the ACTIONS_ALLOW_USE_UNSECURE_NODE_VERSION=true environment variable. For more information see: https://github.blog/changelog/2025-09-19-deprecation-of-node-20-on-github-actions-runners/
test (ubuntu-latest, 3.13)	Run actions/checkout@v4	2026-09-04T18:03:12.6624034Z ##[group]Run actions/checkout@v4
test (ubuntu-latest, 3.13)	Run actions/checkout@v4	2026-09-04T18:03:12.6624784Z with:
test (ubuntu-latest, 3.13)	Run actions/checkout@v4	2026-09-04T18:03:12.6625247Z   repository: ljheee/unified-quant
test (ubuntu-latest, 3.13)	Run actions/checkout@v4	2026-09-04T18:03:12.6629353Z   token: ***
test (ubuntu-latest, 3.13)	Run actions/checkout@v4	2026-09-04T18:03:12.6629804Z   ssh-strict: true
test (ubuntu-latest, 3.13)	Run actions/checkout@v4	2026-09-04T18:03:12.6630238Z   ssh-user: git
test (ubuntu-latest, 3.13)	Run actions/checkout@v4	2026-09-04T18:03:12.6630695Z   persist-credentials: true
test (ubuntu-latest, 3.13)	Run actions/checkout@v4	2026-09-04T18:03:12.6631188Z   clean: true
test (ubuntu-latest, 3.13)	Run actions/checkout@v4	2026-09-04T18:03:12.6631638Z   sparse-checkout-cone-mode: true
test (ubuntu-latest, 3.13)	Run actions/checkout@v4	2026-09-04T18:03:12.6632159Z   fetch-depth: 1
test (ubuntu-latest, 3.13)	Run actions/checkout@v4	2026-09-04T18:03:12.6632609Z   fetch-tags: false
test (ubuntu-latest, 3.13)	Run actions/checkout@v4	2026-09-04T18:03:12.6633055Z   show-progress: true
test (ubuntu-latest, 3.13)	Run actions/checkout@v4	2026-09-04T18:03:12.6633498Z   lfs: false
test (ubuntu-latest, 3.13)	Run actions/checkout@v4	2026-09-04T18:03:12.6633906Z   submodules: false
test (ubuntu-latest, 3.13)	Run actions/checkout@v4	2026-09-04T18:03:12.6634381Z   set-safe-directory: true
test (ubuntu-latest, 3.13)	Run actions/checkout@v4	2026-09-04T18:03:12.6634883Z   allow-unsafe-pr-checkout: false
test (ubuntu-latest, 3.13)	Run actions/checkout@v4	2026-09-04T18:03:12.6635647Z ##[endgroup]
test (ubuntu-latest, 3.13)	Run actions/checkout@v4	2026-09-04T18:03:12.7660456Z Syncing repository: ljheee/unified-quant
test (ubuntu-latest, 3.13)	Run actions/checkout@v4	2026-09-04T18:03:12.7662984Z ##[group]Getting Git version info
test (ubuntu-latest, 3.13)	Run actions/checkout@v4	2026-09-04T18:03:12.7664228Z Working directory is '/home/runner/work/unified-quant/unified-quant'
test (ubuntu-latest, 3.13)	Run actions/checkout@v4	2026-09-04T18:03:12.7666001Z [command]/usr/bin/git version
test (ubuntu-latest, 3.13)	Run actions/checkout@v4	2026-09-04T18:03:12.7707088Z git version 2.55.0
test (ubuntu-latest, 3.13)	Run actions/checkout@v4	2026-09-04T18:03:12.7729985Z ##[endgroup]
test (ubuntu-latest, 3.13)	Run actions/checkout@v4	2026-09-04T18:03:12.7743747Z Temporarily overriding HOME='/home/runner/work/_temp/4a1ba392-4e67-47a8-8bb5-7837ad05428e' before making global git config changes
test (ubuntu-latest, 3.13)	Run actions/checkout@v4	2026-09-04T18:03:12.7746224Z Adding repository directory to the temporary git global config as a safe directory
test (ubuntu-latest, 3.13)	Run actions/checkout@v4	2026-09-04T18:03:12.7749952Z [command]/usr/bin/git config --global --add safe.directory /home/runner/work/unified-quant/unified-quant
test (ubuntu-latest, 3.13)	Run actions/checkout@v4	2026-09-04T18:03:12.7803305Z Deleting the contents of '/home/runner/work/unified-quant/unified-quant'
test (ubuntu-latest, 3.13)	Run actions/checkout@v4	2026-09-04T18:03:12.7809405Z ##[group]Initializing the repository
test (ubuntu-latest, 3.13)	Run actions/checkout@v4	2026-09-04T18:03:12.7814307Z [command]/usr/bin/git init /home/runner/work/unified-quant/unified-quant
test (ubuntu-latest, 3.13)	Run actions/checkout@v4	2026-09-04T18:03:12.7921719Z hint: Using 'master' as the name for the initial branch. This default branch name
test (ubuntu-latest, 3.13)	Run actions/checkout@v4	2026-09-04T18:03:12.7923295Z hint: will change to "main" in Git 3.0. To configure the initial branch name
test (ubuntu-latest, 3.13)	Run actions/checkout@v4	2026-09-04T18:03:12.7924418Z hint: to use in all of your new repositories, which will suppress this warning,
test (ubuntu-latest, 3.13)	Run actions/checkout@v4	2026-09-04T18:03:12.7925559Z hint: call:
test (ubuntu-latest, 3.13)	Run actions/checkout@v4	2026-09-04T18:03:12.7926024Z hint:
test (ubuntu-latest, 3.13)	Run actions/checkout@v4	2026-09-04T18:03:12.7926602Z hint: 	git config --global init.defaultBranch <name>
test (ubuntu-latest, 3.13)	Run actions/checkout@v4	2026-09-04T18:03:12.7927309Z hint:
test (ubuntu-latest, 3.13)	Run actions/checkout@v4	2026-09-04T18:03:12.7928458Z hint: Names commonly chosen instead of 'master' are 'main', 'trunk' and
test (ubuntu-latest, 3.13)	Run actions/checkout@v4	2026-09-04T18:03:12.7929760Z hint: 'development'. The just-created branch can be renamed via this command:
test (ubuntu-latest, 3.13)	Run actions/checkout@v4	2026-09-04T18:03:12.7930639Z hint:
test (ubuntu-latest, 3.13)	Run actions/checkout@v4	2026-09-04T18:03:12.7931107Z hint: 	git branch -m <name>
test (ubuntu-latest, 3.13)	Run actions/checkout@v4	2026-09-04T18:03:12.7931670Z hint:
test (ubuntu-latest, 3.13)	Run actions/checkout@v4	2026-09-04T18:03:12.7932394Z hint: Disable this message with "git config set advice.defaultBranchName false"
test (ubuntu-latest, 3.13)	Run actions/checkout@v4	2026-09-04T18:03:12.7938612Z Initialized empty Git repository in /home/runner/work/unified-quant/unified-quant/.git/
test (ubuntu-latest, 3.13)	Run actions/checkout@v4	2026-09-04T18:03:12.7948971Z [command]/usr/bin/git remote add origin https://github.com/ljheee/unified-quant
test (ubuntu-latest, 3.13)	Run actions/checkout@v4	2026-09-04T18:03:12.7998724Z ##[endgroup]
test (ubuntu-latest, 3.13)	Run actions/checkout@v4	2026-09-04T18:03:12.8000111Z ##[group]Disabling automatic garbage collection
test (ubuntu-latest, 3.13)	Run actions/checkout@v4	2026-09-04T18:03:12.8004076Z [command]/usr/bin/git config --local gc.auto 0
test (ubuntu-latest, 3.13)	Run actions/checkout@v4	2026-09-04T18:03:12.8042500Z ##[endgroup]
test (ubuntu-latest, 3.13)	Run actions/checkout@v4	2026-09-04T18:03:12.8043685Z ##[group]Setting up auth
test (ubuntu-latest, 3.13)	Run actions/checkout@v4	2026-09-04T18:03:12.8050033Z [command]/usr/bin/git config --local --name-only --get-regexp core\.sshCommand
test (ubuntu-latest, 3.13)	Run actions/checkout@v4	2026-09-04T18:03:12.8082991Z [command]/usr/bin/git submodule foreach --recursive sh -c "git config --local --name-only --get-regexp 'core\.sshCommand' && git config --local --unset-all 'core.sshCommand' || :"
test (ubuntu-latest, 3.13)	Run actions/checkout@v4	2026-09-04T18:03:12.8443828Z [command]/usr/bin/git config --local --name-only --get-regexp http\.https\:\/\/github\.com\/\.extraheader
test (ubuntu-latest, 3.13)	Run actions/checkout@v4	2026-09-04T18:03:12.8496664Z [command]/usr/bin/git submodule foreach --recursive sh -c "git config --local --name-only --get-regexp 'http\.https\:\/\/github\.com\/\.extraheader' && git config --local --unset-all 'http.https://github.com/.extraheader' || :"
test (ubuntu-latest, 3.13)	Run actions/checkout@v4	2026-09-04T18:03:12.8737482Z [command]/usr/bin/git config --local --name-only --get-regexp ^includeIf\.gitdir:
test (ubuntu-latest, 3.13)	Run actions/checkout@v4	2026-09-04T18:03:12.8773776Z [command]/usr/bin/git submodule foreach --recursive git config --local --show-origin --name-only --get-regexp remote.origin.url
test (ubuntu-latest, 3.13)	Run actions/checkout@v4	2026-09-04T18:03:12.8996806Z [command]/usr/bin/git config --local http.https://github.com/.extraheader AUTHORIZATION: basic ***
test (ubuntu-latest, 3.13)	Run actions/checkout@v4	2026-09-04T18:03:12.9036065Z ##[endgroup]
test (ubuntu-latest, 3.13)	Run actions/checkout@v4	2026-09-04T18:03:12.9037017Z ##[group]Fetching the repository
test (ubuntu-latest, 3.13)	Run actions/checkout@v4	2026-09-04T18:03:12.9046048Z [command]/usr/bin/git -c protocol.version=2 fetch --no-tags --prune --no-recurse-submodules --depth=1 origin +e631740c51abd6f10390fd9bfefd1c6540e5f2c5:refs/remotes/origin/main
test (ubuntu-latest, 3.13)	Run actions/checkout@v4	2026-09-04T18:03:13.5236145Z From https://github.com/ljheee/unified-quant
test (ubuntu-latest, 3.13)	Run actions/checkout@v4	2026-09-04T18:03:13.5238526Z  * [new ref]         e631740c51abd6f10390fd9bfefd1c6540e5f2c5 -> origin/main
test (ubuntu-latest, 3.13)	Run actions/checkout@v4	2026-09-04T18:03:13.5242411Z ##[endgroup]
test (ubuntu-latest, 3.13)	Run actions/checkout@v4	2026-09-04T18:03:13.5244211Z ##[group]Determining the checkout info
test (ubuntu-latest, 3.13)	Run actions/checkout@v4	2026-09-04T18:03:13.5246255Z ##[endgroup]
test (ubuntu-latest, 3.13)	Run actions/checkout@v4	2026-09-04T18:03:13.5253355Z [command]/usr/bin/git sparse-checkout disable
test (ubuntu-latest, 3.13)	Run actions/checkout@v4	2026-09-04T18:03:13.5307478Z [command]/usr/bin/git config --local --unset-all extensions.worktreeConfig
test (ubuntu-latest, 3.13)	Run actions/checkout@v4	2026-09-04T18:03:13.5345231Z ##[group]Checking out the ref
test (ubuntu-latest, 3.13)	Run actions/checkout@v4	2026-09-04T18:03:13.5346959Z [command]/usr/bin/git checkout --progress --force -B main refs/remotes/origin/main
test (ubuntu-latest, 3.13)	Run actions/checkout@v4	2026-09-04T18:03:13.6054885Z Switched to a new branch 'main'
test (ubuntu-latest, 3.13)	Run actions/checkout@v4	2026-09-04T18:03:13.6060445Z branch 'main' set up to track 'origin/main'.
test (ubuntu-latest, 3.13)	Run actions/checkout@v4	2026-09-04T18:03:13.6069854Z ##[endgroup]
test (ubuntu-latest, 3.13)	Run actions/checkout@v4	2026-09-04T18:03:13.6117959Z [command]/usr/bin/git log -1 --format=%H
test (ubuntu-latest, 3.13)	Run actions/checkout@v4	2026-09-04T18:03:13.6145114Z e631740c51abd6f10390fd9bfefd1c6540e5f2c5
test (ubuntu-latest, 3.13)	Run actions/setup-python@v5	﻿2026-09-04T18:03:13.6604510Z Node 20 is being deprecated. This workflow is running with Node 24 by default. If you need to temporarily use Node 20, you can set the ACTIONS_ALLOW_USE_UNSECURE_NODE_VERSION=true environment variable. For more information see: https://github.blog/changelog/2025-09-19-deprecation-of-node-20-on-github-actions-runners/
test (ubuntu-latest, 3.13)	Run actions/setup-python@v5	2026-09-04T18:03:13.6611464Z ##[group]Run actions/setup-python@v5
test (ubuntu-latest, 3.13)	Run actions/setup-python@v5	2026-09-04T18:03:13.6612789Z with:
test (ubuntu-latest, 3.13)	Run actions/setup-python@v5	2026-09-04T18:03:13.6613783Z   python-version: 3.13
test (ubuntu-latest, 3.13)	Run actions/setup-python@v5	2026-09-04T18:03:13.6614888Z   check-latest: false
test (ubuntu-latest, 3.13)	Run actions/setup-python@v5	2026-09-04T18:03:13.6625685Z   token: ***
test (ubuntu-latest, 3.13)	Run actions/setup-python@v5	2026-09-04T18:03:13.6626726Z   update-environment: true
test (ubuntu-latest, 3.13)	Run actions/setup-python@v5	2026-09-04T18:03:13.6628120Z   allow-prereleases: false
test (ubuntu-latest, 3.13)	Run actions/setup-python@v5	2026-09-04T18:03:13.6629294Z   freethreaded: false
test (ubuntu-latest, 3.13)	Run actions/setup-python@v5	2026-09-04T18:03:13.6630366Z ##[endgroup]
test (ubuntu-latest, 3.13)	Run actions/setup-python@v5	2026-09-04T18:03:13.8022852Z ##[group]Installed versions
test (ubuntu-latest, 3.13)	Run actions/setup-python@v5	2026-09-04T18:03:13.8148178Z (node:2230) [DEP0040] DeprecationWarning: The `punycode` module is deprecated. Please use a userland alternative instead.
test (ubuntu-latest, 3.13)	Run actions/setup-python@v5	2026-09-04T18:03:13.8153932Z (Use `node --trace-deprecation ...` to show where the warning was created)
test (ubuntu-latest, 3.13)	Run actions/setup-python@v5	2026-09-04T18:03:13.8158112Z Successfully set up CPython (3.13.15)
test (ubuntu-latest, 3.13)	Run actions/setup-python@v5	2026-09-04T18:03:13.8162288Z ##[endgroup]
test (ubuntu-latest, 3.13)	Run astral-sh/setup-uv@v3	﻿2026-09-04T18:03:13.8514254Z Node 20 is being deprecated. This workflow is running with Node 24 by default. If you need to temporarily use Node 20, you can set the ACTIONS_ALLOW_USE_UNSECURE_NODE_VERSION=true environment variable. For more information see: https://github.blog/changelog/2025-09-19-deprecation-of-node-20-on-github-actions-runners/
test (ubuntu-latest, 3.13)	Run astral-sh/setup-uv@v3	2026-09-04T18:03:13.8522941Z ##[group]Run astral-sh/setup-uv@v3
test (ubuntu-latest, 3.13)	Run astral-sh/setup-uv@v3	2026-09-04T18:03:13.8525052Z with:
test (ubuntu-latest, 3.13)	Run astral-sh/setup-uv@v3	2026-09-04T18:03:13.8526346Z   version: latest
test (ubuntu-latest, 3.13)	Run astral-sh/setup-uv@v3	2026-09-04T18:03:13.8543788Z   github-token: ***
test (ubuntu-latest, 3.13)	Run astral-sh/setup-uv@v3	2026-09-04T18:03:13.8545397Z   enable-cache: false
test (ubuntu-latest, 3.13)	Run astral-sh/setup-uv@v3	2026-09-04T18:03:13.8546949Z   cache-dependency-glob: **/uv.lock
test (ubuntu-latest, 3.13)	Run astral-sh/setup-uv@v3	2026-09-04T18:03:13.8549030Z   prune-cache: true
test (ubuntu-latest, 3.13)	Run astral-sh/setup-uv@v3	2026-09-04T18:03:13.8550479Z env:
test (ubuntu-latest, 3.13)	Run astral-sh/setup-uv@v3	2026-09-04T18:03:13.8552193Z   pythonLocation: /opt/hostedtoolcache/Python/3.13.15/x64
test (ubuntu-latest, 3.13)	Run astral-sh/setup-uv@v3	2026-09-04T18:03:13.8555147Z   PKG_CONFIG_PATH: /opt/hostedtoolcache/Python/3.13.15/x64/lib/pkgconfig
test (ubuntu-latest, 3.13)	Run astral-sh/setup-uv@v3	2026-09-04T18:03:13.8557492Z   Python_ROOT_DIR: /opt/hostedtoolcache/Python/3.13.15/x64
test (ubuntu-latest, 3.13)	Run astral-sh/setup-uv@v3	2026-09-04T18:03:13.8559937Z   Python2_ROOT_DIR: /opt/hostedtoolcache/Python/3.13.15/x64
test (ubuntu-latest, 3.13)	Run astral-sh/setup-uv@v3	2026-09-04T18:03:13.8561684Z   Python3_ROOT_DIR: /opt/hostedtoolcache/Python/3.13.15/x64
test (ubuntu-latest, 3.13)	Run astral-sh/setup-uv@v3	2026-09-04T18:03:13.8563339Z   LD_LIBRARY_PATH: /opt/hostedtoolcache/Python/3.13.15/x64/lib
test (ubuntu-latest, 3.13)	Run astral-sh/setup-uv@v3	2026-09-04T18:03:13.8564738Z ##[endgroup]
test (ubuntu-latest, 3.13)	Run astral-sh/setup-uv@v3	2026-09-04T18:03:14.0169286Z Downloading uv from "https://github.com/astral-sh/uv/releases/latest/download/uv-x86_64-unknown-linux-gnu.tar.gz" ...
test (ubuntu-latest, 3.13)	Run astral-sh/setup-uv@v3	2026-09-04T18:03:14.0181953Z (node:2238) [DEP0040] DeprecationWarning: The `punycode` module is deprecated. Please use a userland alternative instead.
test (ubuntu-latest, 3.13)	Run astral-sh/setup-uv@v3	2026-09-04T18:03:14.0188918Z (Use `node --trace-deprecation ...` to show where the warning was created)
test (ubuntu-latest, 3.13)	Run astral-sh/setup-uv@v3	2026-09-04T18:03:14.5308319Z [command]/usr/bin/tar xz --warning=no-unknown-keyword --overwrite -C /home/runner/work/_temp/37ddeaa8-3f8c-4c1d-88d6-4ff7b232a12c -f /home/runner/work/_temp/de6280b4-102b-4cf0-b210-6a5f5b790491
test (ubuntu-latest, 3.13)	Run astral-sh/setup-uv@v3	2026-09-04T18:03:14.9145428Z Added /opt/hostedtoolcache/uv/0.12.9/x86_64 to the path
test (ubuntu-latest, 3.13)	Run astral-sh/setup-uv@v3	2026-09-04T18:03:14.9146696Z Added /home/runner/.local/bin to the path
test (ubuntu-latest, 3.13)	Run astral-sh/setup-uv@v3	2026-09-04T18:03:14.9152342Z Successfully installed uv version 0.12.9
test (ubuntu-latest, 3.13)	Run astral-sh/setup-uv@v3	2026-09-04T18:03:14.9164412Z Set UV_CACHE_DIR to /home/runner/work/_temp/setup-uv-cache
test (ubuntu-latest, 3.13)	Run scripts/run_gate.sh	﻿2026-09-04T18:03:14.9292397Z ##[group]Run scripts/run_gate.sh
test (ubuntu-latest, 3.13)	Run scripts/run_gate.sh	2026-09-04T18:03:14.9292822Z ^[[36;1mscripts/run_gate.sh^[[0m
test (ubuntu-latest, 3.13)	Run scripts/run_gate.sh	2026-09-04T18:03:14.9807507Z shell: /usr/bin/bash -e {0}
test (ubuntu-latest, 3.13)	Run scripts/run_gate.sh	2026-09-04T18:03:14.9808201Z env:
test (ubuntu-latest, 3.13)	Run scripts/run_gate.sh	2026-09-04T18:03:14.9808583Z   pythonLocation: /opt/hostedtoolcache/Python/3.13.15/x64
test (ubuntu-latest, 3.13)	Run scripts/run_gate.sh	2026-09-04T18:03:14.9809173Z   PKG_CONFIG_PATH: /opt/hostedtoolcache/Python/3.13.15/x64/lib/pkgconfig
test (ubuntu-latest, 3.13)	Run scripts/run_gate.sh	2026-09-04T18:03:14.9810060Z   Python_ROOT_DIR: /opt/hostedtoolcache/Python/3.13.15/x64
test (ubuntu-latest, 3.13)	Run scripts/run_gate.sh	2026-09-04T18:03:14.9810595Z   Python2_ROOT_DIR: /opt/hostedtoolcache/Python/3.13.15/x64
test (ubuntu-latest, 3.13)	Run scripts/run_gate.sh	2026-09-04T18:03:14.9811122Z   Python3_ROOT_DIR: /opt/hostedtoolcache/Python/3.13.15/x64
test (ubuntu-latest, 3.13)	Run scripts/run_gate.sh	2026-09-04T18:03:14.9811650Z   LD_LIBRARY_PATH: /opt/hostedtoolcache/Python/3.13.15/x64/lib
test (ubuntu-latest, 3.13)	Run scripts/run_gate.sh	2026-09-04T18:03:14.9812200Z   UV_CACHE_DIR: /home/runner/work/_temp/setup-uv-cache
test (ubuntu-latest, 3.13)	Run scripts/run_gate.sh	2026-09-04T18:03:14.9812627Z ##[endgroup]
test (ubuntu-latest, 3.13)	Run scripts/run_gate.sh	2026-09-04T18:03:17.6152708Z Using CPython 3.13.15 interpreter at: /opt/hostedtoolcache/Python/3.13.15/x64/bin/python3
test (ubuntu-latest, 3.13)	Run scripts/run_gate.sh	2026-09-04T18:03:17.6195698Z Resolved 214 packages in 0.56ms
test (ubuntu-latest, 3.13)	Run scripts/run_gate.sh	2026-09-04T18:03:17.6308188Z Using CPython 3.13.15 interpreter at: /opt/hostedtoolcache/Python/3.13.15/x64/bin/python3
test (ubuntu-latest, 3.13)	Run scripts/run_gate.sh	2026-09-04T18:03:17.6309209Z Creating virtual environment at: .venv
test (ubuntu-latest, 3.13)	Run scripts/run_gate.sh	2026-09-04T18:03:17.6358202Z Resolved 214 packages in 0.48ms
test (ubuntu-latest, 3.13)	Run scripts/run_gate.sh	2026-09-04T18:03:17.6524472Z    Building unified-quant @ file:///home/runner/work/unified-quant/unified-quant
test (ubuntu-latest, 3.13)	Run scripts/run_gate.sh	2026-09-04T18:03:17.7130365Z Downloading scikit-learn (8.7MiB)
test (ubuntu-latest, 3.13)	Run scripts/run_gate.sh	2026-09-04T18:03:17.7336966Z Downloading pyarrow (47.8MiB)
test (ubuntu-latest, 3.13)	Run scripts/run_gate.sh	2026-09-04T18:03:17.7342139Z Downloading pygments (1.2MiB)
test (ubuntu-latest, 3.13)	Run scripts/run_gate.sh	2026-09-04T18:03:17.7347754Z Downloading pandas (11.7MiB)
test (ubuntu-latest, 3.13)	Run scripts/run_gate.sh	2026-09-04T18:03:17.7358639Z Downloading numpy (15.9MiB)
test (ubuntu-latest, 3.13)	Run scripts/run_gate.sh	2026-09-04T18:03:17.7380566Z Downloading cryptography (4.5MiB)
test (ubuntu-latest, 3.13)	Run scripts/run_gate.sh	2026-09-04T18:03:17.7381793Z Downloading scipy (33.7MiB)
test (ubuntu-latest, 3.13)	Run scripts/run_gate.sh	2026-09-04T18:03:17.7382844Z Downloading py-mini-racer (5.2MiB)
test (ubuntu-latest, 3.13)	Run scripts/run_gate.sh	2026-09-04T18:03:17.7393970Z Downloading lxml (5.0MiB)
test (ubuntu-latest, 3.13)	Run scripts/run_gate.sh	2026-09-04T18:03:17.9112303Z  Downloaded pygments
test (ubuntu-latest, 3.13)	Run scripts/run_gate.sh	2026-09-04T18:03:18.0266239Z  Downloaded py-mini-racer
test (ubuntu-latest, 3.13)	Run scripts/run_gate.sh	2026-09-04T18:03:18.0362100Z  Downloaded cryptography
test (ubuntu-latest, 3.13)	Run scripts/run_gate.sh	2026-09-04T18:03:18.1048388Z  Downloaded lxml
test (ubuntu-latest, 3.13)	Run scripts/run_gate.sh	2026-09-04T18:03:18.2364258Z  Downloaded scikit-learn
test (ubuntu-latest, 3.13)	Run scripts/run_gate.sh	2026-09-04T18:03:18.3168214Z  Downloaded numpy
test (ubuntu-latest, 3.13)	Run scripts/run_gate.sh	2026-09-04T18:03:18.3732575Z  Downloaded pandas
test (ubuntu-latest, 3.13)	Run scripts/run_gate.sh	2026-09-04T18:03:18.5133725Z  Downloaded scipy
test (ubuntu-latest, 3.13)	Run scripts/run_gate.sh	2026-09-04T18:03:18.6274174Z  Downloaded pyarrow
test (ubuntu-latest, 3.13)	Run scripts/run_gate.sh	2026-09-04T18:03:21.3351822Z       Built unified-quant @ file:///home/runner/work/unified-quant/unified-quant
test (ubuntu-latest, 3.13)	Run scripts/run_gate.sh	2026-09-04T18:03:21.3364898Z Prepared 53 packages in 3.69s
test (ubuntu-latest, 3.13)	Run scripts/run_gate.sh	2026-09-04T18:03:21.4288543Z Installed 53 packages in 92ms
test (ubuntu-latest, 3.13)	Run scripts/run_gate.sh	2026-09-04T18:03:21.4289435Z  + anyio==4.14.2
test (ubuntu-latest, 3.13)	Run scripts/run_gate.sh	2026-09-04T18:03:21.4290015Z  + attrs==26.1.0
test (ubuntu-latest, 3.13)	Run scripts/run_gate.sh	2026-09-04T18:03:21.4290622Z  + beautifulsoup4==4.15.0
test (ubuntu-latest, 3.13)	Run scripts/run_gate.sh	2026-09-04T18:03:21.4291368Z  + bs4==0.0.2
test (ubuntu-latest, 3.13)	Run scripts/run_gate.sh	2026-09-04T18:03:21.4291936Z  + certifi==2026.7.22
test (ubuntu-latest, 3.13)	Run scripts/run_gate.sh	2026-09-04T18:03:21.4292568Z  + cffi==2.1.1
test (ubuntu-latest, 3.13)	Run scripts/run_gate.sh	2026-09-04T18:03:21.4293143Z  + charset-normalizer==3.5.1
test (ubuntu-latest, 3.13)	Run scripts/run_gate.sh	2026-09-04T18:03:21.4293815Z  + click==8.4.2
test (ubuntu-latest, 3.13)	Run scripts/run_gate.sh	2026-09-04T18:03:21.4294438Z  + cryptography==49.0.0
test (ubuntu-latest, 3.13)	Run scripts/run_gate.sh	2026-09-04T18:03:21.4295086Z  + h11==0.16.0
test (ubuntu-latest, 3.13)	Run scripts/run_gate.sh	2026-09-04T18:03:21.4295623Z  + httpcore==1.0.9
test (ubuntu-latest, 3.13)	Run scripts/run_gate.sh	2026-09-04T18:03:21.4296178Z  + httpx==0.25.2
test (ubuntu-latest, 3.13)	Run scripts/run_gate.sh	2026-09-04T18:03:21.4296725Z  + idna==3.19
test (ubuntu-latest, 3.13)	Run scripts/run_gate.sh	2026-09-04T18:03:21.4297257Z  + iniconfig==2.3.0
test (ubuntu-latest, 3.13)	Run scripts/run_gate.sh	2026-09-04T18:03:21.4298547Z  + joblib==1.5.3
test (ubuntu-latest, 3.13)	Run scripts/run_gate.sh	2026-09-04T18:03:21.4299459Z  + jsonschema==4.26.0
test (ubuntu-latest, 3.13)	Run scripts/run_gate.sh	2026-09-04T18:03:21.4299913Z  + jsonschema-specifications==2025.9.1
test (ubuntu-latest, 3.13)	Run scripts/run_gate.sh	2026-09-04T18:03:21.4300583Z  + lxml==6.1.2
test (ubuntu-latest, 3.13)	Run scripts/run_gate.sh	2026-09-04T18:03:21.4300939Z  + mootdx==0.11.7
test (ubuntu-latest, 3.13)	Run scripts/run_gate.sh	2026-09-04T18:03:21.4301315Z  + narwhals==2.25.0
test (ubuntu-latest, 3.13)	Run scripts/run_gate.sh	2026-09-04T18:03:21.4301691Z  + numpy==2.5.2
test (ubuntu-latest, 3.13)	Run scripts/run_gate.sh	2026-09-04T18:03:21.4302059Z  + packaging==26.3
test (ubuntu-latest, 3.13)	Run scripts/run_gate.sh	2026-09-04T18:03:21.4302441Z  + pandas==2.3.3
test (ubuntu-latest, 3.13)	Run scripts/run_gate.sh	2026-09-04T18:03:21.4302803Z  + pluggy==1.6.0
test (ubuntu-latest, 3.13)	Run scripts/run_gate.sh	2026-09-04T18:03:21.4303180Z  + prettytable==3.18.0
test (ubuntu-latest, 3.13)	Run scripts/run_gate.sh	2026-09-04T18:03:21.4303594Z  + py-mini-racer==0.6.0
test (ubuntu-latest, 3.13)	Run scripts/run_gate.sh	2026-09-04T18:03:21.4303998Z  + pyarrow==25.0.1
test (ubuntu-latest, 3.13)	Run scripts/run_gate.sh	2026-09-04T18:03:21.4304372Z  + pycparser==3.0
test (ubuntu-latest, 3.13)	Run scripts/run_gate.sh	2026-09-04T18:03:21.4304742Z  + pygments==2.21.0
test (ubuntu-latest, 3.13)	Run scripts/run_gate.sh	2026-09-04T18:03:21.4305116Z  + pytest==9.1.1
test (ubuntu-latest, 3.13)	Run scripts/run_gate.sh	2026-09-04T18:03:21.4305505Z  + python-dateutil==2.9.0.post0
test (ubuntu-latest, 3.13)	Run scripts/run_gate.sh	2026-09-04T18:03:21.4306307Z  + pytz==2026.3.post1
test (ubuntu-latest, 3.13)	Run scripts/run_gate.sh	2026-09-04T18:03:21.4306696Z  + pyyaml==6.0.3
test (ubuntu-latest, 3.13)	Run scripts/run_gate.sh	2026-09-04T18:03:21.4307077Z  + referencing==0.37.0
test (ubuntu-latest, 3.13)	Run scripts/run_gate.sh	2026-09-04T18:03:21.4307477Z  + requests==2.34.2
test (ubuntu-latest, 3.13)	Run scripts/run_gate.sh	2026-09-04T18:03:21.4308061Z  + rpds-py==2026.6.3
test (ubuntu-latest, 3.13)	Run scripts/run_gate.sh	2026-09-04T18:03:21.4308471Z  + scikit-learn==1.9.0
test (ubuntu-latest, 3.13)	Run scripts/run_gate.sh	2026-09-04T18:03:21.4308871Z  + scipy==1.18.1
test (ubuntu-latest, 3.13)	Run scripts/run_gate.sh	2026-09-04T18:03:21.4309461Z  + simplejson==4.1.1
test (ubuntu-latest, 3.13)	Run scripts/run_gate.sh	2026-09-04T18:03:21.4309821Z  + six==1.17.0
test (ubuntu-latest, 3.13)	Run scripts/run_gate.sh	2026-09-04T18:03:21.4310186Z  + sniffio==1.3.1
test (ubuntu-latest, 3.13)	Run scripts/run_gate.sh	2026-09-04T18:03:21.4310693Z  + soupsieve==2.9.2
test (ubuntu-latest, 3.13)	Run scripts/run_gate.sh	2026-09-04T18:03:21.4311202Z  + tdxpy==0.2.7
test (ubuntu-latest, 3.13)	Run scripts/run_gate.sh	2026-09-04T18:03:21.4311723Z  + tenacity==8.5.0
test (ubuntu-latest, 3.13)	Run scripts/run_gate.sh	2026-09-04T18:03:21.4312248Z  + threadpoolctl==3.6.0
test (ubuntu-latest, 3.13)	Run scripts/run_gate.sh	2026-09-04T18:03:21.4312735Z  + tqdm==4.70.0
test (ubuntu-latest, 3.13)	Run scripts/run_gate.sh	2026-09-04T18:03:21.4313241Z  + tushare==1.4.29
test (ubuntu-latest, 3.13)	Run scripts/run_gate.sh	2026-09-04T18:03:21.4313790Z  + typing-extensions==4.16.0
test (ubuntu-latest, 3.13)	Run scripts/run_gate.sh	2026-09-04T18:03:21.4314468Z  + tzdata==2026.3
test (ubuntu-latest, 3.13)	Run scripts/run_gate.sh	2026-09-04T18:03:21.4315320Z  + unified-quant==0.1.0 (from file:///home/runner/work/unified-quant/unified-quant)
test (ubuntu-latest, 3.13)	Run scripts/run_gate.sh	2026-09-04T18:03:21.4316048Z  + urllib3==2.7.0
test (ubuntu-latest, 3.13)	Run scripts/run_gate.sh	2026-09-04T18:03:21.4316383Z  + wcwidth==0.8.2
test (ubuntu-latest, 3.13)	Run scripts/run_gate.sh	2026-09-04T18:03:21.4316710Z  + websocket-client==1.9.0
test (ubuntu-latest, 3.13)	Run scripts/run_gate.sh	2026-09-04T18:03:30.7207920Z ........................................................................ [ 17%]
test (ubuntu-latest, 3.13)	Run scripts/run_gate.sh	2026-09-04T18:03:33.2857905Z ........................................................................ [ 34%]
test (ubuntu-latest, 3.13)	Run scripts/run_gate.sh	2026-09-04T18:03:34.9123614Z ......s................................................................. [ 51%]
test (ubuntu-latest, 3.13)	Run scripts/run_gate.sh	2026-09-04T18:03:35.6104134Z ................................................................sssssss. [ 68%]
test (ubuntu-latest, 3.13)	Run scripts/run_gate.sh	2026-09-04T18:03:38.2480630Z .s...ss................................................................. [ 86%]
test (ubuntu-latest, 3.13)	Run scripts/run_gate.sh	2026-09-04T18:03:40.0754834Z ..........................................................               [100%]
test (ubuntu-latest, 3.13)	Run scripts/run_gate.sh	2026-09-04T18:03:40.0755841Z =============================== warnings summary ===============================
test (ubuntu-latest, 3.13)	Run scripts/run_gate.sh	2026-09-04T18:03:40.0757202Z tests/test_release_acceptance.py::test_null_rate_threshold_rejects_publication
test (ubuntu-latest, 3.13)	Run scripts/run_gate.sh	2026-09-04T18:03:40.0759368Z tests/test_release_acceptance.py::test_null_rate_threshold_rejects_publication
test (ubuntu-latest, 3.13)	Run scripts/run_gate.sh	2026-09-04T18:03:40.0760802Z tests/test_release_acceptance.py::test_null_rate_threshold_rejects_publication
test (ubuntu-latest, 3.13)	Run scripts/run_gate.sh	2026-09-04T18:03:40.0762254Z tests/test_release_acceptance.py::test_null_rate_threshold_rejects_publication
test (ubuntu-latest, 3.13)	Run scripts/run_gate.sh	2026-09-04T18:03:40.0763716Z tests/test_release_acceptance.py::test_null_rate_threshold_rejects_publication
test (ubuntu-latest, 3.13)	Run scripts/run_gate.sh	2026-09-04T18:03:40.0765194Z tests/test_release_acceptance.py::test_null_rate_threshold_rejects_publication
test (ubuntu-latest, 3.13)	Run scripts/run_gate.sh	2026-09-04T18:03:40.0769430Z   /home/runner/work/unified-quant/unified-quant/src/uq/factors/raw_price.py:49: FutureWarning: Downcasting object dtype arrays on .fillna, .ffill, .bfill is deprecated and will change in a future version. Call result.infer_objects(copy=False) instead. To opt-in to the future behavior, set `pd.set_option('future.no_silent_downcasting', True)`
test (ubuntu-latest, 3.13)	Run scripts/run_gate.sh	2026-09-04T18:03:40.0771327Z     normalized = frame[columns].round(12).fillna(-0.0).replace([np.inf, -np.inf], np.nan).round(12)
test (ubuntu-latest, 3.13)	Run scripts/run_gate.sh	2026-09-04T18:03:40.0771741Z 
test (ubuntu-latest, 3.13)	Run scripts/run_gate.sh	2026-09-04T18:03:40.0772056Z -- Docs: https://docs.pytest.org/en/stable/how-to/capture-warnings.html
test (ubuntu-latest, 3.13)	Run scripts/run_gate.sh	2026-09-04T18:03:40.0772505Z 407 passed, 11 skipped, 6 warnings in 15.35s
test (ubuntu-latest, 3.13)	Run scripts/run_gate.sh	2026-09-04T18:03:40.3120571Z gate report: /home/runner/work/unified-quant/unified-quant/.gate/gate-report.json
test (ubuntu-latest, 3.13)	Run uv run --no-sync python -c "import uq.adapters.mootdx_source, uq.adapters.tushare_free; print('real imports ok')"	﻿2026-09-04T18:03:40.3158451Z ##[group]Run uv run --no-sync python -c "import uq.adapters.mootdx_source, uq.adapters.tushare_free; print('real imports ok')"
test (ubuntu-latest, 3.13)	Run uv run --no-sync python -c "import uq.adapters.mootdx_source, uq.adapters.tushare_free; print('real imports ok')"	2026-09-04T18:03:40.3159463Z ^[[36;1muv run --no-sync python -c "import uq.adapters.mootdx_source, uq.adapters.tushare_free; print('real imports ok')"^[[0m
test (ubuntu-latest, 3.13)	Run uv run --no-sync python -c "import uq.adapters.mootdx_source, uq.adapters.tushare_free; print('real imports ok')"	2026-09-04T18:03:40.3196321Z shell: /usr/bin/bash -e {0}
test (ubuntu-latest, 3.13)	Run uv run --no-sync python -c "import uq.adapters.mootdx_source, uq.adapters.tushare_free; print('real imports ok')"	2026-09-04T18:03:40.3196592Z env:
test (ubuntu-latest, 3.13)	Run uv run --no-sync python -c "import uq.adapters.mootdx_source, uq.adapters.tushare_free; print('real imports ok')"	2026-09-04T18:03:40.3196888Z   pythonLocation: /opt/hostedtoolcache/Python/3.13.15/x64
test (ubuntu-latest, 3.13)	Run uv run --no-sync python -c "import uq.adapters.mootdx_source, uq.adapters.tushare_free; print('real imports ok')"	2026-09-04T18:03:40.3197393Z   PKG_CONFIG_PATH: /opt/hostedtoolcache/Python/3.13.15/x64/lib/pkgconfig
test (ubuntu-latest, 3.13)	Run uv run --no-sync python -c "import uq.adapters.mootdx_source, uq.adapters.tushare_free; print('real imports ok')"	2026-09-04T18:03:40.3198130Z   Python_ROOT_DIR: /opt/hostedtoolcache/Python/3.13.15/x64
test (ubuntu-latest, 3.13)	Run uv run --no-sync python -c "import uq.adapters.mootdx_source, uq.adapters.tushare_free; print('real imports ok')"	2026-09-04T18:03:40.3198571Z   Python2_ROOT_DIR: /opt/hostedtoolcache/Python/3.13.15/x64
test (ubuntu-latest, 3.13)	Run uv run --no-sync python -c "import uq.adapters.mootdx_source, uq.adapters.tushare_free; print('real imports ok')"	2026-09-04T18:03:40.3199003Z   Python3_ROOT_DIR: /opt/hostedtoolcache/Python/3.13.15/x64
test (ubuntu-latest, 3.13)	Run uv run --no-sync python -c "import uq.adapters.mootdx_source, uq.adapters.tushare_free; print('real imports ok')"	2026-09-04T18:03:40.3199441Z   LD_LIBRARY_PATH: /opt/hostedtoolcache/Python/3.13.15/x64/lib
test (ubuntu-latest, 3.13)	Run uv run --no-sync python -c "import uq.adapters.mootdx_source, uq.adapters.tushare_free; print('real imports ok')"	2026-09-04T18:03:40.3199860Z   UV_CACHE_DIR: /home/runner/work/_temp/setup-uv-cache
test (ubuntu-latest, 3.13)	Run uv run --no-sync python -c "import uq.adapters.mootdx_source, uq.adapters.tushare_free; print('real imports ok')"	2026-09-04T18:03:40.3200230Z ##[endgroup]
test (ubuntu-latest, 3.13)	Run uv run --no-sync python -c "import uq.adapters.mootdx_source, uq.adapters.tushare_free; print('real imports ok')"	2026-09-04T18:03:40.7122789Z real imports ok
test (ubuntu-latest, 3.13)	Record certified environment cell	﻿2026-09-04T18:03:40.7701625Z ##[group]Run mkdir -p .gate/certification
test (ubuntu-latest, 3.13)	Record certified environment cell	2026-09-04T18:03:40.7701989Z ^[[36;1mmkdir -p .gate/certification^[[0m
test (ubuntu-latest, 3.13)	Record certified environment cell	2026-09-04T18:03:40.7702404Z ^[[36;1mprintf '%s\n' "ubuntu-latest/3.13" > .gate/certification/environment-cell.txt^[[0m
test (ubuntu-latest, 3.13)	Record certified environment cell	2026-09-04T18:03:40.7739401Z shell: /usr/bin/bash -e {0}
test (ubuntu-latest, 3.13)	Record certified environment cell	2026-09-04T18:03:40.7739654Z env:
test (ubuntu-latest, 3.13)	Record certified environment cell	2026-09-04T18:03:40.7739924Z   pythonLocation: /opt/hostedtoolcache/Python/3.13.15/x64
test (ubuntu-latest, 3.13)	Record certified environment cell	2026-09-04T18:03:40.7740373Z   PKG_CONFIG_PATH: /opt/hostedtoolcache/Python/3.13.15/x64/lib/pkgconfig
test (ubuntu-latest, 3.13)	Record certified environment cell	2026-09-04T18:03:40.7740806Z   Python_ROOT_DIR: /opt/hostedtoolcache/Python/3.13.15/x64
test (ubuntu-latest, 3.13)	Record certified environment cell	2026-09-04T18:03:40.7741193Z   Python2_ROOT_DIR: /opt/hostedtoolcache/Python/3.13.15/x64
test (ubuntu-latest, 3.13)	Record certified environment cell	2026-09-04T18:03:40.7741578Z   Python3_ROOT_DIR: /opt/hostedtoolcache/Python/3.13.15/x64
test (ubuntu-latest, 3.13)	Record certified environment cell	2026-09-04T18:03:40.7741977Z   LD_LIBRARY_PATH: /opt/hostedtoolcache/Python/3.13.15/x64/lib
test (ubuntu-latest, 3.13)	Record certified environment cell	2026-09-04T18:03:40.7742363Z   UV_CACHE_DIR: /home/runner/work/_temp/setup-uv-cache
test (ubuntu-latest, 3.13)	Record certified environment cell	2026-09-04T18:03:40.7742695Z ##[endgroup]
test (ubuntu-latest, 3.13)	Run actions/upload-artifact@v4	﻿2026-09-04T18:03:40.7895667Z Node 20 is being deprecated. This workflow is running with Node 24 by default. If you need to temporarily use Node 20, you can set the ACTIONS_ALLOW_USE_UNSECURE_NODE_VERSION=true environment variable. For more information see: https://github.blog/changelog/2025-09-19-deprecation-of-node-20-on-github-actions-runners/
test (ubuntu-latest, 3.13)	Run actions/upload-artifact@v4	2026-09-04T18:03:40.7897039Z ##[group]Run actions/upload-artifact@v4
test (ubuntu-latest, 3.13)	Run actions/upload-artifact@v4	2026-09-04T18:03:40.7897321Z with:
test (ubuntu-latest, 3.13)	Run actions/upload-artifact@v4	2026-09-04T18:03:40.7897547Z   name: gate-report-ubuntu-latest-3.13
test (ubuntu-latest, 3.13)	Run actions/upload-artifact@v4	2026-09-04T18:03:40.7898492Z   path: .gate/gate-report.json
test (ubuntu-latest, 3.13)	Run actions/upload-artifact@v4	.gate/requirements.lock.txt
test (ubuntu-latest, 3.13)	Run actions/upload-artifact@v4	.gate/requirements.lock.txt.sha256
test (ubuntu-latest, 3.13)	Run actions/upload-artifact@v4	.gate/certification/environment-cell.txt
test (ubuntu-latest, 3.13)	Run actions/upload-artifact@v4	
test (ubuntu-latest, 3.13)	Run actions/upload-artifact@v4	2026-09-04T18:03:40.7899156Z   if-no-files-found: error
test (ubuntu-latest, 3.13)	Run actions/upload-artifact@v4	2026-09-04T18:03:40.7899408Z   compression-level: 6
test (ubuntu-latest, 3.13)	Run actions/upload-artifact@v4	2026-09-04T18:03:40.7899643Z   overwrite: false
test (ubuntu-latest, 3.13)	Run actions/upload-artifact@v4	2026-09-04T18:03:40.7899869Z   include-hidden-files: false
test (ubuntu-latest, 3.13)	Run actions/upload-artifact@v4	2026-09-04T18:03:40.7900115Z env:
test (ubuntu-latest, 3.13)	Run actions/upload-artifact@v4	2026-09-04T18:03:40.7900376Z   pythonLocation: /opt/hostedtoolcache/Python/3.13.15/x64
test (ubuntu-latest, 3.13)	Run actions/upload-artifact@v4	2026-09-04T18:03:40.7900833Z   PKG_CONFIG_PATH: /opt/hostedtoolcache/Python/3.13.15/x64/lib/pkgconfig
test (ubuntu-latest, 3.13)	Run actions/upload-artifact@v4	2026-09-04T18:03:40.7901307Z   Python_ROOT_DIR: /opt/hostedtoolcache/Python/3.13.15/x64
test (ubuntu-latest, 3.13)	Run actions/upload-artifact@v4	2026-09-04T18:03:40.7901711Z   Python2_ROOT_DIR: /opt/hostedtoolcache/Python/3.13.15/x64
test (ubuntu-latest, 3.13)	Run actions/upload-artifact@v4	2026-09-04T18:03:40.7902113Z   Python3_ROOT_DIR: /opt/hostedtoolcache/Python/3.13.15/x64
test (ubuntu-latest, 3.13)	Run actions/upload-artifact@v4	2026-09-04T18:03:40.7902518Z   LD_LIBRARY_PATH: /opt/hostedtoolcache/Python/3.13.15/x64/lib
test (ubuntu-latest, 3.13)	Run actions/upload-artifact@v4	2026-09-04T18:03:40.7902905Z   UV_CACHE_DIR: /home/runner/work/_temp/setup-uv-cache
test (ubuntu-latest, 3.13)	Run actions/upload-artifact@v4	2026-09-04T18:03:40.7903216Z ##[endgroup]
test (ubuntu-latest, 3.13)	Run actions/upload-artifact@v4	2026-09-04T18:03:40.9512544Z (node:2411) [DEP0040] DeprecationWarning: The `punycode` module is deprecated. Please use a userland alternative instead.
test (ubuntu-latest, 3.13)	Run actions/upload-artifact@v4	2026-09-04T18:03:40.9513873Z (Use `node --trace-deprecation ...` to show where the warning was created)
test (ubuntu-latest, 3.13)	Run actions/upload-artifact@v4	2026-09-04T18:03:40.9589473Z Multiple search paths detected. Calculating the least common ancestor of all paths
test (ubuntu-latest, 3.13)	Run actions/upload-artifact@v4	2026-09-04T18:03:40.9599348Z The least common ancestor is /home/runner/work/unified-quant/unified-quant/.gate. This will be the root directory of the artifact
test (ubuntu-latest, 3.13)	Run actions/upload-artifact@v4	2026-09-04T18:03:40.9600532Z With the provided path, there will be 4 files uploaded
test (ubuntu-latest, 3.13)	Run actions/upload-artifact@v4	2026-09-04T18:03:40.9601356Z Artifact name is valid!
test (ubuntu-latest, 3.13)	Run actions/upload-artifact@v4	2026-09-04T18:03:40.9601861Z Root directory input is valid!
test (ubuntu-latest, 3.13)	Run actions/upload-artifact@v4	2026-09-04T18:03:41.3471735Z Beginning upload of artifact content to blob storage
test (ubuntu-latest, 3.13)	Run actions/upload-artifact@v4	2026-09-04T18:03:41.3788926Z (node:2411) [DEP0169] DeprecationWarning: `url.parse()` behavior is not standardized and prone to errors that have security implications. Use the WHATWG URL API instead. CVEs are not issued for `url.parse()` vulnerabilities.
test (ubuntu-latest, 3.13)	Run actions/upload-artifact@v4	2026-09-04T18:03:41.6315939Z Uploaded bytes 2013
test (ubuntu-latest, 3.13)	Run actions/upload-artifact@v4	2026-09-04T18:03:41.7024613Z Finished uploading artifact content to blob storage!
test (ubuntu-latest, 3.13)	Run actions/upload-artifact@v4	2026-09-04T18:03:41.7025963Z SHA256 digest of uploaded artifact zip is b2f093f04f372ff200c022a183be884d810c42d01b5e3c0edf598c0cc050317c
test (ubuntu-latest, 3.13)	Run actions/upload-artifact@v4	2026-09-04T18:03:41.7028311Z Finalizing artifact upload
test (ubuntu-latest, 3.13)	Run actions/upload-artifact@v4	2026-09-04T18:03:41.9711249Z Artifact gate-report-ubuntu-latest-3.13.zip successfully finalized. Artifact ID 9948660133
test (ubuntu-latest, 3.13)	Run actions/upload-artifact@v4	2026-09-04T18:03:41.9713145Z Artifact gate-report-ubuntu-latest-3.13 has been successfully uploaded! Final size is 2013 bytes. Artifact ID is 9948660133
test (ubuntu-latest, 3.13)	Run actions/upload-artifact@v4	2026-09-04T18:03:41.9720005Z Artifact download URL: https://github.com/ljheee/unified-quant/actions/runs/33903807546/artifacts/9948660133
test (ubuntu-latest, 3.13)	Post Run astral-sh/setup-uv@v3	﻿2026-09-04T18:03:41.9906714Z Node 20 is being deprecated. This workflow is running with Node 24 by default. If you need to temporarily use Node 20, you can set the ACTIONS_ALLOW_USE_UNSECURE_NODE_VERSION=true environment variable. For more information see: https://github.blog/changelog/2025-09-19-deprecation-of-node-20-on-github-actions-runners/
test (ubuntu-latest, 3.13)	Post Run astral-sh/setup-uv@v3	2026-09-04T18:03:41.9908169Z Post job cleanup.
test (ubuntu-latest, 3.13)	Post Run actions/setup-python@v5	﻿2026-09-04T18:03:42.1148866Z Node 20 is being deprecated. This workflow is running with Node 24 by default. If you need to temporarily use Node 20, you can set the ACTIONS_ALLOW_USE_UNSECURE_NODE_VERSION=true environment variable. For more information see: https://github.blog/changelog/2025-09-19-deprecation-of-node-20-on-github-actions-runners/
test (ubuntu-latest, 3.13)	Post Run actions/setup-python@v5	2026-09-04T18:03:42.1150161Z Post job cleanup.
test (ubuntu-latest, 3.13)	Post Run actions/setup-python@v5	2026-09-04T18:03:42.2343552Z (node:2431) [DEP0040] DeprecationWarning: The `punycode` module is deprecated. Please use a userland alternative instead.
test (ubuntu-latest, 3.13)	Post Run actions/setup-python@v5	2026-09-04T18:03:42.2344748Z (Use `node --trace-deprecation ...` to show where the warning was created)
test (ubuntu-latest, 3.13)	Post Run actions/checkout@v4	﻿2026-09-04T18:03:42.2518283Z Node 20 is being deprecated. This workflow is running with Node 24 by default. If you need to temporarily use Node 20, you can set the ACTIONS_ALLOW_USE_UNSECURE_NODE_VERSION=true environment variable. For more information see: https://github.blog/changelog/2025-09-19-deprecation-of-node-20-on-github-actions-runners/
test (ubuntu-latest, 3.13)	Post Run actions/checkout@v4	2026-09-04T18:03:42.2519562Z Post job cleanup.
test (ubuntu-latest, 3.13)	Post Run actions/checkout@v4	2026-09-04T18:03:42.3464484Z [command]/usr/bin/git version
test (ubuntu-latest, 3.13)	Post Run actions/checkout@v4	2026-09-04T18:03:42.3515718Z git version 2.55.0
test (ubuntu-latest, 3.13)	Post Run actions/checkout@v4	2026-09-04T18:03:42.3568629Z Temporarily overriding HOME='/home/runner/work/_temp/4e766a1b-d876-49b9-93fb-9aec98202fb2' before making global git config changes
test (ubuntu-latest, 3.13)	Post Run actions/checkout@v4	2026-09-04T18:03:42.3570224Z Adding repository directory to the temporary git global config as a safe directory
test (ubuntu-latest, 3.13)	Post Run actions/checkout@v4	2026-09-04T18:03:42.3579207Z [command]/usr/bin/git config --global --add safe.directory /home/runner/work/unified-quant/unified-quant
test (ubuntu-latest, 3.13)	Post Run actions/checkout@v4	2026-09-04T18:03:42.3640258Z [command]/usr/bin/git config --local --name-only --get-regexp core\.sshCommand
test (ubuntu-latest, 3.13)	Post Run actions/checkout@v4	2026-09-04T18:03:42.3710313Z [command]/usr/bin/git submodule foreach --recursive sh -c "git config --local --name-only --get-regexp 'core\.sshCommand' && git config --local --unset-all 'core.sshCommand' || :"
test (ubuntu-latest, 3.13)	Post Run actions/checkout@v4	2026-09-04T18:03:42.4026319Z [command]/usr/bin/git config --local --name-only --get-regexp http\.https\:\/\/github\.com\/\.extraheader
test (ubuntu-latest, 3.13)	Post Run actions/checkout@v4	2026-09-04T18:03:42.4078488Z http.https://github.com/.extraheader
test (ubuntu-latest, 3.13)	Post Run actions/checkout@v4	2026-09-04T18:03:42.4082379Z [command]/usr/bin/git config --local --unset-all http.https://github.com/.extraheader
test (ubuntu-latest, 3.13)	Post Run actions/checkout@v4	2026-09-04T18:03:42.4129771Z [command]/usr/bin/git submodule foreach --recursive sh -c "git config --local --name-only --get-regexp 'http\.https\:\/\/github\.com\/\.extraheader' && git config --local --unset-all 'http.https://github.com/.extraheader' || :"
test (ubuntu-latest, 3.13)	Post Run actions/checkout@v4	2026-09-04T18:03:42.4509094Z [command]/usr/bin/git config --local --name-only --get-regexp ^includeIf\.gitdir:
test (ubuntu-latest, 3.13)	Post Run actions/checkout@v4	2026-09-04T18:03:42.4540372Z [command]/usr/bin/git submodule foreach --recursive git config --local --show-origin --name-only --get-regexp remote.origin.url
test (ubuntu-latest, 3.13)	Complete job	﻿2026-09-04T18:03:42.4933786Z Cleaning up orphan processes
test (ubuntu-latest, 3.13)	Complete job	2026-09-04T18:03:42.5338133Z ##[warning]Node.js 20 is deprecated. The following actions target Node.js 20 but are being forced to run on Node.js 24: actions/checkout@v4, actions/setup-python@v5, actions/upload-artifact@v4, astral-sh/setup-uv@v3. For more information see: https://github.blog/changelog/2025-09-19-deprecation-of-node-20-on-github-actions-runners/
test (ubuntu-latest, 3.11)	Set up job	﻿2026-09-04T18:03:10.5090914Z Current runner version: '2.337.0'
test (ubuntu-latest, 3.11)	Set up job	2026-09-04T18:03:10.5116852Z ##[group]Runner Image Provisioner
test (ubuntu-latest, 3.11)	Set up job	2026-09-04T18:03:10.5117809Z Hosted Compute Agent
test (ubuntu-latest, 3.11)	Set up job	2026-09-04T18:03:10.5118409Z Version: 20260828.587
test (ubuntu-latest, 3.11)	Set up job	2026-09-04T18:03:10.5119163Z Commit: abac92662cab4cc7352de4f9f9d2e2419aad9c29
test (ubuntu-latest, 3.11)	Set up job	2026-09-04T18:03:10.5120092Z Build Date: 2026-08-28T16:44:25Z
test (ubuntu-latest, 3.11)	Set up job	2026-09-04T18:03:10.5120856Z Worker ID: {ea1ad6e3-af7a-474b-9753-1436bef031d6}
test (ubuntu-latest, 3.11)	Set up job	2026-09-04T18:03:10.5121711Z Azure Region: northcentralus
test (ubuntu-latest, 3.11)	Set up job	2026-09-04T18:03:10.5122328Z ##[endgroup]
test (ubuntu-latest, 3.11)	Set up job	2026-09-04T18:03:10.5123860Z ##[group]Operating System
test (ubuntu-latest, 3.11)	Set up job	2026-09-04T18:03:10.5124563Z Ubuntu
test (ubuntu-latest, 3.11)	Set up job	2026-09-04T18:03:10.5125185Z 24.04.4
test (ubuntu-latest, 3.11)	Set up job	2026-09-04T18:03:10.5125807Z LTS
test (ubuntu-latest, 3.11)	Set up job	2026-09-04T18:03:10.5126680Z ##[endgroup]
test (ubuntu-latest, 3.11)	Set up job	2026-09-04T18:03:10.5127321Z ##[group]Runner Image
test (ubuntu-latest, 3.11)	Set up job	2026-09-04T18:03:10.5127949Z Image: ubuntu-24.04
test (ubuntu-latest, 3.11)	Set up job	2026-09-04T18:03:10.5128616Z Version: 20260831.293.1
test (ubuntu-latest, 3.11)	Set up job	2026-09-04T18:03:10.5129767Z Included Software: https://github.com/actions/runner-images/blob/ubuntu24/20260831.293/images/ubuntu/Ubuntu2404-Readme.md
test (ubuntu-latest, 3.11)	Set up job	2026-09-04T18:03:10.5131904Z Image Release: https://github.com/actions/runner-images/releases/tag/ubuntu24%2F20260831.293
test (ubuntu-latest, 3.11)	Set up job	2026-09-04T18:03:10.5132926Z ##[endgroup]
test (ubuntu-latest, 3.11)	Set up job	2026-09-04T18:03:10.5134262Z ##[group]GITHUB_TOKEN Permissions
test (ubuntu-latest, 3.11)	Set up job	2026-09-04T18:03:10.5136646Z Contents: read
test (ubuntu-latest, 3.11)	Set up job	2026-09-04T18:03:10.5137358Z Metadata: read
test (ubuntu-latest, 3.11)	Set up job	2026-09-04T18:03:10.5137968Z Packages: read
test (ubuntu-latest, 3.11)	Set up job	2026-09-04T18:03:10.5138550Z ##[endgroup]
test (ubuntu-latest, 3.11)	Set up job	2026-09-04T18:03:10.5141236Z Secret source: Actions
test (ubuntu-latest, 3.11)	Set up job	2026-09-04T18:03:10.5142537Z Prepare workflow directory
test (ubuntu-latest, 3.11)	Set up job	2026-09-04T18:03:10.5484896Z Prepare all required actions
test (ubuntu-latest, 3.11)	Set up job	2026-09-04T18:03:10.5533149Z Getting action download info
test (ubuntu-latest, 3.11)	Set up job	2026-09-04T18:03:10.8055543Z Download action repository 'actions/checkout@v4' (SHA:11d5960a326750d5838078e36cf38b85af677262)
test (ubuntu-latest, 3.11)	Set up job	2026-09-04T18:03:10.9197383Z Download action repository 'actions/setup-python@v5' (SHA:a26af69be951a213d495a4c3e4e4022e16d87065)
test (ubuntu-latest, 3.11)	Set up job	2026-09-04T18:03:11.0502508Z Download action repository 'astral-sh/setup-uv@v3' (SHA:caf0cab7a618c569241d31dcd442f54681755d39)
test (ubuntu-latest, 3.11)	Set up job	2026-09-04T18:03:11.4726141Z Download action repository 'actions/upload-artifact@v4' (SHA:ea165f8d65b6e75b540449e92b4886f43607fa02)
test (ubuntu-latest, 3.11)	Set up job	2026-09-04T18:03:11.6972476Z Complete job name: test (ubuntu-latest, 3.11)
test (ubuntu-latest, 3.11)	Run actions/checkout@v4	﻿2026-09-04T18:03:11.7804069Z Node 20 is being deprecated. This workflow is running with Node 24 by default. If you need to temporarily use Node 20, you can set the ACTIONS_ALLOW_USE_UNSECURE_NODE_VERSION=true environment variable. For more information see: https://github.blog/changelog/2025-09-19-deprecation-of-node-20-on-github-actions-runners/
test (ubuntu-latest, 3.11)	Run actions/checkout@v4	2026-09-04T18:03:11.7813252Z ##[group]Run actions/checkout@v4
test (ubuntu-latest, 3.11)	Run actions/checkout@v4	2026-09-04T18:03:11.7814029Z with:
test (ubuntu-latest, 3.11)	Run actions/checkout@v4	2026-09-04T18:03:11.7814525Z   repository: ljheee/unified-quant
test (ubuntu-latest, 3.11)	Run actions/checkout@v4	2026-09-04T18:03:11.7819253Z   token: ***
test (ubuntu-latest, 3.11)	Run actions/checkout@v4	2026-09-04T18:03:11.7819757Z   ssh-strict: true
test (ubuntu-latest, 3.11)	Run actions/checkout@v4	2026-09-04T18:03:11.7820244Z   ssh-user: git
test (ubuntu-latest, 3.11)	Run actions/checkout@v4	2026-09-04T18:03:11.7820737Z   persist-credentials: true
test (ubuntu-latest, 3.11)	Run actions/checkout@v4	2026-09-04T18:03:11.7821278Z   clean: true
test (ubuntu-latest, 3.11)	Run actions/checkout@v4	2026-09-04T18:03:11.7821773Z   sparse-checkout-cone-mode: true
test (ubuntu-latest, 3.11)	Run actions/checkout@v4	2026-09-04T18:03:11.7822371Z   fetch-depth: 1
test (ubuntu-latest, 3.11)	Run actions/checkout@v4	2026-09-04T18:03:11.7822842Z   fetch-tags: false
test (ubuntu-latest, 3.11)	Run actions/checkout@v4	2026-09-04T18:03:11.7823337Z   show-progress: true
test (ubuntu-latest, 3.11)	Run actions/checkout@v4	2026-09-04T18:03:11.7823837Z   lfs: false
test (ubuntu-latest, 3.11)	Run actions/checkout@v4	2026-09-04T18:03:11.7824293Z   submodules: false
test (ubuntu-latest, 3.11)	Run actions/checkout@v4	2026-09-04T18:03:11.7824835Z   set-safe-directory: true
test (ubuntu-latest, 3.11)	Run actions/checkout@v4	2026-09-04T18:03:11.7825389Z   allow-unsafe-pr-checkout: false
test (ubuntu-latest, 3.11)	Run actions/checkout@v4	2026-09-04T18:03:11.7826151Z ##[endgroup]
test (ubuntu-latest, 3.11)	Run actions/checkout@v4	2026-09-04T18:03:11.8858414Z Syncing repository: ljheee/unified-quant
test (ubuntu-latest, 3.11)	Run actions/checkout@v4	2026-09-04T18:03:11.8861243Z ##[group]Getting Git version info
test (ubuntu-latest, 3.11)	Run actions/checkout@v4	2026-09-04T18:03:11.8862624Z Working directory is '/home/runner/work/unified-quant/unified-quant'
test (ubuntu-latest, 3.11)	Run actions/checkout@v4	2026-09-04T18:03:11.8864583Z [command]/usr/bin/git version
test (ubuntu-latest, 3.11)	Run actions/checkout@v4	2026-09-04T18:03:11.8916992Z git version 2.55.0
test (ubuntu-latest, 3.11)	Run actions/checkout@v4	2026-09-04T18:03:11.8937387Z ##[endgroup]
test (ubuntu-latest, 3.11)	Run actions/checkout@v4	2026-09-04T18:03:11.8953892Z Temporarily overriding HOME='/home/runner/work/_temp/bd723c6d-bb48-4da8-bf45-20b7fd899023' before making global git config changes
test (ubuntu-latest, 3.11)	Run actions/checkout@v4	2026-09-04T18:03:11.8957332Z Adding repository directory to the temporary git global config as a safe directory
test (ubuntu-latest, 3.11)	Run actions/checkout@v4	2026-09-04T18:03:11.8960627Z [command]/usr/bin/git config --global --add safe.directory /home/runner/work/unified-quant/unified-quant
test (ubuntu-latest, 3.11)	Run actions/checkout@v4	2026-09-04T18:03:11.9010479Z Deleting the contents of '/home/runner/work/unified-quant/unified-quant'
test (ubuntu-latest, 3.11)	Run actions/checkout@v4	2026-09-04T18:03:11.9014441Z ##[group]Initializing the repository
test (ubuntu-latest, 3.11)	Run actions/checkout@v4	2026-09-04T18:03:11.9019893Z [command]/usr/bin/git init /home/runner/work/unified-quant/unified-quant
test (ubuntu-latest, 3.11)	Run actions/checkout@v4	2026-09-04T18:03:11.9109432Z hint: Using 'master' as the name for the initial branch. This default branch name
test (ubuntu-latest, 3.11)	Run actions/checkout@v4	2026-09-04T18:03:11.9111499Z hint: will change to "main" in Git 3.0. To configure the initial branch name
test (ubuntu-latest, 3.11)	Run actions/checkout@v4	2026-09-04T18:03:11.9113383Z hint: to use in all of your new repositories, which will suppress this warning,
test (ubuntu-latest, 3.11)	Run actions/checkout@v4	2026-09-04T18:03:11.9115298Z hint: call:
test (ubuntu-latest, 3.11)	Run actions/checkout@v4	2026-09-04T18:03:11.9116370Z hint:
test (ubuntu-latest, 3.11)	Run actions/checkout@v4	2026-09-04T18:03:11.9117447Z hint: 	git config --global init.defaultBranch <name>
test (ubuntu-latest, 3.11)	Run actions/checkout@v4	2026-09-04T18:03:11.9118742Z hint:
test (ubuntu-latest, 3.11)	Run actions/checkout@v4	2026-09-04T18:03:11.9120000Z hint: Names commonly chosen instead of 'master' are 'main', 'trunk' and
test (ubuntu-latest, 3.11)	Run actions/checkout@v4	2026-09-04T18:03:11.9121935Z hint: 'development'. The just-created branch can be renamed via this command:
test (ubuntu-latest, 3.11)	Run actions/checkout@v4	2026-09-04T18:03:11.9124371Z hint:
test (ubuntu-latest, 3.11)	Run actions/checkout@v4	2026-09-04T18:03:11.9125365Z hint: 	git branch -m <name>
test (ubuntu-latest, 3.11)	Run actions/checkout@v4	2026-09-04T18:03:11.9126682Z hint:
test (ubuntu-latest, 3.11)	Run actions/checkout@v4	2026-09-04T18:03:11.9128152Z hint: Disable this message with "git config set advice.defaultBranchName false"
test (ubuntu-latest, 3.11)	Run actions/checkout@v4	2026-09-04T18:03:11.9130678Z Initialized empty Git repository in /home/runner/work/unified-quant/unified-quant/.git/
test (ubuntu-latest, 3.11)	Run actions/checkout@v4	2026-09-04T18:03:11.9134340Z [command]/usr/bin/git remote add origin https://github.com/ljheee/unified-quant
test (ubuntu-latest, 3.11)	Run actions/checkout@v4	2026-09-04T18:03:11.9167253Z ##[endgroup]
test (ubuntu-latest, 3.11)	Run actions/checkout@v4	2026-09-04T18:03:11.9168720Z ##[group]Disabling automatic garbage collection
test (ubuntu-latest, 3.11)	Run actions/checkout@v4	2026-09-04T18:03:11.9172664Z [command]/usr/bin/git config --local gc.auto 0
test (ubuntu-latest, 3.11)	Run actions/checkout@v4	2026-09-04T18:03:11.9208231Z ##[endgroup]
test (ubuntu-latest, 3.11)	Run actions/checkout@v4	2026-09-04T18:03:11.9209675Z ##[group]Setting up auth
test (ubuntu-latest, 3.11)	Run actions/checkout@v4	2026-09-04T18:03:11.9214845Z [command]/usr/bin/git config --local --name-only --get-regexp core\.sshCommand
test (ubuntu-latest, 3.11)	Run actions/checkout@v4	2026-09-04T18:03:11.9252088Z [command]/usr/bin/git submodule foreach --recursive sh -c "git config --local --name-only --get-regexp 'core\.sshCommand' && git config --local --unset-all 'core.sshCommand' || :"
test (ubuntu-latest, 3.11)	Run actions/checkout@v4	2026-09-04T18:03:11.9587012Z [command]/usr/bin/git config --local --name-only --get-regexp http\.https\:\/\/github\.com\/\.extraheader
test (ubuntu-latest, 3.11)	Run actions/checkout@v4	2026-09-04T18:03:11.9658298Z [command]/usr/bin/git submodule foreach --recursive sh -c "git config --local --name-only --get-regexp 'http\.https\:\/\/github\.com\/\.extraheader' && git config --local --unset-all 'http.https://github.com/.extraheader' || :"
test (ubuntu-latest, 3.11)	Run actions/checkout@v4	2026-09-04T18:03:11.9925519Z [command]/usr/bin/git config --local --name-only --get-regexp ^includeIf\.gitdir:
test (ubuntu-latest, 3.11)	Run actions/checkout@v4	2026-09-04T18:03:11.9967084Z [command]/usr/bin/git submodule foreach --recursive git config --local --show-origin --name-only --get-regexp remote.origin.url
test (ubuntu-latest, 3.11)	Run actions/checkout@v4	2026-09-04T18:03:12.0210598Z [command]/usr/bin/git config --local http.https://github.com/.extraheader AUTHORIZATION: basic ***
test (ubuntu-latest, 3.11)	Run actions/checkout@v4	2026-09-04T18:03:12.0251983Z ##[endgroup]
test (ubuntu-latest, 3.11)	Run actions/checkout@v4	2026-09-04T18:03:12.0260876Z ##[group]Fetching the repository
test (ubuntu-latest, 3.11)	Run actions/checkout@v4	2026-09-04T18:03:12.0262607Z [command]/usr/bin/git -c protocol.version=2 fetch --no-tags --prune --no-recurse-submodules --depth=1 origin +e631740c51abd6f10390fd9bfefd1c6540e5f2c5:refs/remotes/origin/main
test (ubuntu-latest, 3.11)	Run actions/checkout@v4	2026-09-04T18:03:12.5141128Z From https://github.com/ljheee/unified-quant
test (ubuntu-latest, 3.11)	Run actions/checkout@v4	2026-09-04T18:03:12.5143784Z  * [new ref]         e631740c51abd6f10390fd9bfefd1c6540e5f2c5 -> origin/main
test (ubuntu-latest, 3.11)	Run actions/checkout@v4	2026-09-04T18:03:12.5150270Z ##[endgroup]
test (ubuntu-latest, 3.11)	Run actions/checkout@v4	2026-09-04T18:03:12.5152361Z ##[group]Determining the checkout info
test (ubuntu-latest, 3.11)	Run actions/checkout@v4	2026-09-04T18:03:12.5155667Z ##[endgroup]
test (ubuntu-latest, 3.11)	Run actions/checkout@v4	2026-09-04T18:03:12.5158417Z [command]/usr/bin/git sparse-checkout disable
test (ubuntu-latest, 3.11)	Run actions/checkout@v4	2026-09-04T18:03:12.5211974Z [command]/usr/bin/git config --local --unset-all extensions.worktreeConfig
test (ubuntu-latest, 3.11)	Run actions/checkout@v4	2026-09-04T18:03:12.5250202Z ##[group]Checking out the ref
test (ubuntu-latest, 3.11)	Run actions/checkout@v4	2026-09-04T18:03:12.5253545Z [command]/usr/bin/git checkout --progress --force -B main refs/remotes/origin/main
test (ubuntu-latest, 3.11)	Run actions/checkout@v4	2026-09-04T18:03:12.5925058Z Switched to a new branch 'main'
test (ubuntu-latest, 3.11)	Run actions/checkout@v4	2026-09-04T18:03:12.5929023Z branch 'main' set up to track 'origin/main'.
test (ubuntu-latest, 3.11)	Run actions/checkout@v4	2026-09-04T18:03:12.5937942Z ##[endgroup]
test (ubuntu-latest, 3.11)	Run actions/checkout@v4	2026-09-04T18:03:12.5984260Z [command]/usr/bin/git log -1 --format=%H
test (ubuntu-latest, 3.11)	Run actions/checkout@v4	2026-09-04T18:03:12.6013799Z e631740c51abd6f10390fd9bfefd1c6540e5f2c5
test (ubuntu-latest, 3.11)	Run actions/setup-python@v5	﻿2026-09-04T18:03:12.6476788Z Node 20 is being deprecated. This workflow is running with Node 24 by default. If you need to temporarily use Node 20, you can set the ACTIONS_ALLOW_USE_UNSECURE_NODE_VERSION=true environment variable. For more information see: https://github.blog/changelog/2025-09-19-deprecation-of-node-20-on-github-actions-runners/
test (ubuntu-latest, 3.11)	Run actions/setup-python@v5	2026-09-04T18:03:12.6482670Z ##[group]Run actions/setup-python@v5
test (ubuntu-latest, 3.11)	Run actions/setup-python@v5	2026-09-04T18:03:12.6483874Z with:
test (ubuntu-latest, 3.11)	Run actions/setup-python@v5	2026-09-04T18:03:12.6484803Z   python-version: 3.11
test (ubuntu-latest, 3.11)	Run actions/setup-python@v5	2026-09-04T18:03:12.6485849Z   check-latest: false
test (ubuntu-latest, 3.11)	Run actions/setup-python@v5	2026-09-04T18:03:12.6497051Z   token: ***
test (ubuntu-latest, 3.11)	Run actions/setup-python@v5	2026-09-04T18:03:12.6498016Z   update-environment: true
test (ubuntu-latest, 3.11)	Run actions/setup-python@v5	2026-09-04T18:03:12.6499127Z   allow-prereleases: false
test (ubuntu-latest, 3.11)	Run actions/setup-python@v5	2026-09-04T18:03:12.6500203Z   freethreaded: false
test (ubuntu-latest, 3.11)	Run actions/setup-python@v5	2026-09-04T18:03:12.6501189Z ##[endgroup]
test (ubuntu-latest, 3.11)	Run actions/setup-python@v5	2026-09-04T18:03:12.7916389Z ##[group]Installed versions
test (ubuntu-latest, 3.11)	Run actions/setup-python@v5	2026-09-04T18:03:12.7997589Z (node:2275) [DEP0040] DeprecationWarning: The `punycode` module is deprecated. Please use a userland alternative instead.
test (ubuntu-latest, 3.11)	Run actions/setup-python@v5	2026-09-04T18:03:12.8001786Z (Use `node --trace-deprecation ...` to show where the warning was created)
test (ubuntu-latest, 3.11)	Run actions/setup-python@v5	2026-09-04T18:03:12.8004443Z Successfully set up CPython (3.11.16)
test (ubuntu-latest, 3.11)	Run actions/setup-python@v5	2026-09-04T18:03:12.8007164Z ##[endgroup]
test (ubuntu-latest, 3.11)	Run astral-sh/setup-uv@v3	﻿2026-09-04T18:03:12.8317233Z Node 20 is being deprecated. This workflow is running with Node 24 by default. If you need to temporarily use Node 20, you can set the ACTIONS_ALLOW_USE_UNSECURE_NODE_VERSION=true environment variable. For more information see: https://github.blog/changelog/2025-09-19-deprecation-of-node-20-on-github-actions-runners/
test (ubuntu-latest, 3.11)	Run astral-sh/setup-uv@v3	2026-09-04T18:03:12.8323297Z ##[group]Run astral-sh/setup-uv@v3
test (ubuntu-latest, 3.11)	Run astral-sh/setup-uv@v3	2026-09-04T18:03:12.8324835Z with:
test (ubuntu-latest, 3.11)	Run astral-sh/setup-uv@v3	2026-09-04T18:03:12.8326033Z   version: latest
test (ubuntu-latest, 3.11)	Run astral-sh/setup-uv@v3	2026-09-04T18:03:12.8344576Z   github-token: ***
test (ubuntu-latest, 3.11)	Run astral-sh/setup-uv@v3	2026-09-04T18:03:12.8346443Z   enable-cache: false
test (ubuntu-latest, 3.11)	Run astral-sh/setup-uv@v3	2026-09-04T18:03:12.8347983Z   cache-dependency-glob: **/uv.lock
test (ubuntu-latest, 3.11)	Run astral-sh/setup-uv@v3	2026-09-04T18:03:12.8349736Z   prune-cache: true
test (ubuntu-latest, 3.11)	Run astral-sh/setup-uv@v3	2026-09-04T18:03:12.8351062Z env:
test (ubuntu-latest, 3.11)	Run astral-sh/setup-uv@v3	2026-09-04T18:03:12.8352555Z   pythonLocation: /opt/hostedtoolcache/Python/3.11.16/x64
test (ubuntu-latest, 3.11)	Run astral-sh/setup-uv@v3	2026-09-04T18:03:12.8355066Z   PKG_CONFIG_PATH: /opt/hostedtoolcache/Python/3.11.16/x64/lib/pkgconfig
test (ubuntu-latest, 3.11)	Run astral-sh/setup-uv@v3	2026-09-04T18:03:12.8357711Z   Python_ROOT_DIR: /opt/hostedtoolcache/Python/3.11.16/x64
test (ubuntu-latest, 3.11)	Run astral-sh/setup-uv@v3	2026-09-04T18:03:12.8359960Z   Python2_ROOT_DIR: /opt/hostedtoolcache/Python/3.11.16/x64
test (ubuntu-latest, 3.11)	Run astral-sh/setup-uv@v3	2026-09-04T18:03:12.8362323Z   Python3_ROOT_DIR: /opt/hostedtoolcache/Python/3.11.16/x64
test (ubuntu-latest, 3.11)	Run astral-sh/setup-uv@v3	2026-09-04T18:03:12.8365064Z   LD_LIBRARY_PATH: /opt/hostedtoolcache/Python/3.11.16/x64/lib
test (ubuntu-latest, 3.11)	Run astral-sh/setup-uv@v3	2026-09-04T18:03:12.8367189Z ##[endgroup]
test (ubuntu-latest, 3.11)	Run astral-sh/setup-uv@v3	2026-09-04T18:03:12.9757843Z Downloading uv from "https://github.com/astral-sh/uv/releases/latest/download/uv-x86_64-unknown-linux-gnu.tar.gz" ...
test (ubuntu-latest, 3.11)	Run astral-sh/setup-uv@v3	2026-09-04T18:03:12.9777161Z (node:2283) [DEP0040] DeprecationWarning: The `punycode` module is deprecated. Please use a userland alternative instead.
test (ubuntu-latest, 3.11)	Run astral-sh/setup-uv@v3	2026-09-04T18:03:12.9781507Z (Use `node --trace-deprecation ...` to show where the warning was created)
test (ubuntu-latest, 3.11)	Run astral-sh/setup-uv@v3	2026-09-04T18:03:13.3642422Z [command]/usr/bin/tar xz --warning=no-unknown-keyword --overwrite -C /home/runner/work/_temp/50a4040f-7c42-4396-8cfe-693825e65e39 -f /home/runner/work/_temp/ff064389-607b-422a-a366-285b2dda3f1e
test (ubuntu-latest, 3.11)	Run astral-sh/setup-uv@v3	2026-09-04T18:03:13.7882517Z Added /opt/hostedtoolcache/uv/0.12.9/x86_64 to the path
test (ubuntu-latest, 3.11)	Run astral-sh/setup-uv@v3	2026-09-04T18:03:13.7884278Z Added /home/runner/.local/bin to the path
test (ubuntu-latest, 3.11)	Run astral-sh/setup-uv@v3	2026-09-04T18:03:13.7888654Z Successfully installed uv version 0.12.9
test (ubuntu-latest, 3.11)	Run astral-sh/setup-uv@v3	2026-09-04T18:03:13.7900697Z Set UV_CACHE_DIR to /home/runner/work/_temp/setup-uv-cache
test (ubuntu-latest, 3.11)	Run scripts/run_gate.sh	﻿2026-09-04T18:03:13.8071833Z ##[group]Run scripts/run_gate.sh
test (ubuntu-latest, 3.11)	Run scripts/run_gate.sh	2026-09-04T18:03:13.8072973Z ^[[36;1mscripts/run_gate.sh^[[0m
test (ubuntu-latest, 3.11)	Run scripts/run_gate.sh	2026-09-04T18:03:13.8124252Z shell: /usr/bin/bash -e {0}
test (ubuntu-latest, 3.11)	Run scripts/run_gate.sh	2026-09-04T18:03:13.8125245Z env:
test (ubuntu-latest, 3.11)	Run scripts/run_gate.sh	2026-09-04T18:03:13.8126507Z   pythonLocation: /opt/hostedtoolcache/Python/3.11.16/x64
test (ubuntu-latest, 3.11)	Run scripts/run_gate.sh	2026-09-04T18:03:13.8128074Z   PKG_CONFIG_PATH: /opt/hostedtoolcache/Python/3.11.16/x64/lib/pkgconfig
test (ubuntu-latest, 3.11)	Run scripts/run_gate.sh	2026-09-04T18:03:13.8129872Z   Python_ROOT_DIR: /opt/hostedtoolcache/Python/3.11.16/x64
test (ubuntu-latest, 3.11)	Run scripts/run_gate.sh	2026-09-04T18:03:13.8131260Z   Python2_ROOT_DIR: /opt/hostedtoolcache/Python/3.11.16/x64
test (ubuntu-latest, 3.11)	Run scripts/run_gate.sh	2026-09-04T18:03:13.8132674Z   Python3_ROOT_DIR: /opt/hostedtoolcache/Python/3.11.16/x64
test (ubuntu-latest, 3.11)	Run scripts/run_gate.sh	2026-09-04T18:03:13.8134071Z   LD_LIBRARY_PATH: /opt/hostedtoolcache/Python/3.11.16/x64/lib
test (ubuntu-latest, 3.11)	Run scripts/run_gate.sh	2026-09-04T18:03:13.8135432Z   UV_CACHE_DIR: /home/runner/work/_temp/setup-uv-cache
test (ubuntu-latest, 3.11)	Run scripts/run_gate.sh	2026-09-04T18:03:13.8136799Z ##[endgroup]
test (ubuntu-latest, 3.11)	Run scripts/run_gate.sh	2026-09-04T18:03:14.5066031Z Using CPython 3.11.16 interpreter at: /opt/hostedtoolcache/Python/3.11.16/x64/bin/python3
test (ubuntu-latest, 3.11)	Run scripts/run_gate.sh	2026-09-04T18:03:14.5110691Z Resolved 214 packages in 0.60ms
test (ubuntu-latest, 3.11)	Run scripts/run_gate.sh	2026-09-04T18:03:14.5237079Z Using CPython 3.11.16 interpreter at: /opt/hostedtoolcache/Python/3.11.16/x64/bin/python3
test (ubuntu-latest, 3.11)	Run scripts/run_gate.sh	2026-09-04T18:03:14.5238350Z Creating virtual environment at: .venv
test (ubuntu-latest, 3.11)	Run scripts/run_gate.sh	2026-09-04T18:03:14.5287469Z Resolved 214 packages in 0.55ms
test (ubuntu-latest, 3.11)	Run scripts/run_gate.sh	2026-09-04T18:03:14.5468598Z    Building unified-quant @ file:///home/runner/work/unified-quant/unified-quant
test (ubuntu-latest, 3.11)	Run scripts/run_gate.sh	2026-09-04T18:03:14.6236423Z Downloading numpy (16.1MiB)
test (ubuntu-latest, 3.11)	Run scripts/run_gate.sh	2026-09-04T18:03:14.6237628Z Downloading pygments (1.2MiB)
test (ubuntu-latest, 3.11)	Run scripts/run_gate.sh	2026-09-04T18:03:14.6239296Z Downloading pandas (12.2MiB)
test (ubuntu-latest, 3.11)	Run scripts/run_gate.sh	2026-09-04T18:03:14.6251685Z Downloading py-mini-racer (5.2MiB)
test (ubuntu-latest, 3.11)	Run scripts/run_gate.sh	2026-09-04T18:03:14.6253184Z Downloading scikit-learn (8.9MiB)
test (ubuntu-latest, 3.11)	Run scripts/run_gate.sh	2026-09-04T18:03:14.6268666Z Downloading cryptography (4.5MiB)
test (ubuntu-latest, 3.11)	Run scripts/run_gate.sh	2026-09-04T18:03:14.6271284Z Downloading pyarrow (47.7MiB)
test (ubuntu-latest, 3.11)	Run scripts/run_gate.sh	2026-09-04T18:03:14.6281623Z Downloading scipy (33.7MiB)
test (ubuntu-latest, 3.11)	Run scripts/run_gate.sh	2026-09-04T18:03:14.6294210Z Downloading lxml (5.0MiB)
test (ubuntu-latest, 3.11)	Run scripts/run_gate.sh	2026-09-04T18:03:14.8398369Z  Downloaded pygments
test (ubuntu-latest, 3.11)	Run scripts/run_gate.sh	2026-09-04T18:03:14.9714563Z  Downloaded cryptography
test (ubuntu-latest, 3.11)	Run scripts/run_gate.sh	2026-09-04T18:03:14.9717439Z  Downloaded py-mini-racer
test (ubuntu-latest, 3.11)	Run scripts/run_gate.sh	2026-09-04T18:03:14.9966918Z  Downloaded lxml
test (ubuntu-latest, 3.11)	Run scripts/run_gate.sh	2026-09-04T18:03:15.1117919Z  Downloaded scikit-learn
test (ubuntu-latest, 3.11)	Run scripts/run_gate.sh	2026-09-04T18:03:15.2207579Z  Downloaded pandas
test (ubuntu-latest, 3.11)	Run scripts/run_gate.sh	2026-09-04T18:03:15.2337165Z  Downloaded numpy
test (ubuntu-latest, 3.11)	Run scripts/run_gate.sh	2026-09-04T18:03:15.4719052Z  Downloaded scipy
test (ubuntu-latest, 3.11)	Run scripts/run_gate.sh	2026-09-04T18:03:15.4890363Z  Downloaded pyarrow
test (ubuntu-latest, 3.11)	Run scripts/run_gate.sh	2026-09-04T18:03:16.3008516Z       Built unified-quant @ file:///home/runner/work/unified-quant/unified-quant
test (ubuntu-latest, 3.11)	Run scripts/run_gate.sh	2026-09-04T18:03:16.3027289Z Prepared 53 packages in 1.77s
test (ubuntu-latest, 3.11)	Run scripts/run_gate.sh	2026-09-04T18:03:16.4075918Z Installed 53 packages in 104ms
test (ubuntu-latest, 3.11)	Run scripts/run_gate.sh	2026-09-04T18:03:16.4077009Z  + anyio==4.14.2
test (ubuntu-latest, 3.11)	Run scripts/run_gate.sh	2026-09-04T18:03:16.4077647Z  + attrs==26.1.0
test (ubuntu-latest, 3.11)	Run scripts/run_gate.sh	2026-09-04T18:03:16.4078060Z  + beautifulsoup4==4.15.0
test (ubuntu-latest, 3.11)	Run scripts/run_gate.sh	2026-09-04T18:03:16.4078433Z  + bs4==0.0.2
test (ubuntu-latest, 3.11)	Run scripts/run_gate.sh	2026-09-04T18:03:16.4078736Z  + certifi==2026.7.22
test (ubuntu-latest, 3.11)	Run scripts/run_gate.sh	2026-09-04T18:03:16.4079059Z  + cffi==2.1.1
test (ubuntu-latest, 3.11)	Run scripts/run_gate.sh	2026-09-04T18:03:16.4079383Z  + charset-normalizer==3.5.1
test (ubuntu-latest, 3.11)	Run scripts/run_gate.sh	2026-09-04T18:03:16.4079789Z  + click==8.4.2
test (ubuntu-latest, 3.11)	Run scripts/run_gate.sh	2026-09-04T18:03:16.4086805Z  + cryptography==49.0.0
test (ubuntu-latest, 3.11)	Run scripts/run_gate.sh	2026-09-04T18:03:16.4087295Z  + h11==0.16.0
test (ubuntu-latest, 3.11)	Run scripts/run_gate.sh	2026-09-04T18:03:16.4087692Z  + httpcore==1.0.9
test (ubuntu-latest, 3.11)	Run scripts/run_gate.sh	2026-09-04T18:03:16.4088110Z  + httpx==0.25.2
test (ubuntu-latest, 3.11)	Run scripts/run_gate.sh	2026-09-04T18:03:16.4088523Z  + idna==3.19
test (ubuntu-latest, 3.11)	Run scripts/run_gate.sh	2026-09-04T18:03:16.4088920Z  + iniconfig==2.3.0
test (ubuntu-latest, 3.11)	Run scripts/run_gate.sh	2026-09-04T18:03:16.4089333Z  + joblib==1.5.3
test (ubuntu-latest, 3.11)	Run scripts/run_gate.sh	2026-09-04T18:03:16.4089739Z  + jsonschema==4.26.0
test (ubuntu-latest, 3.11)	Run scripts/run_gate.sh	2026-09-04T18:03:16.4090249Z  + jsonschema-specifications==2025.9.1
test (ubuntu-latest, 3.11)	Run scripts/run_gate.sh	2026-09-04T18:03:16.4090807Z  + lxml==6.1.2
test (ubuntu-latest, 3.11)	Run scripts/run_gate.sh	2026-09-04T18:03:16.4091213Z  + mootdx==0.11.7
test (ubuntu-latest, 3.11)	Run scripts/run_gate.sh	2026-09-04T18:03:16.4091607Z  + narwhals==2.25.0
test (ubuntu-latest, 3.11)	Run scripts/run_gate.sh	2026-09-04T18:03:16.4092002Z  + numpy==2.4.6
test (ubuntu-latest, 3.11)	Run scripts/run_gate.sh	2026-09-04T18:03:16.4092489Z  + packaging==26.3
test (ubuntu-latest, 3.11)	Run scripts/run_gate.sh	2026-09-04T18:03:16.4093095Z  + pandas==2.3.3
test (ubuntu-latest, 3.11)	Run scripts/run_gate.sh	2026-09-04T18:03:16.4093693Z  + pluggy==1.6.0
test (ubuntu-latest, 3.11)	Run scripts/run_gate.sh	2026-09-04T18:03:16.4094244Z  + prettytable==3.18.0
test (ubuntu-latest, 3.11)	Run scripts/run_gate.sh	2026-09-04T18:03:16.4094687Z  + py-mini-racer==0.6.0
test (ubuntu-latest, 3.11)	Run scripts/run_gate.sh	2026-09-04T18:03:16.4095110Z  + pyarrow==25.0.1
test (ubuntu-latest, 3.11)	Run scripts/run_gate.sh	2026-09-04T18:03:16.4095516Z  + pycparser==3.0
test (ubuntu-latest, 3.11)	Run scripts/run_gate.sh	2026-09-04T18:03:16.4095930Z  + pygments==2.21.0
test (ubuntu-latest, 3.11)	Run scripts/run_gate.sh	2026-09-04T18:03:16.4096482Z  + pytest==9.1.1
test (ubuntu-latest, 3.11)	Run scripts/run_gate.sh	2026-09-04T18:03:16.4096973Z  + python-dateutil==2.9.0.post0
test (ubuntu-latest, 3.11)	Run scripts/run_gate.sh	2026-09-04T18:03:16.4097794Z  + pytz==2026.3.post1
test (ubuntu-latest, 3.11)	Run scripts/run_gate.sh	2026-09-04T18:03:16.4098230Z  + pyyaml==6.0.3
test (ubuntu-latest, 3.11)	Run scripts/run_gate.sh	2026-09-04T18:03:16.4098637Z  + referencing==0.37.0
test (ubuntu-latest, 3.11)	Run scripts/run_gate.sh	2026-09-04T18:03:16.4099066Z  + requests==2.34.2
test (ubuntu-latest, 3.11)	Run scripts/run_gate.sh	2026-09-04T18:03:16.4099478Z  + rpds-py==2026.6.3
test (ubuntu-latest, 3.11)	Run scripts/run_gate.sh	2026-09-04T18:03:16.4099913Z  + scikit-learn==1.9.0
test (ubuntu-latest, 3.11)	Run scripts/run_gate.sh	2026-09-04T18:03:16.4100329Z  + scipy==1.17.1
test (ubuntu-latest, 3.11)	Run scripts/run_gate.sh	2026-09-04T18:03:16.4100951Z  + simplejson==4.1.1
test (ubuntu-latest, 3.11)	Run scripts/run_gate.sh	2026-09-04T18:03:16.4101388Z  + six==1.17.0
test (ubuntu-latest, 3.11)	Run scripts/run_gate.sh	2026-09-04T18:03:16.4101790Z  + sniffio==1.3.1
test (ubuntu-latest, 3.11)	Run scripts/run_gate.sh	2026-09-04T18:03:16.4102197Z  + soupsieve==2.9.2
test (ubuntu-latest, 3.11)	Run scripts/run_gate.sh	2026-09-04T18:03:16.4102600Z  + tdxpy==0.2.7
test (ubuntu-latest, 3.11)	Run scripts/run_gate.sh	2026-09-04T18:03:16.4103005Z  + tenacity==8.5.0
test (ubuntu-latest, 3.11)	Run scripts/run_gate.sh	2026-09-04T18:03:16.4103423Z  + threadpoolctl==3.6.0
test (ubuntu-latest, 3.11)	Run scripts/run_gate.sh	2026-09-04T18:03:16.4103855Z  + tqdm==4.70.0
test (ubuntu-latest, 3.11)	Run scripts/run_gate.sh	2026-09-04T18:03:16.4104247Z  + tushare==1.4.29
test (ubuntu-latest, 3.11)	Run scripts/run_gate.sh	2026-09-04T18:03:16.4104674Z  + typing-extensions==4.16.0
test (ubuntu-latest, 3.11)	Run scripts/run_gate.sh	2026-09-04T18:03:16.4105146Z  + tzdata==2026.3
test (ubuntu-latest, 3.11)	Run scripts/run_gate.sh	2026-09-04T18:03:16.4105772Z  + unified-quant==0.1.0 (from file:///home/runner/work/unified-quant/unified-quant)
test (ubuntu-latest, 3.11)	Run scripts/run_gate.sh	2026-09-04T18:03:16.4106735Z  + urllib3==2.7.0
test (ubuntu-latest, 3.11)	Run scripts/run_gate.sh	2026-09-04T18:03:16.4107133Z  + wcwidth==0.8.2
test (ubuntu-latest, 3.11)	Run scripts/run_gate.sh	2026-09-04T18:03:16.4107553Z  + websocket-client==1.9.0
test (ubuntu-latest, 3.11)	Run scripts/run_gate.sh	2026-09-04T18:03:21.4272321Z ........................................................................ [ 17%]
test (ubuntu-latest, 3.11)	Run scripts/run_gate.sh	2026-09-04T18:03:23.2960538Z ........................................................................ [ 34%]
test (ubuntu-latest, 3.11)	Run scripts/run_gate.sh	2026-09-04T18:03:24.2863617Z ......s................................................................. [ 51%]
test (ubuntu-latest, 3.11)	Run scripts/run_gate.sh	2026-09-04T18:03:24.8589526Z ................................................................sssssss. [ 68%]
test (ubuntu-latest, 3.11)	Run scripts/run_gate.sh	2026-09-04T18:03:26.9722890Z .s...ss................................................................. [ 86%]
test (ubuntu-latest, 3.11)	Run scripts/run_gate.sh	2026-09-04T18:03:28.5131964Z ..........................................................               [100%]
test (ubuntu-latest, 3.11)	Run scripts/run_gate.sh	2026-09-04T18:03:28.5132768Z =============================== warnings summary ===============================
test (ubuntu-latest, 3.11)	Run scripts/run_gate.sh	2026-09-04T18:03:28.5133432Z tests/test_release_acceptance.py::test_null_rate_threshold_rejects_publication
test (ubuntu-latest, 3.11)	Run scripts/run_gate.sh	2026-09-04T18:03:28.5134039Z tests/test_release_acceptance.py::test_null_rate_threshold_rejects_publication
test (ubuntu-latest, 3.11)	Run scripts/run_gate.sh	2026-09-04T18:03:28.5134554Z tests/test_release_acceptance.py::test_null_rate_threshold_rejects_publication
test (ubuntu-latest, 3.11)	Run scripts/run_gate.sh	2026-09-04T18:03:28.5135060Z tests/test_release_acceptance.py::test_null_rate_threshold_rejects_publication
test (ubuntu-latest, 3.11)	Run scripts/run_gate.sh	2026-09-04T18:03:28.5135557Z tests/test_release_acceptance.py::test_null_rate_threshold_rejects_publication
test (ubuntu-latest, 3.11)	Run scripts/run_gate.sh	2026-09-04T18:03:28.5136072Z tests/test_release_acceptance.py::test_null_rate_threshold_rejects_publication
test (ubuntu-latest, 3.11)	Run scripts/run_gate.sh	2026-09-04T18:03:28.5137805Z   /home/runner/work/unified-quant/unified-quant/src/uq/factors/raw_price.py:49: FutureWarning: Downcasting object dtype arrays on .fillna, .ffill, .bfill is deprecated and will change in a future version. Call result.infer_objects(copy=False) instead. To opt-in to the future behavior, set `pd.set_option('future.no_silent_downcasting', True)`
test (ubuntu-latest, 3.11)	Run scripts/run_gate.sh	2026-09-04T18:03:28.5139253Z     normalized = frame[columns].round(12).fillna(-0.0).replace([np.inf, -np.inf], np.nan).round(12)
test (ubuntu-latest, 3.11)	Run scripts/run_gate.sh	2026-09-04T18:03:28.5139635Z 
test (ubuntu-latest, 3.11)	Run scripts/run_gate.sh	2026-09-04T18:03:28.5139889Z -- Docs: https://docs.pytest.org/en/stable/how-to/capture-warnings.html
test (ubuntu-latest, 3.11)	Run scripts/run_gate.sh	2026-09-04T18:03:28.5140490Z 407 passed, 11 skipped, 6 warnings in 10.90s
test (ubuntu-latest, 3.11)	Run scripts/run_gate.sh	2026-09-04T18:03:28.7613607Z gate report: /home/runner/work/unified-quant/unified-quant/.gate/gate-report.json
test (ubuntu-latest, 3.11)	Run uv run --no-sync python -c "import uq.adapters.mootdx_source, uq.adapters.tushare_free; print('real imports ok')"	﻿2026-09-04T18:03:28.7653206Z ##[group]Run uv run --no-sync python -c "import uq.adapters.mootdx_source, uq.adapters.tushare_free; print('real imports ok')"
test (ubuntu-latest, 3.11)	Run uv run --no-sync python -c "import uq.adapters.mootdx_source, uq.adapters.tushare_free; print('real imports ok')"	2026-09-04T18:03:28.7654122Z ^[[36;1muv run --no-sync python -c "import uq.adapters.mootdx_source, uq.adapters.tushare_free; print('real imports ok')"^[[0m
test (ubuntu-latest, 3.11)	Run uv run --no-sync python -c "import uq.adapters.mootdx_source, uq.adapters.tushare_free; print('real imports ok')"	2026-09-04T18:03:28.7695115Z shell: /usr/bin/bash -e {0}
test (ubuntu-latest, 3.11)	Run uv run --no-sync python -c "import uq.adapters.mootdx_source, uq.adapters.tushare_free; print('real imports ok')"	2026-09-04T18:03:28.7695391Z env:
test (ubuntu-latest, 3.11)	Run uv run --no-sync python -c "import uq.adapters.mootdx_source, uq.adapters.tushare_free; print('real imports ok')"	2026-09-04T18:03:28.7695669Z   pythonLocation: /opt/hostedtoolcache/Python/3.11.16/x64
test (ubuntu-latest, 3.11)	Run uv run --no-sync python -c "import uq.adapters.mootdx_source, uq.adapters.tushare_free; print('real imports ok')"	2026-09-04T18:03:28.7696108Z   PKG_CONFIG_PATH: /opt/hostedtoolcache/Python/3.11.16/x64/lib/pkgconfig
test (ubuntu-latest, 3.11)	Run uv run --no-sync python -c "import uq.adapters.mootdx_source, uq.adapters.tushare_free; print('real imports ok')"	2026-09-04T18:03:28.7696789Z   Python_ROOT_DIR: /opt/hostedtoolcache/Python/3.11.16/x64
test (ubuntu-latest, 3.11)	Run uv run --no-sync python -c "import uq.adapters.mootdx_source, uq.adapters.tushare_free; print('real imports ok')"	2026-09-04T18:03:28.7697188Z   Python2_ROOT_DIR: /opt/hostedtoolcache/Python/3.11.16/x64
test (ubuntu-latest, 3.11)	Run uv run --no-sync python -c "import uq.adapters.mootdx_source, uq.adapters.tushare_free; print('real imports ok')"	2026-09-04T18:03:28.7697564Z   Python3_ROOT_DIR: /opt/hostedtoolcache/Python/3.11.16/x64
test (ubuntu-latest, 3.11)	Run uv run --no-sync python -c "import uq.adapters.mootdx_source, uq.adapters.tushare_free; print('real imports ok')"	2026-09-04T18:03:28.7697938Z   LD_LIBRARY_PATH: /opt/hostedtoolcache/Python/3.11.16/x64/lib
test (ubuntu-latest, 3.11)	Run uv run --no-sync python -c "import uq.adapters.mootdx_source, uq.adapters.tushare_free; print('real imports ok')"	2026-09-04T18:03:28.7698312Z   UV_CACHE_DIR: /home/runner/work/_temp/setup-uv-cache
test (ubuntu-latest, 3.11)	Run uv run --no-sync python -c "import uq.adapters.mootdx_source, uq.adapters.tushare_free; print('real imports ok')"	2026-09-04T18:03:28.7698665Z ##[endgroup]
test (ubuntu-latest, 3.11)	Run uv run --no-sync python -c "import uq.adapters.mootdx_source, uq.adapters.tushare_free; print('real imports ok')"	2026-09-04T18:03:29.1311043Z real imports ok
test (ubuntu-latest, 3.11)	Record certified environment cell	﻿2026-09-04T18:03:29.1883862Z ##[group]Run mkdir -p .gate/certification
test (ubuntu-latest, 3.11)	Record certified environment cell	2026-09-04T18:03:29.1884239Z ^[[36;1mmkdir -p .gate/certification^[[0m
test (ubuntu-latest, 3.11)	Record certified environment cell	2026-09-04T18:03:29.1884680Z ^[[36;1mprintf '%s\n' "ubuntu-latest/3.11" > .gate/certification/environment-cell.txt^[[0m
test (ubuntu-latest, 3.11)	Record certified environment cell	2026-09-04T18:03:29.1924991Z shell: /usr/bin/bash -e {0}
test (ubuntu-latest, 3.11)	Record certified environment cell	2026-09-04T18:03:29.1925264Z env:
test (ubuntu-latest, 3.11)	Record certified environment cell	2026-09-04T18:03:29.1925543Z   pythonLocation: /opt/hostedtoolcache/Python/3.11.16/x64
test (ubuntu-latest, 3.11)	Record certified environment cell	2026-09-04T18:03:29.1925994Z   PKG_CONFIG_PATH: /opt/hostedtoolcache/Python/3.11.16/x64/lib/pkgconfig
test (ubuntu-latest, 3.11)	Record certified environment cell	2026-09-04T18:03:29.1926625Z   Python_ROOT_DIR: /opt/hostedtoolcache/Python/3.11.16/x64
test (ubuntu-latest, 3.11)	Record certified environment cell	2026-09-04T18:03:29.1927010Z   Python2_ROOT_DIR: /opt/hostedtoolcache/Python/3.11.16/x64
test (ubuntu-latest, 3.11)	Record certified environment cell	2026-09-04T18:03:29.1927386Z   Python3_ROOT_DIR: /opt/hostedtoolcache/Python/3.11.16/x64
test (ubuntu-latest, 3.11)	Record certified environment cell	2026-09-04T18:03:29.1927772Z   LD_LIBRARY_PATH: /opt/hostedtoolcache/Python/3.11.16/x64/lib
test (ubuntu-latest, 3.11)	Record certified environment cell	2026-09-04T18:03:29.1928160Z   UV_CACHE_DIR: /home/runner/work/_temp/setup-uv-cache
test (ubuntu-latest, 3.11)	Record certified environment cell	2026-09-04T18:03:29.1928472Z ##[endgroup]
test (ubuntu-latest, 3.11)	Run actions/upload-artifact@v4	﻿2026-09-04T18:03:29.2093255Z Node 20 is being deprecated. This workflow is running with Node 24 by default. If you need to temporarily use Node 20, you can set the ACTIONS_ALLOW_USE_UNSECURE_NODE_VERSION=true environment variable. For more information see: https://github.blog/changelog/2025-09-19-deprecation-of-node-20-on-github-actions-runners/
test (ubuntu-latest, 3.11)	Run actions/upload-artifact@v4	2026-09-04T18:03:29.2094491Z ##[group]Run actions/upload-artifact@v4
test (ubuntu-latest, 3.11)	Run actions/upload-artifact@v4	2026-09-04T18:03:29.2094769Z with:
test (ubuntu-latest, 3.11)	Run actions/upload-artifact@v4	2026-09-04T18:03:29.2094989Z   name: gate-report-ubuntu-latest-3.11
test (ubuntu-latest, 3.11)	Run actions/upload-artifact@v4	2026-09-04T18:03:29.2095594Z   path: .gate/gate-report.json
test (ubuntu-latest, 3.11)	Run actions/upload-artifact@v4	.gate/requirements.lock.txt
test (ubuntu-latest, 3.11)	Run actions/upload-artifact@v4	.gate/requirements.lock.txt.sha256
test (ubuntu-latest, 3.11)	Run actions/upload-artifact@v4	.gate/certification/environment-cell.txt
test (ubuntu-latest, 3.11)	Run actions/upload-artifact@v4	
test (ubuntu-latest, 3.11)	Run actions/upload-artifact@v4	2026-09-04T18:03:29.2096446Z   if-no-files-found: error
test (ubuntu-latest, 3.11)	Run actions/upload-artifact@v4	2026-09-04T18:03:29.2096729Z   compression-level: 6
test (ubuntu-latest, 3.11)	Run actions/upload-artifact@v4	2026-09-04T18:03:29.2096957Z   overwrite: false
test (ubuntu-latest, 3.11)	Run actions/upload-artifact@v4	2026-09-04T18:03:29.2097180Z   include-hidden-files: false
test (ubuntu-latest, 3.11)	Run actions/upload-artifact@v4	2026-09-04T18:03:29.2097418Z env:
test (ubuntu-latest, 3.11)	Run actions/upload-artifact@v4	2026-09-04T18:03:29.2097675Z   pythonLocation: /opt/hostedtoolcache/Python/3.11.16/x64
test (ubuntu-latest, 3.11)	Run actions/upload-artifact@v4	2026-09-04T18:03:29.2098113Z   PKG_CONFIG_PATH: /opt/hostedtoolcache/Python/3.11.16/x64/lib/pkgconfig
test (ubuntu-latest, 3.11)	Run actions/upload-artifact@v4	2026-09-04T18:03:29.2098566Z   Python_ROOT_DIR: /opt/hostedtoolcache/Python/3.11.16/x64
test (ubuntu-latest, 3.11)	Run actions/upload-artifact@v4	2026-09-04T18:03:29.2098946Z   Python2_ROOT_DIR: /opt/hostedtoolcache/Python/3.11.16/x64
test (ubuntu-latest, 3.11)	Run actions/upload-artifact@v4	2026-09-04T18:03:29.2099328Z   Python3_ROOT_DIR: /opt/hostedtoolcache/Python/3.11.16/x64
test (ubuntu-latest, 3.11)	Run actions/upload-artifact@v4	2026-09-04T18:03:29.2099702Z   LD_LIBRARY_PATH: /opt/hostedtoolcache/Python/3.11.16/x64/lib
test (ubuntu-latest, 3.11)	Run actions/upload-artifact@v4	2026-09-04T18:03:29.2100071Z   UV_CACHE_DIR: /home/runner/work/_temp/setup-uv-cache
test (ubuntu-latest, 3.11)	Run actions/upload-artifact@v4	2026-09-04T18:03:29.2100368Z ##[endgroup]
test (ubuntu-latest, 3.11)	Run actions/upload-artifact@v4	2026-09-04T18:03:29.3749080Z (node:2418) [DEP0040] DeprecationWarning: The `punycode` module is deprecated. Please use a userland alternative instead.
test (ubuntu-latest, 3.11)	Run actions/upload-artifact@v4	2026-09-04T18:03:29.3750191Z (Use `node --trace-deprecation ...` to show where the warning was created)
test (ubuntu-latest, 3.11)	Run actions/upload-artifact@v4	2026-09-04T18:03:29.3814367Z Multiple search paths detected. Calculating the least common ancestor of all paths
test (ubuntu-latest, 3.11)	Run actions/upload-artifact@v4	2026-09-04T18:03:29.3819359Z The least common ancestor is /home/runner/work/unified-quant/unified-quant/.gate. This will be the root directory of the artifact
test (ubuntu-latest, 3.11)	Run actions/upload-artifact@v4	2026-09-04T18:03:29.3820787Z With the provided path, there will be 4 files uploaded
test (ubuntu-latest, 3.11)	Run actions/upload-artifact@v4	2026-09-04T18:03:29.3823870Z Artifact name is valid!
test (ubuntu-latest, 3.11)	Run actions/upload-artifact@v4	2026-09-04T18:03:29.3830043Z Root directory input is valid!
test (ubuntu-latest, 3.11)	Run actions/upload-artifact@v4	2026-09-04T18:03:29.6411107Z Beginning upload of artifact content to blob storage
test (ubuntu-latest, 3.11)	Run actions/upload-artifact@v4	2026-09-04T18:03:29.6640241Z (node:2418) [DEP0169] DeprecationWarning: `url.parse()` behavior is not standardized and prone to errors that have security implications. Use the WHATWG URL API instead. CVEs are not issued for `url.parse()` vulnerabilities.
test (ubuntu-latest, 3.11)	Run actions/upload-artifact@v4	2026-09-04T18:03:29.8438538Z Uploaded bytes 2013
test (ubuntu-latest, 3.11)	Run actions/upload-artifact@v4	2026-09-04T18:03:29.8759388Z Finished uploading artifact content to blob storage!
test (ubuntu-latest, 3.11)	Run actions/upload-artifact@v4	2026-09-04T18:03:29.8760403Z SHA256 digest of uploaded artifact zip is dd89c432a5d3cf3b1966e008f81cf317295e9d1b76efdf035bf8a39bd0fe2edc
test (ubuntu-latest, 3.11)	Run actions/upload-artifact@v4	2026-09-04T18:03:29.8762399Z Finalizing artifact upload
test (ubuntu-latest, 3.11)	Run actions/upload-artifact@v4	2026-09-04T18:03:30.1126148Z Artifact gate-report-ubuntu-latest-3.11.zip successfully finalized. Artifact ID 9948653582
test (ubuntu-latest, 3.11)	Run actions/upload-artifact@v4	2026-09-04T18:03:30.1128125Z Artifact gate-report-ubuntu-latest-3.11 has been successfully uploaded! Final size is 2013 bytes. Artifact ID is 9948653582
test (ubuntu-latest, 3.11)	Run actions/upload-artifact@v4	2026-09-04T18:03:30.1132888Z Artifact download URL: https://github.com/ljheee/unified-quant/actions/runs/33903807546/artifacts/9948653582
test (ubuntu-latest, 3.11)	Post Run astral-sh/setup-uv@v3	﻿2026-09-04T18:03:30.1307717Z Node 20 is being deprecated. This workflow is running with Node 24 by default. If you need to temporarily use Node 20, you can set the ACTIONS_ALLOW_USE_UNSECURE_NODE_VERSION=true environment variable. For more information see: https://github.blog/changelog/2025-09-19-deprecation-of-node-20-on-github-actions-runners/
test (ubuntu-latest, 3.11)	Post Run astral-sh/setup-uv@v3	2026-09-04T18:03:30.1308950Z Post job cleanup.
test (ubuntu-latest, 3.11)	Post Run actions/setup-python@v5	﻿2026-09-04T18:03:30.2625398Z Node 20 is being deprecated. This workflow is running with Node 24 by default. If you need to temporarily use Node 20, you can set the ACTIONS_ALLOW_USE_UNSECURE_NODE_VERSION=true environment variable. For more information see: https://github.blog/changelog/2025-09-19-deprecation-of-node-20-on-github-actions-runners/
test (ubuntu-latest, 3.11)	Post Run actions/setup-python@v5	2026-09-04T18:03:30.2626813Z Post job cleanup.
test (ubuntu-latest, 3.11)	Post Run actions/setup-python@v5	2026-09-04T18:03:30.3839361Z (node:2438) [DEP0040] DeprecationWarning: The `punycode` module is deprecated. Please use a userland alternative instead.
test (ubuntu-latest, 3.11)	Post Run actions/setup-python@v5	2026-09-04T18:03:30.3840168Z (Use `node --trace-deprecation ...` to show where the warning was created)
test (ubuntu-latest, 3.11)	Post Run actions/checkout@v4	﻿2026-09-04T18:03:30.3975544Z Node 20 is being deprecated. This workflow is running with Node 24 by default. If you need to temporarily use Node 20, you can set the ACTIONS_ALLOW_USE_UNSECURE_NODE_VERSION=true environment variable. For more information see: https://github.blog/changelog/2025-09-19-deprecation-of-node-20-on-github-actions-runners/
test (ubuntu-latest, 3.11)	Post Run actions/checkout@v4	2026-09-04T18:03:30.3977043Z Post job cleanup.
test (ubuntu-latest, 3.11)	Post Run actions/checkout@v4	2026-09-04T18:03:30.4902375Z [command]/usr/bin/git version
test (ubuntu-latest, 3.11)	Post Run actions/checkout@v4	2026-09-04T18:03:30.4946715Z git version 2.55.0
test (ubuntu-latest, 3.11)	Post Run actions/checkout@v4	2026-09-04T18:03:30.4987818Z Temporarily overriding HOME='/home/runner/work/_temp/66057c9b-e4dc-45ee-98bc-b870873ffce4' before making global git config changes
test (ubuntu-latest, 3.11)	Post Run actions/checkout@v4	2026-09-04T18:03:30.4989119Z Adding repository directory to the temporary git global config as a safe directory
test (ubuntu-latest, 3.11)	Post Run actions/checkout@v4	2026-09-04T18:03:30.4994112Z [command]/usr/bin/git config --global --add safe.directory /home/runner/work/unified-quant/unified-quant
test (ubuntu-latest, 3.11)	Post Run actions/checkout@v4	2026-09-04T18:03:30.5035130Z [command]/usr/bin/git config --local --name-only --get-regexp core\.sshCommand
test (ubuntu-latest, 3.11)	Post Run actions/checkout@v4	2026-09-04T18:03:30.5072617Z [command]/usr/bin/git submodule foreach --recursive sh -c "git config --local --name-only --get-regexp 'core\.sshCommand' && git config --local --unset-all 'core.sshCommand' || :"
test (ubuntu-latest, 3.11)	Post Run actions/checkout@v4	2026-09-04T18:03:30.5346063Z [command]/usr/bin/git config --local --name-only --get-regexp http\.https\:\/\/github\.com\/\.extraheader
test (ubuntu-latest, 3.11)	Post Run actions/checkout@v4	2026-09-04T18:03:30.5378354Z http.https://github.com/.extraheader
test (ubuntu-latest, 3.11)	Post Run actions/checkout@v4	2026-09-04T18:03:30.5390032Z [command]/usr/bin/git config --local --unset-all http.https://github.com/.extraheader
test (ubuntu-latest, 3.11)	Post Run actions/checkout@v4	2026-09-04T18:03:30.5427909Z [command]/usr/bin/git submodule foreach --recursive sh -c "git config --local --name-only --get-regexp 'http\.https\:\/\/github\.com\/\.extraheader' && git config --local --unset-all 'http.https://github.com/.extraheader' || :"
test (ubuntu-latest, 3.11)	Post Run actions/checkout@v4	2026-09-04T18:03:30.5735147Z [command]/usr/bin/git config --local --name-only --get-regexp ^includeIf\.gitdir:
test (ubuntu-latest, 3.11)	Post Run actions/checkout@v4	2026-09-04T18:03:30.5774263Z [command]/usr/bin/git submodule foreach --recursive git config --local --show-origin --name-only --get-regexp remote.origin.url
test (ubuntu-latest, 3.11)	Complete job	﻿2026-09-04T18:03:30.6178589Z Cleaning up orphan processes
test (ubuntu-latest, 3.11)	Complete job	2026-09-04T18:03:30.6528123Z ##[warning]Node.js 20 is deprecated. The following actions target Node.js 20 but are being forced to run on Node.js 24: actions/checkout@v4, actions/setup-python@v5, actions/upload-artifact@v4, astral-sh/setup-uv@v3. For more information see: https://github.blog/changelog/2025-09-19-deprecation-of-node-20-on-github-actions-runners/
qlib-runtime (macos-latest, 3.11)	Set up job	﻿2026-09-04T18:03:13.6917810Z Current runner version: '2.337.0'
qlib-runtime (macos-latest, 3.11)	Set up job	2026-09-04T18:03:13.6941800Z ##[group]Runner Image Provisioner
qlib-runtime (macos-latest, 3.11)	Set up job	2026-09-04T18:03:13.6942520Z Hosted Compute Agent
qlib-runtime (macos-latest, 3.11)	Set up job	2026-09-04T18:03:13.6942900Z Version: 20260707.563
qlib-runtime (macos-latest, 3.11)	Set up job	2026-09-04T18:03:13.6943310Z Commit: 02667638d2b423fbc733a8e32a88b44996a3ba6e
qlib-runtime (macos-latest, 3.11)	Set up job	2026-09-04T18:03:13.6943770Z Build Date: 2026-07-07T19:33:50Z
qlib-runtime (macos-latest, 3.11)	Set up job	2026-09-04T18:03:13.6944210Z Worker ID: {8ca8a9f7-b3c6-4361-8e49-c0b27b3a8da6}
qlib-runtime (macos-latest, 3.11)	Set up job	2026-09-04T18:03:13.6944670Z Azure Region: westus
qlib-runtime (macos-latest, 3.11)	Set up job	2026-09-04T18:03:13.6945020Z ##[endgroup]
qlib-runtime (macos-latest, 3.11)	Set up job	2026-09-04T18:03:13.6946440Z ##[group]Operating System
qlib-runtime (macos-latest, 3.11)	Set up job	2026-09-04T18:03:13.6946920Z macOS
qlib-runtime (macos-latest, 3.11)	Set up job	2026-09-04T18:03:13.6947280Z 26.5.2
qlib-runtime (macos-latest, 3.11)	Set up job	2026-09-04T18:03:13.6947670Z 25F84
qlib-runtime (macos-latest, 3.11)	Set up job	2026-09-04T18:03:13.6948010Z ##[endgroup]
qlib-runtime (macos-latest, 3.11)	Set up job	2026-09-04T18:03:13.6948350Z ##[group]Runner Image
qlib-runtime (macos-latest, 3.11)	Set up job	2026-09-04T18:03:13.6948720Z Image: macos-26-arm64
qlib-runtime (macos-latest, 3.11)	Set up job	2026-09-04T18:03:13.6949080Z Version: 20260728.0273.1
qlib-runtime (macos-latest, 3.11)	Set up job	2026-09-04T18:03:13.6949850Z Included Software: https://github.com/actions/runner-images/blob/macos-26-arm64/20260728.0273/images/macos/macos-26-arm64-Readme.md
qlib-runtime (macos-latest, 3.11)	Set up job	2026-09-04T18:03:13.6951120Z Image Release: https://github.com/actions/runner-images/releases/tag/macos-26-arm64%2F20260728.0273
qlib-runtime (macos-latest, 3.11)	Set up job	2026-09-04T18:03:13.6951800Z ##[endgroup]
qlib-runtime (macos-latest, 3.11)	Set up job	2026-09-04T18:03:13.6952640Z ##[group]GITHUB_TOKEN Permissions
qlib-runtime (macos-latest, 3.11)	Set up job	2026-09-04T18:03:13.6954530Z Contents: read
qlib-runtime (macos-latest, 3.11)	Set up job	2026-09-04T18:03:13.6954920Z Metadata: read
qlib-runtime (macos-latest, 3.11)	Set up job	2026-09-04T18:03:13.6955270Z Packages: read
qlib-runtime (macos-latest, 3.11)	Set up job	2026-09-04T18:03:13.6955650Z ##[endgroup]
qlib-runtime (macos-latest, 3.11)	Set up job	2026-09-04T18:03:13.6957280Z Secret source: Actions
qlib-runtime (macos-latest, 3.11)	Set up job	2026-09-04T18:03:13.6958000Z Prepare workflow directory
qlib-runtime (macos-latest, 3.11)	Set up job	2026-09-04T18:03:13.7430860Z Prepare all required actions
qlib-runtime (macos-latest, 3.11)	Set up job	2026-09-04T18:03:13.7519920Z Getting action download info
qlib-runtime (macos-latest, 3.11)	Set up job	2026-09-04T18:03:14.0442640Z Download action repository 'actions/checkout@v4' (SHA:11d5960a326750d5838078e36cf38b85af677262)
qlib-runtime (macos-latest, 3.11)	Set up job	2026-09-04T18:03:14.4009030Z Download action repository 'actions/setup-python@v5' (SHA:a26af69be951a213d495a4c3e4e4022e16d87065)
qlib-runtime (macos-latest, 3.11)	Set up job	2026-09-04T18:03:14.5378660Z Download action repository 'astral-sh/setup-uv@v3' (SHA:caf0cab7a618c569241d31dcd442f54681755d39)
qlib-runtime (macos-latest, 3.11)	Set up job	2026-09-04T18:03:15.3782610Z Download action repository 'actions/upload-artifact@v4' (SHA:ea165f8d65b6e75b540449e92b4886f43607fa02)
qlib-runtime (macos-latest, 3.11)	Set up job	2026-09-04T18:03:15.6294080Z Complete job name: qlib-runtime (macos-latest, 3.11)
qlib-runtime (macos-latest, 3.11)	Run actions/checkout@v4	﻿2026-09-04T18:03:15.6966150Z Node 20 is being deprecated. This workflow is running with Node 24 by default. If you need to temporarily use Node 20, you can set the ACTIONS_ALLOW_USE_UNSECURE_NODE_VERSION=true environment variable. For more information see: https://github.blog/changelog/2025-09-19-deprecation-of-node-20-on-github-actions-runners/
qlib-runtime (macos-latest, 3.11)	Run actions/checkout@v4	2026-09-04T18:03:15.6988780Z ##[group]Run actions/checkout@v4
qlib-runtime (macos-latest, 3.11)	Run actions/checkout@v4	2026-09-04T18:03:15.6989790Z with:
qlib-runtime (macos-latest, 3.11)	Run actions/checkout@v4	2026-09-04T18:03:15.6990730Z   repository: ljheee/unified-quant
qlib-runtime (macos-latest, 3.11)	Run actions/checkout@v4	2026-09-04T18:03:15.6995570Z   token: ***
qlib-runtime (macos-latest, 3.11)	Run actions/checkout@v4	2026-09-04T18:03:15.6995970Z   ssh-strict: true
qlib-runtime (macos-latest, 3.11)	Run actions/checkout@v4	2026-09-04T18:03:15.6996320Z   ssh-user: git
qlib-runtime (macos-latest, 3.11)	Run actions/checkout@v4	2026-09-04T18:03:15.6996750Z   persist-credentials: true
qlib-runtime (macos-latest, 3.11)	Run actions/checkout@v4	2026-09-04T18:03:15.6997190Z   clean: true
qlib-runtime (macos-latest, 3.11)	Run actions/checkout@v4	2026-09-04T18:03:15.6997540Z   sparse-checkout-cone-mode: true
qlib-runtime (macos-latest, 3.11)	Run actions/checkout@v4	2026-09-04T18:03:15.6998270Z   fetch-depth: 1
qlib-runtime (macos-latest, 3.11)	Run actions/checkout@v4	2026-09-04T18:03:15.6998630Z   fetch-tags: false
qlib-runtime (macos-latest, 3.11)	Run actions/checkout@v4	2026-09-04T18:03:15.6998980Z   show-progress: true
qlib-runtime (macos-latest, 3.11)	Run actions/checkout@v4	2026-09-04T18:03:15.7000280Z   lfs: false
qlib-runtime (macos-latest, 3.11)	Run actions/checkout@v4	2026-09-04T18:03:15.7000940Z   submodules: false
qlib-runtime (macos-latest, 3.11)	Run actions/checkout@v4	2026-09-04T18:03:15.7001380Z   set-safe-directory: true
qlib-runtime (macos-latest, 3.11)	Run actions/checkout@v4	2026-09-04T18:03:15.7001790Z   allow-unsafe-pr-checkout: false
qlib-runtime (macos-latest, 3.11)	Run actions/checkout@v4	2026-09-04T18:03:15.7002920Z env:
qlib-runtime (macos-latest, 3.11)	Run actions/checkout@v4	2026-09-04T18:03:15.7003350Z   UQ_GATE_EXTRAS: qlib
qlib-runtime (macos-latest, 3.11)	Run actions/checkout@v4	2026-09-04T18:03:15.7003740Z ##[endgroup]
qlib-runtime (macos-latest, 3.11)	Run actions/checkout@v4	2026-09-04T18:03:16.2151250Z Syncing repository: ljheee/unified-quant
qlib-runtime (macos-latest, 3.11)	Run actions/checkout@v4	2026-09-04T18:03:16.2153550Z ##[group]Getting Git version info
qlib-runtime (macos-latest, 3.11)	Run actions/checkout@v4	2026-09-04T18:03:16.2154200Z Working directory is '/Users/runner/work/unified-quant/unified-quant'
qlib-runtime (macos-latest, 3.11)	Run actions/checkout@v4	2026-09-04T18:03:16.2310840Z [command]/opt/homebrew/bin/git version
qlib-runtime (macos-latest, 3.11)	Run actions/checkout@v4	2026-09-04T18:03:16.2799300Z git version 2.55.0
qlib-runtime (macos-latest, 3.11)	Run actions/checkout@v4	2026-09-04T18:03:16.2820670Z ##[endgroup]
qlib-runtime (macos-latest, 3.11)	Run actions/checkout@v4	2026-09-04T18:03:16.2832330Z Copying '/Users/runner/.gitconfig' to '/Users/runner/work/_temp/4f377a64-bba3-4020-96b8-bc275aea42f4/.gitconfig'
qlib-runtime (macos-latest, 3.11)	Run actions/checkout@v4	2026-09-04T18:03:16.2838230Z Temporarily overriding HOME='/Users/runner/work/_temp/4f377a64-bba3-4020-96b8-bc275aea42f4' before making global git config changes
qlib-runtime (macos-latest, 3.11)	Run actions/checkout@v4	2026-09-04T18:03:16.2841580Z Adding repository directory to the temporary git global config as a safe directory
qlib-runtime (macos-latest, 3.11)	Run actions/checkout@v4	2026-09-04T18:03:16.2846760Z [command]/opt/homebrew/bin/git config --global --add safe.directory /Users/runner/work/unified-quant/unified-quant
qlib-runtime (macos-latest, 3.11)	Run actions/checkout@v4	2026-09-04T18:03:16.2982710Z Deleting the contents of '/Users/runner/work/unified-quant/unified-quant'
qlib-runtime (macos-latest, 3.11)	Run actions/checkout@v4	2026-09-04T18:03:16.2986980Z ##[group]Initializing the repository
qlib-runtime (macos-latest, 3.11)	Run actions/checkout@v4	2026-09-04T18:03:16.2990290Z [command]/opt/homebrew/bin/git init /Users/runner/work/unified-quant/unified-quant
qlib-runtime (macos-latest, 3.11)	Run actions/checkout@v4	2026-09-04T18:03:16.3287370Z hint: Using 'master' as the name for the initial branch. This default branch name
qlib-runtime (macos-latest, 3.11)	Run actions/checkout@v4	2026-09-04T18:03:16.3288660Z hint: will change to "main" in Git 3.0. To configure the initial branch name
qlib-runtime (macos-latest, 3.11)	Run actions/checkout@v4	2026-09-04T18:03:16.3289490Z hint: to use in all of your new repositories, which will suppress this warning,
qlib-runtime (macos-latest, 3.11)	Run actions/checkout@v4	2026-09-04T18:03:16.3290440Z hint: call:
qlib-runtime (macos-latest, 3.11)	Run actions/checkout@v4	2026-09-04T18:03:16.3290850Z hint:
qlib-runtime (macos-latest, 3.11)	Run actions/checkout@v4	2026-09-04T18:03:16.3291400Z hint: 	git config --global init.defaultBranch <name>
qlib-runtime (macos-latest, 3.11)	Run actions/checkout@v4	2026-09-04T18:03:16.3292020Z hint:
qlib-runtime (macos-latest, 3.11)	Run actions/checkout@v4	2026-09-04T18:03:16.3292520Z hint: Names commonly chosen instead of 'master' are 'main', 'trunk' and
qlib-runtime (macos-latest, 3.11)	Run actions/checkout@v4	2026-09-04T18:03:16.3293410Z hint: 'development'. The just-created branch can be renamed via this command:
qlib-runtime (macos-latest, 3.11)	Run actions/checkout@v4	2026-09-04T18:03:16.3294160Z hint:
qlib-runtime (macos-latest, 3.11)	Run actions/checkout@v4	2026-09-04T18:03:16.3294610Z hint: 	git branch -m <name>
qlib-runtime (macos-latest, 3.11)	Run actions/checkout@v4	2026-09-04T18:03:16.3295090Z hint:
qlib-runtime (macos-latest, 3.11)	Run actions/checkout@v4	2026-09-04T18:03:16.3295720Z hint: Disable this message with "git config set advice.defaultBranchName false"
qlib-runtime (macos-latest, 3.11)	Run actions/checkout@v4	2026-09-04T18:03:16.3296660Z Initialized empty Git repository in /Users/runner/work/unified-quant/unified-quant/.git/
qlib-runtime (macos-latest, 3.11)	Run actions/checkout@v4	2026-09-04T18:03:16.3313980Z [command]/opt/homebrew/bin/git remote add origin https://github.com/ljheee/unified-quant
qlib-runtime (macos-latest, 3.11)	Run actions/checkout@v4	2026-09-04T18:03:16.3464990Z ##[endgroup]
qlib-runtime (macos-latest, 3.11)	Run actions/checkout@v4	2026-09-04T18:03:16.3467130Z ##[group]Disabling automatic garbage collection
qlib-runtime (macos-latest, 3.11)	Run actions/checkout@v4	2026-09-04T18:03:16.3468870Z [command]/opt/homebrew/bin/git config --local gc.auto 0
qlib-runtime (macos-latest, 3.11)	Run actions/checkout@v4	2026-09-04T18:03:16.3608340Z ##[endgroup]
qlib-runtime (macos-latest, 3.11)	Run actions/checkout@v4	2026-09-04T18:03:16.3610280Z ##[group]Setting up auth
qlib-runtime (macos-latest, 3.11)	Run actions/checkout@v4	2026-09-04T18:03:16.3612400Z [command]/opt/homebrew/bin/git config --local --name-only --get-regexp core\.sshCommand
qlib-runtime (macos-latest, 3.11)	Run actions/checkout@v4	2026-09-04T18:03:16.3696700Z [command]/opt/homebrew/bin/git submodule foreach --recursive sh -c "git config --local --name-only --get-regexp 'core\.sshCommand' && git config --local --unset-all 'core.sshCommand' || :"
qlib-runtime (macos-latest, 3.11)	Run actions/checkout@v4	2026-09-04T18:03:16.5268970Z [command]/opt/homebrew/bin/git config --local --name-only --get-regexp http\.https\:\/\/github\.com\/\.extraheader
qlib-runtime (macos-latest, 3.11)	Run actions/checkout@v4	2026-09-04T18:03:16.5342370Z [command]/opt/homebrew/bin/git submodule foreach --recursive sh -c "git config --local --name-only --get-regexp 'http\.https\:\/\/github\.com\/\.extraheader' && git config --local --unset-all 'http.https://github.com/.extraheader' || :"
qlib-runtime (macos-latest, 3.11)	Run actions/checkout@v4	2026-09-04T18:03:16.6665880Z [command]/opt/homebrew/bin/git config --local --name-only --get-regexp ^includeIf\.gitdir:
qlib-runtime (macos-latest, 3.11)	Run actions/checkout@v4	2026-09-04T18:03:16.6973060Z [command]/opt/homebrew/bin/git submodule foreach --recursive git config --local --show-origin --name-only --get-regexp remote.origin.url
qlib-runtime (macos-latest, 3.11)	Run actions/checkout@v4	2026-09-04T18:03:16.7955520Z [command]/opt/homebrew/bin/git config --local http.https://github.com/.extraheader AUTHORIZATION: basic ***
qlib-runtime (macos-latest, 3.11)	Run actions/checkout@v4	2026-09-04T18:03:16.8035350Z ##[endgroup]
qlib-runtime (macos-latest, 3.11)	Run actions/checkout@v4	2026-09-04T18:03:16.8037270Z ##[group]Fetching the repository
qlib-runtime (macos-latest, 3.11)	Run actions/checkout@v4	2026-09-04T18:03:16.8042060Z [command]/opt/homebrew/bin/git -c protocol.version=2 fetch --no-tags --prune --no-recurse-submodules --depth=1 origin +e631740c51abd6f10390fd9bfefd1c6540e5f2c5:refs/remotes/origin/main
qlib-runtime (macos-latest, 3.11)	Run actions/checkout@v4	2026-09-04T18:03:17.5736930Z From https://github.com/ljheee/unified-quant
qlib-runtime (macos-latest, 3.11)	Run actions/checkout@v4	2026-09-04T18:03:17.5739980Z  * [new ref]         e631740c51abd6f10390fd9bfefd1c6540e5f2c5 -> origin/main
qlib-runtime (macos-latest, 3.11)	Run actions/checkout@v4	2026-09-04T18:03:17.5746440Z ##[endgroup]
qlib-runtime (macos-latest, 3.11)	Run actions/checkout@v4	2026-09-04T18:03:17.5748830Z ##[group]Determining the checkout info
qlib-runtime (macos-latest, 3.11)	Run actions/checkout@v4	2026-09-04T18:03:17.5751660Z ##[endgroup]
qlib-runtime (macos-latest, 3.11)	Run actions/checkout@v4	2026-09-04T18:03:17.5753450Z [command]/opt/homebrew/bin/git sparse-checkout disable
qlib-runtime (macos-latest, 3.11)	Run actions/checkout@v4	2026-09-04T18:03:17.5833790Z [command]/opt/homebrew/bin/git config --local --unset-all extensions.worktreeConfig
qlib-runtime (macos-latest, 3.11)	Run actions/checkout@v4	2026-09-04T18:03:17.5915230Z ##[group]Checking out the ref
qlib-runtime (macos-latest, 3.11)	Run actions/checkout@v4	2026-09-04T18:03:17.5918460Z [command]/opt/homebrew/bin/git checkout --progress --force -B main refs/remotes/origin/main
qlib-runtime (macos-latest, 3.11)	Run actions/checkout@v4	2026-09-04T18:03:17.7590870Z Switched to a new branch 'main'
qlib-runtime (macos-latest, 3.11)	Run actions/checkout@v4	2026-09-04T18:03:17.7602560Z branch 'main' set up to track 'origin/main'.
qlib-runtime (macos-latest, 3.11)	Run actions/checkout@v4	2026-09-04T18:03:17.7607500Z ##[endgroup]
qlib-runtime (macos-latest, 3.11)	Run actions/checkout@v4	2026-09-04T18:03:17.7817930Z [command]/opt/homebrew/bin/git log -1 --format=%H
qlib-runtime (macos-latest, 3.11)	Run actions/checkout@v4	2026-09-04T18:03:17.7868810Z e631740c51abd6f10390fd9bfefd1c6540e5f2c5
qlib-runtime (macos-latest, 3.11)	Run actions/setup-python@v5	﻿2026-09-04T18:03:17.8223490Z Node 20 is being deprecated. This workflow is running with Node 24 by default. If you need to temporarily use Node 20, you can set the ACTIONS_ALLOW_USE_UNSECURE_NODE_VERSION=true environment variable. For more information see: https://github.blog/changelog/2025-09-19-deprecation-of-node-20-on-github-actions-runners/
qlib-runtime (macos-latest, 3.11)	Run actions/setup-python@v5	2026-09-04T18:03:17.8227810Z ##[group]Run actions/setup-python@v5
qlib-runtime (macos-latest, 3.11)	Run actions/setup-python@v5	2026-09-04T18:03:17.8228640Z with:
qlib-runtime (macos-latest, 3.11)	Run actions/setup-python@v5	2026-09-04T18:03:17.8229280Z   python-version: 3.11
qlib-runtime (macos-latest, 3.11)	Run actions/setup-python@v5	2026-09-04T18:03:17.8229970Z   check-latest: false
qlib-runtime (macos-latest, 3.11)	Run actions/setup-python@v5	2026-09-04T18:03:17.8237160Z   token: ***
qlib-runtime (macos-latest, 3.11)	Run actions/setup-python@v5	2026-09-04T18:03:17.8237820Z   update-environment: true
qlib-runtime (macos-latest, 3.11)	Run actions/setup-python@v5	2026-09-04T18:03:17.8238560Z   allow-prereleases: false
qlib-runtime (macos-latest, 3.11)	Run actions/setup-python@v5	2026-09-04T18:03:17.8239290Z   freethreaded: false
qlib-runtime (macos-latest, 3.11)	Run actions/setup-python@v5	2026-09-04T18:03:17.8239930Z env:
qlib-runtime (macos-latest, 3.11)	Run actions/setup-python@v5	2026-09-04T18:03:17.8240500Z   UQ_GATE_EXTRAS: qlib
qlib-runtime (macos-latest, 3.11)	Run actions/setup-python@v5	2026-09-04T18:03:17.8241160Z ##[endgroup]
qlib-runtime (macos-latest, 3.11)	Run actions/setup-python@v5	2026-09-04T18:03:18.0076160Z ##[group]Installed versions
qlib-runtime (macos-latest, 3.11)	Run actions/setup-python@v5	2026-09-04T18:03:18.0200740Z (node:1895) [DEP0040] DeprecationWarning: The `punycode` module is deprecated. Please use a userland alternative instead.
qlib-runtime (macos-latest, 3.11)	Run actions/setup-python@v5	2026-09-04T18:03:18.0245000Z (Use `node --trace-deprecation ...` to show where the warning was created)
qlib-runtime (macos-latest, 3.11)	Run actions/setup-python@v5	2026-09-04T18:03:18.0311510Z Successfully set up CPython (3.11.9)
qlib-runtime (macos-latest, 3.11)	Run actions/setup-python@v5	2026-09-04T18:03:18.0312910Z ##[endgroup]
qlib-runtime (macos-latest, 3.11)	Run astral-sh/setup-uv@v3	﻿2026-09-04T18:03:18.0512730Z Node 20 is being deprecated. This workflow is running with Node 24 by default. If you need to temporarily use Node 20, you can set the ACTIONS_ALLOW_USE_UNSECURE_NODE_VERSION=true environment variable. For more information see: https://github.blog/changelog/2025-09-19-deprecation-of-node-20-on-github-actions-runners/
qlib-runtime (macos-latest, 3.11)	Run astral-sh/setup-uv@v3	2026-09-04T18:03:18.0516580Z ##[group]Run astral-sh/setup-uv@v3
qlib-runtime (macos-latest, 3.11)	Run astral-sh/setup-uv@v3	2026-09-04T18:03:18.0517340Z with:
qlib-runtime (macos-latest, 3.11)	Run astral-sh/setup-uv@v3	2026-09-04T18:03:18.0518030Z   version: latest
qlib-runtime (macos-latest, 3.11)	Run astral-sh/setup-uv@v3	2026-09-04T18:03:18.0524580Z   github-token: ***
qlib-runtime (macos-latest, 3.11)	Run astral-sh/setup-uv@v3	2026-09-04T18:03:18.0525470Z   enable-cache: false
qlib-runtime (macos-latest, 3.11)	Run astral-sh/setup-uv@v3	2026-09-04T18:03:18.0526230Z   cache-dependency-glob: **/uv.lock
qlib-runtime (macos-latest, 3.11)	Run astral-sh/setup-uv@v3	2026-09-04T18:03:18.0527100Z   prune-cache: true
qlib-runtime (macos-latest, 3.11)	Run astral-sh/setup-uv@v3	2026-09-04T18:03:18.0527950Z env:
qlib-runtime (macos-latest, 3.11)	Run astral-sh/setup-uv@v3	2026-09-04T18:03:18.0528650Z   UQ_GATE_EXTRAS: qlib
qlib-runtime (macos-latest, 3.11)	Run astral-sh/setup-uv@v3	2026-09-04T18:03:18.0529750Z   pythonLocation: /Users/runner/hostedtoolcache/Python/3.11.9/arm64
qlib-runtime (macos-latest, 3.11)	Run astral-sh/setup-uv@v3	2026-09-04T18:03:18.0531340Z   PKG_CONFIG_PATH: /Users/runner/hostedtoolcache/Python/3.11.9/arm64/lib/pkgconfig
qlib-runtime (macos-latest, 3.11)	Run astral-sh/setup-uv@v3	2026-09-04T18:03:18.0532840Z   Python_ROOT_DIR: /Users/runner/hostedtoolcache/Python/3.11.9/arm64
qlib-runtime (macos-latest, 3.11)	Run astral-sh/setup-uv@v3	2026-09-04T18:03:18.0534130Z   Python2_ROOT_DIR: /Users/runner/hostedtoolcache/Python/3.11.9/arm64
qlib-runtime (macos-latest, 3.11)	Run astral-sh/setup-uv@v3	2026-09-04T18:03:18.0535460Z   Python3_ROOT_DIR: /Users/runner/hostedtoolcache/Python/3.11.9/arm64
qlib-runtime (macos-latest, 3.11)	Run astral-sh/setup-uv@v3	2026-09-04T18:03:18.0536740Z ##[endgroup]
qlib-runtime (macos-latest, 3.11)	Run astral-sh/setup-uv@v3	2026-09-04T18:03:18.2170790Z Downloading uv from "https://github.com/astral-sh/uv/releases/latest/download/uv-aarch64-apple-darwin.tar.gz" ...
qlib-runtime (macos-latest, 3.11)	Run astral-sh/setup-uv@v3	2026-09-04T18:03:18.2177090Z (node:1896) [DEP0040] DeprecationWarning: The `punycode` module is deprecated. Please use a userland alternative instead.
qlib-runtime (macos-latest, 3.11)	Run astral-sh/setup-uv@v3	2026-09-04T18:03:18.2179580Z (Use `node --trace-deprecation ...` to show where the warning was created)
qlib-runtime (macos-latest, 3.11)	Run astral-sh/setup-uv@v3	2026-09-04T18:03:18.8954530Z [command]/usr/bin/tar xz -C /Users/runner/work/_temp/e67433fa-6db7-442e-b8b1-2adc11c1ea97 -f /Users/runner/work/_temp/d37b38b8-fb3a-482a-ad3d-89ad7eb57029
qlib-runtime (macos-latest, 3.11)	Run astral-sh/setup-uv@v3	2026-09-04T18:03:19.1321190Z Added /Users/runner/hostedtoolcache/uv/0.12.9/aarch64 to the path
qlib-runtime (macos-latest, 3.11)	Run astral-sh/setup-uv@v3	2026-09-04T18:03:19.1321780Z Added /Users/runner/.local/bin to the path
qlib-runtime (macos-latest, 3.11)	Run astral-sh/setup-uv@v3	2026-09-04T18:03:19.1322410Z Successfully installed uv version 0.12.9
qlib-runtime (macos-latest, 3.11)	Run astral-sh/setup-uv@v3	2026-09-04T18:03:19.1338820Z Set UV_CACHE_DIR to /Users/runner/work/_temp/setup-uv-cache
qlib-runtime (macos-latest, 3.11)	Install Qlib macOS native dependency	﻿2026-09-04T18:03:19.1405860Z ##[group]Run brew install libomp
qlib-runtime (macos-latest, 3.11)	Install Qlib macOS native dependency	2026-09-04T18:03:19.1406400Z ^[[36;1mbrew install libomp^[[0m
qlib-runtime (macos-latest, 3.11)	Install Qlib macOS native dependency	2026-09-04T18:03:19.1546270Z shell: /bin/bash -e {0}
qlib-runtime (macos-latest, 3.11)	Install Qlib macOS native dependency	2026-09-04T18:03:19.1546660Z env:
qlib-runtime (macos-latest, 3.11)	Install Qlib macOS native dependency	2026-09-04T18:03:19.1546910Z   UQ_GATE_EXTRAS: qlib
qlib-runtime (macos-latest, 3.11)	Install Qlib macOS native dependency	2026-09-04T18:03:19.1547280Z   pythonLocation: /Users/runner/hostedtoolcache/Python/3.11.9/arm64
qlib-runtime (macos-latest, 3.11)	Install Qlib macOS native dependency	2026-09-04T18:03:19.1547810Z   PKG_CONFIG_PATH: /Users/runner/hostedtoolcache/Python/3.11.9/arm64/lib/pkgconfig
qlib-runtime (macos-latest, 3.11)	Install Qlib macOS native dependency	2026-09-04T18:03:19.1548380Z   Python_ROOT_DIR: /Users/runner/hostedtoolcache/Python/3.11.9/arm64
qlib-runtime (macos-latest, 3.11)	Install Qlib macOS native dependency	2026-09-04T18:03:19.1548850Z   Python2_ROOT_DIR: /Users/runner/hostedtoolcache/Python/3.11.9/arm64
qlib-runtime (macos-latest, 3.11)	Install Qlib macOS native dependency	2026-09-04T18:03:19.1549380Z   Python3_ROOT_DIR: /Users/runner/hostedtoolcache/Python/3.11.9/arm64
qlib-runtime (macos-latest, 3.11)	Install Qlib macOS native dependency	2026-09-04T18:03:19.1549850Z   UV_CACHE_DIR: /Users/runner/work/_temp/setup-uv-cache
qlib-runtime (macos-latest, 3.11)	Install Qlib macOS native dependency	2026-09-04T18:03:19.1550180Z ##[endgroup]
qlib-runtime (macos-latest, 3.11)	Install Qlib macOS native dependency	2026-09-04T18:03:22.5658080Z ##[warning]The following taps are not trusted:
qlib-runtime (macos-latest, 3.11)	Install Qlib macOS native dependency	  aws/tap
qlib-runtime (macos-latest, 3.11)	Install Qlib macOS native dependency	
qlib-runtime (macos-latest, 3.11)	Install Qlib macOS native dependency	Homebrew is currently ignoring formulae, casks and commands from these taps because tap trust is required.
qlib-runtime (macos-latest, 3.11)	Install Qlib macOS native dependency	
qlib-runtime (macos-latest, 3.11)	Install Qlib macOS native dependency	Untap them with:
qlib-runtime (macos-latest, 3.11)	Install Qlib macOS native dependency	  brew untap aws/tap
qlib-runtime (macos-latest, 3.11)	Install Qlib macOS native dependency	Trust specific formulae, casks and commands with:
qlib-runtime (macos-latest, 3.11)	Install Qlib macOS native dependency	  brew trust --formula <user>/<tap>/<formula>
qlib-runtime (macos-latest, 3.11)	Install Qlib macOS native dependency	  brew trust --cask <user>/<tap>/<cask>
qlib-runtime (macos-latest, 3.11)	Install Qlib macOS native dependency	  brew trust --command <user>/<tap>/<command>
qlib-runtime (macos-latest, 3.11)	Install Qlib macOS native dependency	Whole-tap trust is broader and includes all current and future formulae,
qlib-runtime (macos-latest, 3.11)	Install Qlib macOS native dependency	casks and commands from the listed taps. Trust whole taps with:
qlib-runtime (macos-latest, 3.11)	Install Qlib macOS native dependency	  brew trust aws/tap
qlib-runtime (macos-latest, 3.11)	Install Qlib macOS native dependency	To disable trust checks:
qlib-runtime (macos-latest, 3.11)	Install Qlib macOS native dependency	  export HOMEBREW_NO_REQUIRE_TAP_TRUST=1
qlib-runtime (macos-latest, 3.11)	Install Qlib macOS native dependency	This is not recommended and will be removed in a later release.
qlib-runtime (macos-latest, 3.11)	Install Qlib macOS native dependency	For more information, see:
qlib-runtime (macos-latest, 3.11)	Install Qlib macOS native dependency	  https://docs.brew.sh/Tap-Trust
qlib-runtime (macos-latest, 3.11)	Install Qlib macOS native dependency	2026-09-04T18:03:23.1392090Z ^[[34m==>^[[0m ^[[1mWould install 1 formula:^[[0m
qlib-runtime (macos-latest, 3.11)	Install Qlib macOS native dependency	2026-09-04T18:03:23.1410290Z libomp
qlib-runtime (macos-latest, 3.11)	Install Qlib macOS native dependency	2026-09-04T18:03:23.1411990Z ^[[34m==>^[[0m ^[[1mDownloading https://ghcr.io/v2/homebrew/core/libomp/manifests/22.1.8^[[0m
qlib-runtime (macos-latest, 3.11)	Install Qlib macOS native dependency	2026-09-04T18:03:23.5201990Z ^[[32m==>^[[0m ^[[1mFetching downloads for: ^[[32mlibomp^[[39m^[[0m
qlib-runtime (macos-latest, 3.11)	Install Qlib macOS native dependency	2026-09-04T18:03:23.8580980Z ✔︎ Bottle libomp (22.1.8)
qlib-runtime (macos-latest, 3.11)	Install Qlib macOS native dependency	2026-09-04T18:03:23.8634900Z ^[[34m==>^[[0m ^[[1mPouring libomp--22.1.8.arm64_tahoe.bottle.tar.gz^[[0m
qlib-runtime (macos-latest, 3.11)	Install Qlib macOS native dependency	2026-09-04T18:03:23.9773600Z ^[[34m==>^[[0m ^[[1mCaveats^[[0m
qlib-runtime (macos-latest, 3.11)	Install Qlib macOS native dependency	2026-09-04T18:03:23.9775600Z libomp is keg-only, which means it was not symlinked into /opt/homebrew,
qlib-runtime (macos-latest, 3.11)	Install Qlib macOS native dependency	2026-09-04T18:03:23.9776840Z because it can override GCC headers and result in broken builds.
qlib-runtime (macos-latest, 3.11)	Install Qlib macOS native dependency	2026-09-04T18:03:23.9777540Z 
qlib-runtime (macos-latest, 3.11)	Install Qlib macOS native dependency	2026-09-04T18:03:23.9777840Z For compilers to find libomp you may need to set:
qlib-runtime (macos-latest, 3.11)	Install Qlib macOS native dependency	2026-09-04T18:03:23.9778740Z   export LDFLAGS="-L/opt/homebrew/opt/libomp/lib"
qlib-runtime (macos-latest, 3.11)	Install Qlib macOS native dependency	2026-09-04T18:03:23.9779700Z   export CPPFLAGS="-I/opt/homebrew/opt/libomp/include"
qlib-runtime (macos-latest, 3.11)	Install Qlib macOS native dependency	2026-09-04T18:03:23.9780960Z ^[[34m==>^[[0m ^[[1mSummary^[[0m
qlib-runtime (macos-latest, 3.11)	Install Qlib macOS native dependency	2026-09-04T18:03:23.9782660Z 🍺  /opt/homebrew/Cellar/libomp/22.1.8: 11 files, 1.8MB
qlib-runtime (macos-latest, 3.11)	Run scripts/run_gate.sh	﻿2026-09-04T18:03:23.9992650Z ##[group]Run scripts/run_gate.sh
qlib-runtime (macos-latest, 3.11)	Run scripts/run_gate.sh	2026-09-04T18:03:23.9993110Z ^[[36;1mscripts/run_gate.sh^[[0m
qlib-runtime (macos-latest, 3.11)	Run scripts/run_gate.sh	2026-09-04T18:03:24.0032330Z shell: /bin/bash -e {0}
qlib-runtime (macos-latest, 3.11)	Run scripts/run_gate.sh	2026-09-04T18:03:24.0032720Z env:
qlib-runtime (macos-latest, 3.11)	Run scripts/run_gate.sh	2026-09-04T18:03:24.0033050Z   UQ_GATE_EXTRAS: qlib
qlib-runtime (macos-latest, 3.11)	Run scripts/run_gate.sh	2026-09-04T18:03:24.0033480Z   pythonLocation: /Users/runner/hostedtoolcache/Python/3.11.9/arm64
qlib-runtime (macos-latest, 3.11)	Run scripts/run_gate.sh	2026-09-04T18:03:24.0033970Z   PKG_CONFIG_PATH: /Users/runner/hostedtoolcache/Python/3.11.9/arm64/lib/pkgconfig
qlib-runtime (macos-latest, 3.11)	Run scripts/run_gate.sh	2026-09-04T18:03:24.0034530Z   Python_ROOT_DIR: /Users/runner/hostedtoolcache/Python/3.11.9/arm64
qlib-runtime (macos-latest, 3.11)	Run scripts/run_gate.sh	2026-09-04T18:03:24.0034980Z   Python2_ROOT_DIR: /Users/runner/hostedtoolcache/Python/3.11.9/arm64
qlib-runtime (macos-latest, 3.11)	Run scripts/run_gate.sh	2026-09-04T18:03:24.0035480Z   Python3_ROOT_DIR: /Users/runner/hostedtoolcache/Python/3.11.9/arm64
qlib-runtime (macos-latest, 3.11)	Run scripts/run_gate.sh	2026-09-04T18:03:24.0035940Z   UV_CACHE_DIR: /Users/runner/work/_temp/setup-uv-cache
qlib-runtime (macos-latest, 3.11)	Run scripts/run_gate.sh	2026-09-04T18:03:24.0036350Z ##[endgroup]
qlib-runtime (macos-latest, 3.11)	Run scripts/run_gate.sh	2026-09-04T18:03:24.6955210Z Using CPython 3.11.9 interpreter at: /Library/Frameworks/Python.framework/Versions/3.11/bin/python3
qlib-runtime (macos-latest, 3.11)	Run scripts/run_gate.sh	2026-09-04T18:03:24.7069580Z Resolved 214 packages in 7ms
qlib-runtime (macos-latest, 3.11)	Run scripts/run_gate.sh	2026-09-04T18:03:24.7556710Z Using CPython 3.11.9 interpreter at: /Library/Frameworks/Python.framework/Versions/3.11/bin/python3
qlib-runtime (macos-latest, 3.11)	Run scripts/run_gate.sh	2026-09-04T18:03:24.7568190Z Creating virtual environment at: .venv
qlib-runtime (macos-latest, 3.11)	Run scripts/run_gate.sh	2026-09-04T18:03:24.7662460Z Resolved 214 packages in 4ms
qlib-runtime (macos-latest, 3.11)	Run scripts/run_gate.sh	2026-09-04T18:03:24.8088450Z    Building unified-quant @ file:///Users/runner/work/unified-quant/unified-quant
qlib-runtime (macos-latest, 3.11)	Run scripts/run_gate.sh	2026-09-04T18:03:24.9092600Z Downloading pygments (1.2MiB)
qlib-runtime (macos-latest, 3.11)	Run scripts/run_gate.sh	2026-09-04T18:03:24.9251080Z Downloading databricks-sdk (1.1MiB)
qlib-runtime (macos-latest, 3.11)	Run scripts/run_gate.sh	2026-09-04T18:03:24.9254060Z Downloading jupyterlab (16.4MiB)
qlib-runtime (macos-latest, 3.11)	Run scripts/run_gate.sh	2026-09-04T18:03:24.9254450Z Downloading babel (9.7MiB)
qlib-runtime (macos-latest, 3.11)	Run scripts/run_gate.sh	2026-09-04T18:03:24.9437130Z Downloading jedi (4.7MiB)
qlib-runtime (macos-latest, 3.11)	Run scripts/run_gate.sh	2026-09-04T18:03:24.9438820Z Downloading mlflow-tracing (1.7MiB)
qlib-runtime (macos-latest, 3.11)	Run scripts/run_gate.sh	2026-09-04T18:03:24.9449170Z Downloading notebook (5.3MiB)
qlib-runtime (macos-latest, 3.11)	Run scripts/run_gate.sh	2026-09-04T18:03:24.9453170Z Downloading lightgbm (1.4MiB)
qlib-runtime (macos-latest, 3.11)	Run scripts/run_gate.sh	2026-09-04T18:03:24.9455870Z Downloading pillow (4.6MiB)
qlib-runtime (macos-latest, 3.11)	Run scripts/run_gate.sh	2026-09-04T18:03:24.9458100Z Downloading pyzmq (1.4MiB)
qlib-runtime (macos-latest, 3.11)	Run scripts/run_gate.sh	2026-09-04T18:03:24.9460980Z Downloading cryptography (3.8MiB)
qlib-runtime (macos-latest, 3.11)	Run scripts/run_gate.sh	2026-09-04T18:03:24.9470370Z Downloading mlflow (10.7MiB)
qlib-runtime (macos-latest, 3.11)	Run scripts/run_gate.sh	2026-09-04T18:03:24.9486610Z Downloading cvxpy (1.6MiB)
qlib-runtime (macos-latest, 3.11)	Run scripts/run_gate.sh	2026-09-04T18:03:24.9490740Z Downloading matplotlib (8.8MiB)
qlib-runtime (macos-latest, 3.11)	Run scripts/run_gate.sh	2026-09-04T18:03:24.9494960Z Downloading widgetsnbextension (2.1MiB)
qlib-runtime (macos-latest, 3.11)	Run scripts/run_gate.sh	2026-09-04T18:03:24.9497190Z Downloading mlflow-skinny (3.5MiB)
qlib-runtime (macos-latest, 3.11)	Run scripts/run_gate.sh	2026-09-04T18:03:24.9499820Z Downloading fonttools (2.9MiB)
qlib-runtime (macos-latest, 3.11)	Run scripts/run_gate.sh	2026-09-04T18:03:24.9502040Z Downloading scikit-learn (7.9MiB)
qlib-runtime (macos-latest, 3.11)	Run scripts/run_gate.sh	2026-09-04T18:03:24.9538150Z Downloading numpy (5.2MiB)
qlib-runtime (macos-latest, 3.11)	Run scripts/run_gate.sh	2026-09-04T18:03:24.9542480Z Downloading sqlalchemy (2.1MiB)
qlib-runtime (macos-latest, 3.11)	Run scripts/run_gate.sh	2026-09-04T18:03:24.9549070Z Downloading scipy (19.4MiB)
qlib-runtime (macos-latest, 3.11)	Run scripts/run_gate.sh	2026-09-04T18:03:24.9550870Z Downloading highspy (4.3MiB)
qlib-runtime (macos-latest, 3.11)	Run scripts/run_gate.sh	2026-09-04T18:03:24.9551630Z Downloading pyarrow (34.3MiB)
qlib-runtime (macos-latest, 3.11)	Run scripts/run_gate.sh	2026-09-04T18:03:24.9552610Z Downloading debugpy (2.1MiB)
qlib-runtime (macos-latest, 3.11)	Run scripts/run_gate.sh	2026-09-04T18:03:24.9553270Z Downloading pydantic-core (1.8MiB)
qlib-runtime (macos-latest, 3.11)	Run scripts/run_gate.sh	2026-09-04T18:03:24.9553820Z Downloading lxml (8.2MiB)
qlib-runtime (macos-latest, 3.11)	Run scripts/run_gate.sh	2026-09-04T18:03:24.9554460Z Downloading pandas (10.3MiB)
qlib-runtime (macos-latest, 3.11)	Run scripts/run_gate.sh	2026-09-04T18:03:26.5574770Z  Downloaded databricks-sdk
qlib-runtime (macos-latest, 3.11)	Run scripts/run_gate.sh	2026-09-04T18:03:26.7300530Z  Downloaded pygments
qlib-runtime (macos-latest, 3.11)	Run scripts/run_gate.sh	2026-09-04T18:03:26.8056410Z  Downloaded pyzmq
qlib-runtime (macos-latest, 3.11)	Run scripts/run_gate.sh	2026-09-04T18:03:26.8780470Z  Downloaded lightgbm
qlib-runtime (macos-latest, 3.11)	Run scripts/run_gate.sh	2026-09-04T18:03:27.0119570Z  Downloaded cvxpy
qlib-runtime (macos-latest, 3.11)	Run scripts/run_gate.sh	2026-09-04T18:03:27.0763420Z  Downloaded mlflow-tracing
qlib-runtime (macos-latest, 3.11)	Run scripts/run_gate.sh	2026-09-04T18:03:27.2287090Z  Downloaded pydantic-core
qlib-runtime (macos-latest, 3.11)	Run scripts/run_gate.sh	2026-09-04T18:03:27.3288320Z  Downloaded sqlalchemy
qlib-runtime (macos-latest, 3.11)	Run scripts/run_gate.sh	2026-09-04T18:03:27.3389890Z  Downloaded widgetsnbextension
qlib-runtime (macos-latest, 3.11)	Run scripts/run_gate.sh	2026-09-04T18:03:27.3492370Z  Downloaded debugpy
qlib-runtime (macos-latest, 3.11)	Run scripts/run_gate.sh	2026-09-04T18:03:27.9425600Z  Downloaded fonttools
qlib-runtime (macos-latest, 3.11)	Run scripts/run_gate.sh	2026-09-04T18:03:28.4542040Z  Downloaded mlflow-skinny
qlib-runtime (macos-latest, 3.11)	Run scripts/run_gate.sh	2026-09-04T18:03:28.6624520Z  Downloaded cryptography
qlib-runtime (macos-latest, 3.11)	Run scripts/run_gate.sh	2026-09-04T18:03:28.7959630Z  Downloaded highspy
qlib-runtime (macos-latest, 3.11)	Run scripts/run_gate.sh	2026-09-04T18:03:29.0512540Z  Downloaded pillow
qlib-runtime (macos-latest, 3.11)	Run scripts/run_gate.sh	2026-09-04T18:03:29.1931400Z  Downloaded notebook
qlib-runtime (macos-latest, 3.11)	Run scripts/run_gate.sh	2026-09-04T18:03:29.2629410Z  Downloaded numpy
qlib-runtime (macos-latest, 3.11)	Run scripts/run_gate.sh	2026-09-04T18:03:29.3241390Z  Downloaded jedi
qlib-runtime (macos-latest, 3.11)	Run scripts/run_gate.sh	2026-09-04T18:03:29.8261790Z  Downloaded scikit-learn
qlib-runtime (macos-latest, 3.11)	Run scripts/run_gate.sh	2026-09-04T18:03:29.8341950Z  Downloaded lxml
qlib-runtime (macos-latest, 3.11)	Run scripts/run_gate.sh	2026-09-04T18:03:30.0503610Z  Downloaded matplotlib
qlib-runtime (macos-latest, 3.11)	Run scripts/run_gate.sh	2026-09-04T18:03:30.0994980Z  Downloaded babel
qlib-runtime (macos-latest, 3.11)	Run scripts/run_gate.sh	2026-09-04T18:03:30.1101050Z    Building py-mini-racer==0.6.0
qlib-runtime (macos-latest, 3.11)	Run scripts/run_gate.sh	2026-09-04T18:03:30.2472580Z    Building gym==0.26.2
qlib-runtime (macos-latest, 3.11)	Run scripts/run_gate.sh	2026-09-04T18:03:30.2792340Z  Downloaded pandas
qlib-runtime (macos-latest, 3.11)	Run scripts/run_gate.sh	2026-09-04T18:03:30.4781140Z  Downloaded mlflow
qlib-runtime (macos-latest, 3.11)	Run scripts/run_gate.sh	2026-09-04T18:03:30.8507140Z  Downloaded jupyterlab
qlib-runtime (macos-latest, 3.11)	Run scripts/run_gate.sh	2026-09-04T18:03:30.9713750Z  Downloaded scipy
qlib-runtime (macos-latest, 3.11)	Run scripts/run_gate.sh	2026-09-04T18:03:31.1679800Z  Downloaded pyarrow
qlib-runtime (macos-latest, 3.11)	Run scripts/run_gate.sh	2026-09-04T18:03:31.9840190Z       Built unified-quant @ file:///Users/runner/work/unified-quant/unified-quant
qlib-runtime (macos-latest, 3.11)	Run scripts/run_gate.sh	2026-09-04T18:03:32.2745750Z       Built gym==0.26.2
qlib-runtime (macos-latest, 3.11)	Run scripts/run_gate.sh	2026-09-04T18:03:32.6773940Z       Built py-mini-racer==0.6.0
qlib-runtime (macos-latest, 3.11)	Run scripts/run_gate.sh	2026-09-04T18:03:32.7192890Z Prepared 205 packages in 7.94s
qlib-runtime (macos-latest, 3.11)	Run scripts/run_gate.sh	2026-09-04T18:03:34.2889150Z Installed 205 packages in 1.56s
qlib-runtime (macos-latest, 3.11)	Run scripts/run_gate.sh	2026-09-04T18:03:34.2893250Z  + aiohappyeyeballs==2.7.1
qlib-runtime (macos-latest, 3.11)	Run scripts/run_gate.sh	2026-09-04T18:03:34.2903810Z  + aiohttp==3.14.3
qlib-runtime (macos-latest, 3.11)	Run scripts/run_gate.sh	2026-09-04T18:03:34.2904880Z  + aiosignal==1.4.0
qlib-runtime (macos-latest, 3.11)	Run scripts/run_gate.sh	2026-09-04T18:03:34.2906130Z  + alembic==1.19.1
qlib-runtime (macos-latest, 3.11)	Run scripts/run_gate.sh	2026-09-04T18:03:34.2907290Z  + annotated-doc==0.0.5
qlib-runtime (macos-latest, 3.11)	Run scripts/run_gate.sh	2026-09-04T18:03:34.2908270Z  + annotated-types==0.8.0
qlib-runtime (macos-latest, 3.11)	Run scripts/run_gate.sh	2026-09-04T18:03:34.2909350Z  + anyio==4.14.2
qlib-runtime (macos-latest, 3.11)	Run scripts/run_gate.sh	2026-09-04T18:03:34.2910270Z  + appnope==1.0.0
qlib-runtime (macos-latest, 3.11)	Run scripts/run_gate.sh	2026-09-04T18:03:34.2911270Z  + argon2-cffi==25.1.0
qlib-runtime (macos-latest, 3.11)	Run scripts/run_gate.sh	2026-09-04T18:03:34.2914590Z  + argon2-cffi-bindings==26.1.0
qlib-runtime (macos-latest, 3.11)	Run scripts/run_gate.sh	2026-09-04T18:03:34.2915680Z  + arrow==1.4.0
qlib-runtime (macos-latest, 3.11)	Run scripts/run_gate.sh	2026-09-04T18:03:34.2916700Z  + asttokens==3.0.2
qlib-runtime (macos-latest, 3.11)	Run scripts/run_gate.sh	2026-09-04T18:03:34.2917600Z  + async-lru==2.3.0
qlib-runtime (macos-latest, 3.11)	Run scripts/run_gate.sh	2026-09-04T18:03:34.2918520Z  + attrs==26.1.0
qlib-runtime (macos-latest, 3.11)	Run scripts/run_gate.sh	2026-09-04T18:03:34.2919190Z  + babel==2.18.0
qlib-runtime (macos-latest, 3.11)	Run scripts/run_gate.sh	2026-09-04T18:03:34.2920170Z  + beautifulsoup4==4.15.0
qlib-runtime (macos-latest, 3.11)	Run scripts/run_gate.sh	2026-09-04T18:03:34.2920820Z  + bleach==6.4.0
qlib-runtime (macos-latest, 3.11)	Run scripts/run_gate.sh	2026-09-04T18:03:34.2923110Z  + blinker==1.9.0
qlib-runtime (macos-latest, 3.11)	Run scripts/run_gate.sh	2026-09-04T18:03:34.2923400Z  + bs4==0.0.2
qlib-runtime (macos-latest, 3.11)	Run scripts/run_gate.sh	2026-09-04T18:03:34.2923690Z  + cachetools==7.1.8
qlib-runtime (macos-latest, 3.11)	Run scripts/run_gate.sh	2026-09-04T18:03:34.2923910Z  + certifi==2026.7.22
qlib-runtime (macos-latest, 3.11)	Run scripts/run_gate.sh	2026-09-04T18:03:34.2924200Z  + cffi==2.1.1
qlib-runtime (macos-latest, 3.11)	Run scripts/run_gate.sh	2026-09-04T18:03:34.2924480Z  + charset-normalizer==3.5.1
qlib-runtime (macos-latest, 3.11)	Run scripts/run_gate.sh	2026-09-04T18:03:34.2924810Z  + clarabel==0.11.1
qlib-runtime (macos-latest, 3.11)	Run scripts/run_gate.sh	2026-09-04T18:03:34.2925100Z  + click==8.4.2
qlib-runtime (macos-latest, 3.11)	Run scripts/run_gate.sh	2026-09-04T18:03:34.2925360Z  + cloudpickle==3.1.2
qlib-runtime (macos-latest, 3.11)	Run scripts/run_gate.sh	2026-09-04T18:03:34.2925730Z  + comm==0.2.3
qlib-runtime (macos-latest, 3.11)	Run scripts/run_gate.sh	2026-09-04T18:03:34.2926040Z  + contourpy==1.3.3
qlib-runtime (macos-latest, 3.11)	Run scripts/run_gate.sh	2026-09-04T18:03:34.2926290Z  + cryptography==49.0.0
qlib-runtime (macos-latest, 3.11)	Run scripts/run_gate.sh	2026-09-04T18:03:34.2926680Z  + cvxpy==1.9.2
qlib-runtime (macos-latest, 3.11)	Run scripts/run_gate.sh	2026-09-04T18:03:34.2927010Z  + cycler==0.12.1
qlib-runtime (macos-latest, 3.11)	Run scripts/run_gate.sh	2026-09-04T18:03:34.2927520Z  + databricks-sdk==0.133.0
qlib-runtime (macos-latest, 3.11)	Run scripts/run_gate.sh	2026-09-04T18:03:34.2928460Z  + debugpy==1.8.21
qlib-runtime (macos-latest, 3.11)	Run scripts/run_gate.sh	2026-09-04T18:03:34.2928810Z  + defusedxml==0.7.1
qlib-runtime (macos-latest, 3.11)	Run scripts/run_gate.sh	2026-09-04T18:03:34.2929550Z  + dill==0.4.1
qlib-runtime (macos-latest, 3.11)	Run scripts/run_gate.sh	2026-09-04T18:03:34.2930350Z  + dnspython==2.8.0
qlib-runtime (macos-latest, 3.11)	Run scripts/run_gate.sh	2026-09-04T18:03:34.2931020Z  + docker==7.2.0
qlib-runtime (macos-latest, 3.11)	Run scripts/run_gate.sh	2026-09-04T18:03:34.2931490Z  + executing==2.2.1
qlib-runtime (macos-latest, 3.11)	Run scripts/run_gate.sh	2026-09-04T18:03:34.2932500Z  + fastapi==0.141.1
qlib-runtime (macos-latest, 3.11)	Run scripts/run_gate.sh	2026-09-04T18:03:34.2933870Z  + fastjsonschema==2.22.2
qlib-runtime (macos-latest, 3.11)	Run scripts/run_gate.sh	2026-09-04T18:03:34.2934350Z  + filelock==3.32.5
qlib-runtime (macos-latest, 3.11)	Run scripts/run_gate.sh	2026-09-04T18:03:34.2935110Z  + fire==0.7.1
qlib-runtime (macos-latest, 3.11)	Run scripts/run_gate.sh	2026-09-04T18:03:34.2935520Z  + flask==3.1.3
qlib-runtime (macos-latest, 3.11)	Run scripts/run_gate.sh	2026-09-04T18:03:34.2936210Z  + flask-cors==6.0.5
qlib-runtime (macos-latest, 3.11)	Run scripts/run_gate.sh	2026-09-04T18:03:34.2936650Z  + fonttools==4.64.0
qlib-runtime (macos-latest, 3.11)	Run scripts/run_gate.sh	2026-09-04T18:03:34.2937370Z  + fqdn==1.5.1
qlib-runtime (macos-latest, 3.11)	Run scripts/run_gate.sh	2026-09-04T18:03:34.2937880Z  + frozenlist==1.8.0
qlib-runtime (macos-latest, 3.11)	Run scripts/run_gate.sh	2026-09-04T18:03:34.2938420Z  + gitdb==4.0.12
qlib-runtime (macos-latest, 3.11)	Run scripts/run_gate.sh	2026-09-04T18:03:34.2938970Z  + gitpython==3.1.61
qlib-runtime (macos-latest, 3.11)	Run scripts/run_gate.sh	2026-09-04T18:03:34.2939410Z  + google-auth==2.57.0
qlib-runtime (macos-latest, 3.11)	Run scripts/run_gate.sh	2026-09-04T18:03:34.2939960Z  + graphene==3.4.3
qlib-runtime (macos-latest, 3.11)	Run scripts/run_gate.sh	2026-09-04T18:03:34.2940240Z  + graphql-core==3.2.12
qlib-runtime (macos-latest, 3.11)	Run scripts/run_gate.sh	2026-09-04T18:03:34.2940980Z  + graphql-relay==3.2.0
qlib-runtime (macos-latest, 3.11)	Run scripts/run_gate.sh	2026-09-04T18:03:34.2941360Z  + gunicorn==26.2.0
qlib-runtime (macos-latest, 3.11)	Run scripts/run_gate.sh	2026-09-04T18:03:34.2942190Z  + gym==0.26.2
qlib-runtime (macos-latest, 3.11)	Run scripts/run_gate.sh	2026-09-04T18:03:34.2942590Z  + gym-notices==0.1.0
qlib-runtime (macos-latest, 3.11)	Run scripts/run_gate.sh	2026-09-04T18:03:34.2943420Z  + h11==0.16.0
qlib-runtime (macos-latest, 3.11)	Run scripts/run_gate.sh	2026-09-04T18:03:34.2943740Z  + highspy==1.15.1
qlib-runtime (macos-latest, 3.11)	Run scripts/run_gate.sh	2026-09-04T18:03:34.2944390Z  + httpcore==1.0.9
qlib-runtime (macos-latest, 3.11)	Run scripts/run_gate.sh	2026-09-04T18:03:34.2944930Z  + httpx==0.25.2
qlib-runtime (macos-latest, 3.11)	Run scripts/run_gate.sh	2026-09-04T18:03:34.2945410Z  + huey==3.3.4
qlib-runtime (macos-latest, 3.11)	Run scripts/run_gate.sh	2026-09-04T18:03:34.2946250Z  + idna==3.19
qlib-runtime (macos-latest, 3.11)	Run scripts/run_gate.sh	2026-09-04T18:03:34.2946690Z  + importlib-metadata==9.0.1
qlib-runtime (macos-latest, 3.11)	Run scripts/run_gate.sh	2026-09-04T18:03:34.2947430Z  + iniconfig==2.3.0
qlib-runtime (macos-latest, 3.11)	Run scripts/run_gate.sh	2026-09-04T18:03:34.2947900Z  + ipykernel==7.3.0
qlib-runtime (macos-latest, 3.11)	Run scripts/run_gate.sh	2026-09-04T18:03:34.2948660Z  + ipython==9.17.0
qlib-runtime (macos-latest, 3.11)	Run scripts/run_gate.sh	2026-09-04T18:03:34.2949080Z  + ipython-pygments-lexers==1.1.1
qlib-runtime (macos-latest, 3.11)	Run scripts/run_gate.sh	2026-09-04T18:03:34.2950300Z  + ipywidgets==8.1.9
qlib-runtime (macos-latest, 3.11)	Run scripts/run_gate.sh	2026-09-04T18:03:34.2951370Z  + isoduration==20.11.0
qlib-runtime (macos-latest, 3.11)	Run scripts/run_gate.sh	2026-09-04T18:03:34.2952000Z  + itsdangerous==2.2.0
qlib-runtime (macos-latest, 3.11)	Run scripts/run_gate.sh	2026-09-04T18:03:34.2952470Z  + jedi==0.20.0
qlib-runtime (macos-latest, 3.11)	Run scripts/run_gate.sh	2026-09-04T18:03:34.2952760Z  + jinja2==3.1.6
qlib-runtime (macos-latest, 3.11)	Run scripts/run_gate.sh	2026-09-04T18:03:34.2953420Z  + joblib==1.5.3
qlib-runtime (macos-latest, 3.11)	Run scripts/run_gate.sh	2026-09-04T18:03:34.2953790Z  + json5==0.15.0
qlib-runtime (macos-latest, 3.11)	Run scripts/run_gate.sh	2026-09-04T18:03:34.2954240Z  + jsonpointer==3.1.1
qlib-runtime (macos-latest, 3.11)	Run scripts/run_gate.sh	2026-09-04T18:03:34.2954480Z  + jsonschema==4.26.0
qlib-runtime (macos-latest, 3.11)	Run scripts/run_gate.sh	2026-09-04T18:03:34.2955110Z  + jsonschema-specifications==2025.9.1
qlib-runtime (macos-latest, 3.11)	Run scripts/run_gate.sh	2026-09-04T18:03:34.2955620Z  + jupyter==1.1.1
qlib-runtime (macos-latest, 3.11)	Run scripts/run_gate.sh	2026-09-04T18:03:34.2956310Z  + jupyter-builder==1.2.2
qlib-runtime (macos-latest, 3.11)	Run scripts/run_gate.sh	2026-09-04T18:03:34.2956940Z  + jupyter-client==8.10.0
qlib-runtime (macos-latest, 3.11)	Run scripts/run_gate.sh	2026-09-04T18:03:34.2957450Z  + jupyter-console==6.6.3
qlib-runtime (macos-latest, 3.11)	Run scripts/run_gate.sh	2026-09-04T18:03:34.2958120Z  + jupyter-core==5.9.1
qlib-runtime (macos-latest, 3.11)	Run scripts/run_gate.sh	2026-09-04T18:03:34.2958430Z  + jupyter-events==0.12.1
qlib-runtime (macos-latest, 3.11)	Run scripts/run_gate.sh	2026-09-04T18:03:34.2958830Z  + jupyter-lsp==2.3.1
qlib-runtime (macos-latest, 3.11)	Run scripts/run_gate.sh	2026-09-04T18:03:34.2959090Z  + jupyter-server==2.21.0
qlib-runtime (macos-latest, 3.11)	Run scripts/run_gate.sh	2026-09-04T18:03:34.2959860Z  + jupyter-server-terminals==0.5.4
qlib-runtime (macos-latest, 3.11)	Run scripts/run_gate.sh	2026-09-04T18:03:34.2960170Z  + jupyterlab==4.6.3
qlib-runtime (macos-latest, 3.11)	Run scripts/run_gate.sh	2026-09-04T18:03:34.2960730Z  + jupyterlab-pygments==0.3.0
qlib-runtime (macos-latest, 3.11)	Run scripts/run_gate.sh	2026-09-04T18:03:34.2961100Z  + jupyterlab-server==2.28.0
qlib-runtime (macos-latest, 3.11)	Run scripts/run_gate.sh	2026-09-04T18:03:34.2961560Z  + jupyterlab-widgets==3.0.17
qlib-runtime (macos-latest, 3.11)	Run scripts/run_gate.sh	2026-09-04T18:03:34.2962460Z  + kiwisolver==1.5.1
qlib-runtime (macos-latest, 3.11)	Run scripts/run_gate.sh	2026-09-04T18:03:34.2963590Z  + lark==1.3.1
qlib-runtime (macos-latest, 3.11)	Run scripts/run_gate.sh	2026-09-04T18:03:34.2964310Z  + lightgbm==4.7.0
qlib-runtime (macos-latest, 3.11)	Run scripts/run_gate.sh	2026-09-04T18:03:34.2964780Z  + loguru==0.7.3
qlib-runtime (macos-latest, 3.11)	Run scripts/run_gate.sh	2026-09-04T18:03:34.2966350Z  + lxml==6.1.2
qlib-runtime (macos-latest, 3.11)	Run scripts/run_gate.sh	2026-09-04T18:03:34.2966930Z  + mako==1.4.1
qlib-runtime (macos-latest, 3.11)	Run scripts/run_gate.sh	2026-09-04T18:03:34.2967690Z  + markupsafe==3.0.3
qlib-runtime (macos-latest, 3.11)	Run scripts/run_gate.sh	2026-09-04T18:03:34.2968220Z  + matplotlib==3.11.1
qlib-runtime (macos-latest, 3.11)	Run scripts/run_gate.sh	2026-09-04T18:03:34.2968780Z  + matplotlib-inline==0.2.2
qlib-runtime (macos-latest, 3.11)	Run scripts/run_gate.sh	2026-09-04T18:03:34.2969320Z  + mistune==3.3.4
qlib-runtime (macos-latest, 3.11)	Run scripts/run_gate.sh	2026-09-04T18:03:34.2969830Z  + mlflow==3.15.2
qlib-runtime (macos-latest, 3.11)	Run scripts/run_gate.sh	2026-09-04T18:03:34.2970050Z  + mlflow-skinny==3.15.2
qlib-runtime (macos-latest, 3.11)	Run scripts/run_gate.sh	2026-09-04T18:03:34.2970930Z  + mlflow-tracing==3.15.2
qlib-runtime (macos-latest, 3.11)	Run scripts/run_gate.sh	2026-09-04T18:03:34.2972160Z  + mootdx==0.11.7
qlib-runtime (macos-latest, 3.11)	Run scripts/run_gate.sh	2026-09-04T18:03:34.2972540Z  + multidict==6.7.1
qlib-runtime (macos-latest, 3.11)	Run scripts/run_gate.sh	2026-09-04T18:03:34.2973300Z  + narwhals==2.25.0
qlib-runtime (macos-latest, 3.11)	Run scripts/run_gate.sh	2026-09-04T18:03:34.2974850Z  + nbclient==0.11.0
qlib-runtime (macos-latest, 3.11)	Run scripts/run_gate.sh	2026-09-04T18:03:34.2975820Z  + nbconvert==7.17.1
qlib-runtime (macos-latest, 3.11)	Run scripts/run_gate.sh	2026-09-04T18:03:34.2976200Z  + nbformat==5.11.1
qlib-runtime (macos-latest, 3.11)	Run scripts/run_gate.sh	2026-09-04T18:03:34.2976740Z  + nest-asyncio2==1.7.2
qlib-runtime (macos-latest, 3.11)	Run scripts/run_gate.sh	2026-09-04T18:03:34.2977120Z  + notebook==7.6.2
qlib-runtime (macos-latest, 3.11)	Run scripts/run_gate.sh	2026-09-04T18:03:34.2978060Z  + notebook-shim==0.2.4
qlib-runtime (macos-latest, 3.11)	Run scripts/run_gate.sh	2026-09-04T18:03:34.2978530Z  + numpy==2.4.6
qlib-runtime (macos-latest, 3.11)	Run scripts/run_gate.sh	2026-09-04T18:03:34.2979320Z  + opentelemetry-api==1.44.0
qlib-runtime (macos-latest, 3.11)	Run scripts/run_gate.sh	2026-09-04T18:03:34.2980830Z  + opentelemetry-proto==1.44.0
qlib-runtime (macos-latest, 3.11)	Run scripts/run_gate.sh	2026-09-04T18:03:34.2982010Z  + opentelemetry-sdk==1.44.0
qlib-runtime (macos-latest, 3.11)	Run scripts/run_gate.sh	2026-09-04T18:03:34.2982440Z  + opentelemetry-semantic-conventions==0.65b0
qlib-runtime (macos-latest, 3.11)	Run scripts/run_gate.sh	2026-09-04T18:03:34.2983940Z  + osqp==1.1.3
qlib-runtime (macos-latest, 3.11)	Run scripts/run_gate.sh	2026-09-04T18:03:34.2984710Z  + overrides==7.7.0
qlib-runtime (macos-latest, 3.11)	Run scripts/run_gate.sh	2026-09-04T18:03:34.2985830Z  + packaging==26.3
qlib-runtime (macos-latest, 3.11)	Run scripts/run_gate.sh	2026-09-04T18:03:34.2986640Z  + pandas==2.3.3
qlib-runtime (macos-latest, 3.11)	Run scripts/run_gate.sh	2026-09-04T18:03:34.2990000Z  + pandocfilters==1.5.1
qlib-runtime (macos-latest, 3.11)	Run scripts/run_gate.sh	2026-09-04T18:03:34.2990800Z  + parso==0.8.7
qlib-runtime (macos-latest, 3.11)	Run scripts/run_gate.sh	2026-09-04T18:03:34.2991290Z  + pexpect==4.9.0
qlib-runtime (macos-latest, 3.11)	Run scripts/run_gate.sh	2026-09-04T18:03:34.3065020Z  + pillow==12.3.0
qlib-runtime (macos-latest, 3.11)	Run scripts/run_gate.sh	2026-09-04T18:03:34.3065560Z  + platformdirs==4.11.5
qlib-runtime (macos-latest, 3.11)	Run scripts/run_gate.sh	2026-09-04T18:03:34.3065800Z  + pluggy==1.6.0
qlib-runtime (macos-latest, 3.11)	Run scripts/run_gate.sh	2026-09-04T18:03:34.3066000Z  + prettytable==3.18.0
qlib-runtime (macos-latest, 3.11)	Run scripts/run_gate.sh	2026-09-04T18:03:34.3066200Z  + prometheus-client==0.26.0
qlib-runtime (macos-latest, 3.11)	Run scripts/run_gate.sh	2026-09-04T18:03:34.3066430Z  + prompt-toolkit==3.0.53
qlib-runtime (macos-latest, 3.11)	Run scripts/run_gate.sh	2026-09-04T18:03:34.3066660Z  + propcache==0.5.2
qlib-runtime (macos-latest, 3.11)	Run scripts/run_gate.sh	2026-09-04T18:03:34.3066870Z  + protobuf==6.33.6
qlib-runtime (macos-latest, 3.11)	Run scripts/run_gate.sh	2026-09-04T18:03:34.3067060Z  + psutil==7.2.2
qlib-runtime (macos-latest, 3.11)	Run scripts/run_gate.sh	2026-09-04T18:03:34.3067310Z  + ptyprocess==0.7.0
qlib-runtime (macos-latest, 3.11)	Run scripts/run_gate.sh	2026-09-04T18:03:34.3067500Z  + pure-eval==0.2.3
qlib-runtime (macos-latest, 3.11)	Run scripts/run_gate.sh	2026-09-04T18:03:34.3067720Z  + py-mini-racer==0.6.0
qlib-runtime (macos-latest, 3.11)	Run scripts/run_gate.sh	2026-09-04T18:03:34.3067930Z  + pyarrow==25.0.1
qlib-runtime (macos-latest, 3.11)	Run scripts/run_gate.sh	2026-09-04T18:03:34.3068160Z  + pyasn1==0.6.4
qlib-runtime (macos-latest, 3.11)	Run scripts/run_gate.sh	2026-09-04T18:03:34.3068340Z  + pyasn1-modules==0.4.2
qlib-runtime (macos-latest, 3.11)	Run scripts/run_gate.sh	2026-09-04T18:03:34.3068540Z  + pycparser==3.0
qlib-runtime (macos-latest, 3.11)	Run scripts/run_gate.sh	2026-09-04T18:03:34.3068760Z  + pydantic==2.13.5
qlib-runtime (macos-latest, 3.11)	Run scripts/run_gate.sh	2026-09-04T18:03:34.3069010Z  + pydantic-core==2.46.5
qlib-runtime (macos-latest, 3.11)	Run scripts/run_gate.sh	2026-09-04T18:03:34.3069270Z  + pydantic-settings==2.15.0
qlib-runtime (macos-latest, 3.11)	Run scripts/run_gate.sh	2026-09-04T18:03:34.3069530Z  + pygments==2.21.0
qlib-runtime (macos-latest, 3.11)	Run scripts/run_gate.sh	2026-09-04T18:03:34.3069800Z  + pymongo==4.17.0
qlib-runtime (macos-latest, 3.11)	Run scripts/run_gate.sh	2026-09-04T18:03:34.3069990Z  + pyparsing==3.3.2
qlib-runtime (macos-latest, 3.11)	Run scripts/run_gate.sh	2026-09-04T18:03:34.3070250Z  + pyqlib==0.9.7
qlib-runtime (macos-latest, 3.11)	Run scripts/run_gate.sh	2026-09-04T18:03:34.3070550Z  + pytest==9.1.1
qlib-runtime (macos-latest, 3.11)	Run scripts/run_gate.sh	2026-09-04T18:03:34.3071360Z  + python-dateutil==2.9.0.post0
qlib-runtime (macos-latest, 3.11)	Run scripts/run_gate.sh	2026-09-04T18:03:34.3071640Z  + python-dotenv==1.2.3
qlib-runtime (macos-latest, 3.11)	Run scripts/run_gate.sh	2026-09-04T18:03:34.3071860Z  + python-json-logger==4.2.0
qlib-runtime (macos-latest, 3.11)	Run scripts/run_gate.sh	2026-09-04T18:03:34.3072160Z  + python-redis-lock==4.0.1
qlib-runtime (macos-latest, 3.11)	Run scripts/run_gate.sh	2026-09-04T18:03:34.3072370Z  + pytz==2026.3.post1
qlib-runtime (macos-latest, 3.11)	Run scripts/run_gate.sh	2026-09-04T18:03:34.3072620Z  + pyyaml==6.0.3
qlib-runtime (macos-latest, 3.11)	Run scripts/run_gate.sh	2026-09-04T18:03:34.3072810Z  + pyzmq==27.2.0
qlib-runtime (macos-latest, 3.11)	Run scripts/run_gate.sh	2026-09-04T18:03:34.3073100Z  + qdldl==0.1.9.post1
qlib-runtime (macos-latest, 3.11)	Run scripts/run_gate.sh	2026-09-04T18:03:34.3073290Z  + redis==8.1.0
qlib-runtime (macos-latest, 3.11)	Run scripts/run_gate.sh	2026-09-04T18:03:34.3073750Z  + referencing==0.37.0
qlib-runtime (macos-latest, 3.11)	Run scripts/run_gate.sh	2026-09-04T18:03:34.3074080Z  + requests==2.34.2
qlib-runtime (macos-latest, 3.11)	Run scripts/run_gate.sh	2026-09-04T18:03:34.3074320Z  + rfc3339-validator==0.1.4
qlib-runtime (macos-latest, 3.11)	Run scripts/run_gate.sh	2026-09-04T18:03:34.3074610Z  + rfc3986-validator==0.1.1
qlib-runtime (macos-latest, 3.11)	Run scripts/run_gate.sh	2026-09-04T18:03:34.3074820Z  + rfc3987-syntax==1.1.0
qlib-runtime (macos-latest, 3.11)	Run scripts/run_gate.sh	2026-09-04T18:03:34.3075170Z  + rpds-py==2026.6.3
qlib-runtime (macos-latest, 3.11)	Run scripts/run_gate.sh	2026-09-04T18:03:34.3075410Z  + ruamel-yaml==0.19.1
qlib-runtime (macos-latest, 3.11)	Run scripts/run_gate.sh	2026-09-04T18:03:34.3075690Z  + scikit-learn==1.9.0
qlib-runtime (macos-latest, 3.11)	Run scripts/run_gate.sh	2026-09-04T18:03:34.3077290Z  + scipy==1.17.1
qlib-runtime (macos-latest, 3.11)	Run scripts/run_gate.sh	2026-09-04T18:03:34.3077610Z  + scs==3.2.11
qlib-runtime (macos-latest, 3.11)	Run scripts/run_gate.sh	2026-09-04T18:03:34.3077810Z  + send2trash==2.1.0
qlib-runtime (macos-latest, 3.11)	Run scripts/run_gate.sh	2026-09-04T18:03:34.3078110Z  + setuptools==84.0.0
qlib-runtime (macos-latest, 3.11)	Run scripts/run_gate.sh	2026-09-04T18:03:34.3078420Z  + simplejson==4.1.1
qlib-runtime (macos-latest, 3.11)	Run scripts/run_gate.sh	2026-09-04T18:03:34.3078660Z  + six==1.17.0
qlib-runtime (macos-latest, 3.11)	Run scripts/run_gate.sh	2026-09-04T18:03:34.3078890Z  + skops==0.14.0
qlib-runtime (macos-latest, 3.11)	Run scripts/run_gate.sh	2026-09-04T18:03:34.3079450Z  + smmap==5.0.3
qlib-runtime (macos-latest, 3.11)	Run scripts/run_gate.sh	2026-09-04T18:03:34.3079670Z  + sniffio==1.3.1
qlib-runtime (macos-latest, 3.11)	Run scripts/run_gate.sh	2026-09-04T18:03:34.3079830Z  + soupsieve==2.9.2
qlib-runtime (macos-latest, 3.11)	Run scripts/run_gate.sh	2026-09-04T18:03:34.3080030Z  + sparsediffpy==0.3.0
qlib-runtime (macos-latest, 3.11)	Run scripts/run_gate.sh	2026-09-04T18:03:34.3080240Z  + sqlalchemy==2.0.52
qlib-runtime (macos-latest, 3.11)	Run scripts/run_gate.sh	2026-09-04T18:03:34.3080450Z  + sqlparse==0.6.0
qlib-runtime (macos-latest, 3.11)	Run scripts/run_gate.sh	2026-09-04T18:03:34.3080610Z  + stack-data==0.6.3
qlib-runtime (macos-latest, 3.11)	Run scripts/run_gate.sh	2026-09-04T18:03:34.3080840Z  + starlette==1.6.0
qlib-runtime (macos-latest, 3.11)	Run scripts/run_gate.sh	2026-09-04T18:03:34.3081040Z  + tdxpy==0.2.7
qlib-runtime (macos-latest, 3.11)	Run scripts/run_gate.sh	2026-09-04T18:03:34.3081210Z  + tenacity==8.5.0
qlib-runtime (macos-latest, 3.11)	Run scripts/run_gate.sh	2026-09-04T18:03:34.3081450Z  + termcolor==3.3.0
qlib-runtime (macos-latest, 3.11)	Run scripts/run_gate.sh	2026-09-04T18:03:34.3081650Z  + terminado==0.18.1
qlib-runtime (macos-latest, 3.11)	Run scripts/run_gate.sh	2026-09-04T18:03:34.3081910Z  + threadpoolctl==3.6.0
qlib-runtime (macos-latest, 3.11)	Run scripts/run_gate.sh	2026-09-04T18:03:34.3082070Z  + tinycss2==1.5.1
qlib-runtime (macos-latest, 3.11)	Run scripts/run_gate.sh	2026-09-04T18:03:34.3082250Z  + tornado==6.5.8
qlib-runtime (macos-latest, 3.11)	Run scripts/run_gate.sh	2026-09-04T18:03:34.3082390Z  + tqdm==4.70.0
qlib-runtime (macos-latest, 3.11)	Run scripts/run_gate.sh	2026-09-04T18:03:34.3082570Z  + traitlets==5.16.1
qlib-runtime (macos-latest, 3.11)	Run scripts/run_gate.sh	2026-09-04T18:03:34.3082780Z  + tushare==1.4.29
qlib-runtime (macos-latest, 3.11)	Run scripts/run_gate.sh	2026-09-04T18:03:34.3083090Z  + typing-extensions==4.16.0
qlib-runtime (macos-latest, 3.11)	Run scripts/run_gate.sh	2026-09-04T18:03:34.3083390Z  + typing-inspection==0.4.4
qlib-runtime (macos-latest, 3.11)	Run scripts/run_gate.sh	2026-09-04T18:03:34.3083720Z  + tzdata==2026.3
qlib-runtime (macos-latest, 3.11)	Run scripts/run_gate.sh	2026-09-04T18:03:34.3084200Z  + unified-quant==0.1.0 (from file:///Users/runner/work/unified-quant/unified-quant)
qlib-runtime (macos-latest, 3.11)	Run scripts/run_gate.sh	2026-09-04T18:03:34.3084610Z  + uri-template==1.3.0
qlib-runtime (macos-latest, 3.11)	Run scripts/run_gate.sh	2026-09-04T18:03:34.3084850Z  + urllib3==2.7.0
qlib-runtime (macos-latest, 3.11)	Run scripts/run_gate.sh	2026-09-04T18:03:34.3085110Z  + uvicorn==0.52.4
qlib-runtime (macos-latest, 3.11)	Run scripts/run_gate.sh	2026-09-04T18:03:34.3085310Z  + wcwidth==0.8.2
qlib-runtime (macos-latest, 3.11)	Run scripts/run_gate.sh	2026-09-04T18:03:34.3085530Z  + webcolors==25.10.0
qlib-runtime (macos-latest, 3.11)	Run scripts/run_gate.sh	2026-09-04T18:03:34.3085750Z  + webencodings==0.6.1
qlib-runtime (macos-latest, 3.11)	Run scripts/run_gate.sh	2026-09-04T18:03:34.3085960Z  + websocket-client==1.9.0
qlib-runtime (macos-latest, 3.11)	Run scripts/run_gate.sh	2026-09-04T18:03:34.3086180Z  + werkzeug==3.1.8
qlib-runtime (macos-latest, 3.11)	Run scripts/run_gate.sh	2026-09-04T18:03:34.3086380Z  + widgetsnbextension==4.0.16
qlib-runtime (macos-latest, 3.11)	Run scripts/run_gate.sh	2026-09-04T18:03:34.3086600Z  + yarl==1.24.5
qlib-runtime (macos-latest, 3.11)	Run scripts/run_gate.sh	2026-09-04T18:03:34.3086830Z  + zipp==4.1.0
qlib-runtime (macos-latest, 3.11)	Run scripts/run_gate.sh	2026-09-04T18:03:42.5424820Z ........................................................................ [ 17%]
qlib-runtime (macos-latest, 3.11)	Run scripts/run_gate.sh	2026-09-04T18:03:44.5852800Z ........................................................................ [ 34%]
qlib-runtime (macos-latest, 3.11)	Run scripts/run_gate.sh	2026-09-04T18:03:53.2484050Z ........................................................................ [ 51%]
qlib-runtime (macos-latest, 3.11)	Run scripts/run_gate.sh	2026-09-04T18:04:28.9284910Z ........................................................................ [ 68%]
qlib-runtime (macos-latest, 3.11)	Run scripts/run_gate.sh	2026-09-04T18:04:39.6873810Z ........................................................................ [ 86%]
qlib-runtime (macos-latest, 3.11)	Run scripts/run_gate.sh	2026-09-04T18:04:41.2645360Z ..........................................................               [100%]
qlib-runtime (macos-latest, 3.11)	Run scripts/run_gate.sh	2026-09-04T18:04:41.2745920Z =============================== warnings summary ===============================
qlib-runtime (macos-latest, 3.11)	Run scripts/run_gate.sh	2026-09-04T18:04:41.2847890Z tests/test_release_acceptance.py::test_null_rate_threshold_rejects_publication
qlib-runtime (macos-latest, 3.11)	Run scripts/run_gate.sh	2026-09-04T18:04:41.2948350Z tests/test_release_acceptance.py::test_null_rate_threshold_rejects_publication
qlib-runtime (macos-latest, 3.11)	Run scripts/run_gate.sh	2026-09-04T18:04:41.3050550Z tests/test_release_acceptance.py::test_null_rate_threshold_rejects_publication
qlib-runtime (macos-latest, 3.11)	Run scripts/run_gate.sh	2026-09-04T18:04:41.3153310Z tests/test_release_acceptance.py::test_null_rate_threshold_rejects_publication
qlib-runtime (macos-latest, 3.11)	Run scripts/run_gate.sh	2026-09-04T18:04:41.3253700Z tests/test_release_acceptance.py::test_null_rate_threshold_rejects_publication
qlib-runtime (macos-latest, 3.11)	Run scripts/run_gate.sh	2026-09-04T18:04:41.3357080Z tests/test_release_acceptance.py::test_null_rate_threshold_rejects_publication
qlib-runtime (macos-latest, 3.11)	Run scripts/run_gate.sh	2026-09-04T18:04:41.3361730Z   /Users/runner/work/unified-quant/unified-quant/src/uq/factors/raw_price.py:49: FutureWarning: Downcasting object dtype arrays on .fillna, .ffill, .bfill is deprecated and will change in a future version. Call result.infer_objects(copy=False) instead. To opt-in to the future behavior, set `pd.set_option('future.no_silent_downcasting', True)`
qlib-runtime (macos-latest, 3.11)	Run scripts/run_gate.sh	2026-09-04T18:04:41.3366520Z     normalized = frame[columns].round(12).fillna(-0.0).replace([np.inf, -np.inf], np.nan).round(12)
qlib-runtime (macos-latest, 3.11)	Run scripts/run_gate.sh	2026-09-04T18:04:41.3367700Z 
qlib-runtime (macos-latest, 3.11)	Run scripts/run_gate.sh	2026-09-04T18:04:41.3368630Z -- Docs: https://docs.pytest.org/en/stable/how-to/capture-warnings.html
qlib-runtime (macos-latest, 3.11)	Run scripts/run_gate.sh	2026-09-04T18:04:41.3369850Z 418 passed, 6 warnings in 65.63s (0:01:05)
qlib-runtime (macos-latest, 3.11)	Run scripts/run_gate.sh	2026-09-04T18:04:42.5509800Z gate report: /Users/runner/work/unified-quant/unified-quant/.gate/gate-report.json
qlib-runtime (macos-latest, 3.11)	Record Qlib runtime cell	﻿2026-09-04T18:04:42.5746970Z ##[group]Run mkdir -p .gate/certification
qlib-runtime (macos-latest, 3.11)	Record Qlib runtime cell	2026-09-04T18:04:42.5748330Z ^[[36;1mmkdir -p .gate/certification^[[0m
qlib-runtime (macos-latest, 3.11)	Record Qlib runtime cell	2026-09-04T18:04:42.5755130Z ^[[36;1mprintf '%s\n' "macos-latest/3.11/qlib" > .gate/certification/environment-cell.txt^[[0m
qlib-runtime (macos-latest, 3.11)	Record Qlib runtime cell	2026-09-04T18:04:42.5985490Z shell: /bin/bash -e {0}
qlib-runtime (macos-latest, 3.11)	Record Qlib runtime cell	2026-09-04T18:04:42.5985940Z env:
qlib-runtime (macos-latest, 3.11)	Record Qlib runtime cell	2026-09-04T18:04:42.5986170Z   UQ_GATE_EXTRAS: qlib
qlib-runtime (macos-latest, 3.11)	Record Qlib runtime cell	2026-09-04T18:04:42.5986580Z   pythonLocation: /Users/runner/hostedtoolcache/Python/3.11.9/arm64
qlib-runtime (macos-latest, 3.11)	Record Qlib runtime cell	2026-09-04T18:04:42.5987090Z   PKG_CONFIG_PATH: /Users/runner/hostedtoolcache/Python/3.11.9/arm64/lib/pkgconfig
qlib-runtime (macos-latest, 3.11)	Record Qlib runtime cell	2026-09-04T18:04:42.5987710Z   Python_ROOT_DIR: /Users/runner/hostedtoolcache/Python/3.11.9/arm64
qlib-runtime (macos-latest, 3.11)	Record Qlib runtime cell	2026-09-04T18:04:42.5988180Z   Python2_ROOT_DIR: /Users/runner/hostedtoolcache/Python/3.11.9/arm64
qlib-runtime (macos-latest, 3.11)	Record Qlib runtime cell	2026-09-04T18:04:42.5988660Z   Python3_ROOT_DIR: /Users/runner/hostedtoolcache/Python/3.11.9/arm64
qlib-runtime (macos-latest, 3.11)	Record Qlib runtime cell	2026-09-04T18:04:42.5989120Z   UV_CACHE_DIR: /Users/runner/work/_temp/setup-uv-cache
qlib-runtime (macos-latest, 3.11)	Record Qlib runtime cell	2026-09-04T18:04:42.5989440Z ##[endgroup]
qlib-runtime (macos-latest, 3.11)	Run actions/upload-artifact@v4	﻿2026-09-04T18:04:42.6895670Z Node 20 is being deprecated. This workflow is running with Node 24 by default. If you need to temporarily use Node 20, you can set the ACTIONS_ALLOW_USE_UNSECURE_NODE_VERSION=true environment variable. For more information see: https://github.blog/changelog/2025-09-19-deprecation-of-node-20-on-github-actions-runners/
qlib-runtime (macos-latest, 3.11)	Run actions/upload-artifact@v4	2026-09-04T18:04:42.6897830Z ##[group]Run actions/upload-artifact@v4
qlib-runtime (macos-latest, 3.11)	Run actions/upload-artifact@v4	2026-09-04T18:04:42.6898270Z with:
qlib-runtime (macos-latest, 3.11)	Run actions/upload-artifact@v4	2026-09-04T18:04:42.6898490Z   name: qlib-gate-report-macos-latest-3.11
qlib-runtime (macos-latest, 3.11)	Run actions/upload-artifact@v4	2026-09-04T18:04:42.6899090Z   path: .gate/gate-report.json
qlib-runtime (macos-latest, 3.11)	Run actions/upload-artifact@v4	.gate/requirements.lock.txt
qlib-runtime (macos-latest, 3.11)	Run actions/upload-artifact@v4	.gate/requirements.lock.txt.sha256
qlib-runtime (macos-latest, 3.11)	Run actions/upload-artifact@v4	.gate/certification/environment-cell.txt
qlib-runtime (macos-latest, 3.11)	Run actions/upload-artifact@v4	
qlib-runtime (macos-latest, 3.11)	Run actions/upload-artifact@v4	2026-09-04T18:04:42.6899780Z   if-no-files-found: error
qlib-runtime (macos-latest, 3.11)	Run actions/upload-artifact@v4	2026-09-04T18:04:42.6900060Z   compression-level: 6
qlib-runtime (macos-latest, 3.11)	Run actions/upload-artifact@v4	2026-09-04T18:04:42.6900350Z   overwrite: false
qlib-runtime (macos-latest, 3.11)	Run actions/upload-artifact@v4	2026-09-04T18:04:42.6900560Z   include-hidden-files: false
qlib-runtime (macos-latest, 3.11)	Run actions/upload-artifact@v4	2026-09-04T18:04:42.6900860Z env:
qlib-runtime (macos-latest, 3.11)	Run actions/upload-artifact@v4	2026-09-04T18:04:42.6901050Z   UQ_GATE_EXTRAS: qlib
qlib-runtime (macos-latest, 3.11)	Run actions/upload-artifact@v4	2026-09-04T18:04:42.6901410Z   pythonLocation: /Users/runner/hostedtoolcache/Python/3.11.9/arm64
qlib-runtime (macos-latest, 3.11)	Run actions/upload-artifact@v4	2026-09-04T18:04:42.6902990Z   PKG_CONFIG_PATH: /Users/runner/hostedtoolcache/Python/3.11.9/arm64/lib/pkgconfig
qlib-runtime (macos-latest, 3.11)	Run actions/upload-artifact@v4	2026-09-04T18:04:42.6903520Z   Python_ROOT_DIR: /Users/runner/hostedtoolcache/Python/3.11.9/arm64
qlib-runtime (macos-latest, 3.11)	Run actions/upload-artifact@v4	2026-09-04T18:04:42.6903930Z   Python2_ROOT_DIR: /Users/runner/hostedtoolcache/Python/3.11.9/arm64
qlib-runtime (macos-latest, 3.11)	Run actions/upload-artifact@v4	2026-09-04T18:04:42.6904510Z   Python3_ROOT_DIR: /Users/runner/hostedtoolcache/Python/3.11.9/arm64
qlib-runtime (macos-latest, 3.11)	Run actions/upload-artifact@v4	2026-09-04T18:04:42.6904920Z   UV_CACHE_DIR: /Users/runner/work/_temp/setup-uv-cache
qlib-runtime (macos-latest, 3.11)	Run actions/upload-artifact@v4	2026-09-04T18:04:42.6905280Z ##[endgroup]
qlib-runtime (macos-latest, 3.11)	Run actions/upload-artifact@v4	2026-09-04T18:04:43.2090220Z (node:3668) [DEP0040] DeprecationWarning: The `punycode` module is deprecated. Please use a userland alternative instead.
qlib-runtime (macos-latest, 3.11)	Run actions/upload-artifact@v4	2026-09-04T18:04:43.2091310Z (Use `node --trace-deprecation ...` to show where the warning was created)
qlib-runtime (macos-latest, 3.11)	Run actions/upload-artifact@v4	2026-09-04T18:04:43.2204040Z Multiple search paths detected. Calculating the least common ancestor of all paths
qlib-runtime (macos-latest, 3.11)	Run actions/upload-artifact@v4	2026-09-04T18:04:43.2227560Z The least common ancestor is /Users/runner/work/unified-quant/unified-quant/.gate. This will be the root directory of the artifact
qlib-runtime (macos-latest, 3.11)	Run actions/upload-artifact@v4	2026-09-04T18:04:43.2229290Z With the provided path, there will be 4 files uploaded
qlib-runtime (macos-latest, 3.11)	Run actions/upload-artifact@v4	2026-09-04T18:04:43.2232690Z Artifact name is valid!
qlib-runtime (macos-latest, 3.11)	Run actions/upload-artifact@v4	2026-09-04T18:04:43.2233390Z Root directory input is valid!
qlib-runtime (macos-latest, 3.11)	Run actions/upload-artifact@v4	2026-09-04T18:04:43.5454760Z Beginning upload of artifact content to blob storage
qlib-runtime (macos-latest, 3.11)	Run actions/upload-artifact@v4	2026-09-04T18:04:43.5785380Z (node:3668) [DEP0169] DeprecationWarning: `url.parse()` behavior is not standardized and prone to errors that have security implications. Use the WHATWG URL API instead. CVEs are not issued for `url.parse()` vulnerabilities.
qlib-runtime (macos-latest, 3.11)	Run actions/upload-artifact@v4	2026-09-04T18:04:43.7070970Z Uploaded bytes 4568
qlib-runtime (macos-latest, 3.11)	Run actions/upload-artifact@v4	2026-09-04T18:04:43.7488510Z Finished uploading artifact content to blob storage!
qlib-runtime (macos-latest, 3.11)	Run actions/upload-artifact@v4	2026-09-04T18:04:43.7489200Z SHA256 digest of uploaded artifact zip is 5787988837e36713b335597d5e52b1c8cb9e407246da309e54ede38a845ecc70
qlib-runtime (macos-latest, 3.11)	Run actions/upload-artifact@v4	2026-09-04T18:04:43.7489710Z Finalizing artifact upload
qlib-runtime (macos-latest, 3.11)	Run actions/upload-artifact@v4	2026-09-04T18:04:43.9712890Z Artifact qlib-gate-report-macos-latest-3.11.zip successfully finalized. Artifact ID 9948694840
qlib-runtime (macos-latest, 3.11)	Run actions/upload-artifact@v4	2026-09-04T18:04:43.9713770Z Artifact qlib-gate-report-macos-latest-3.11 has been successfully uploaded! Final size is 4568 bytes. Artifact ID is 9948694840
qlib-runtime (macos-latest, 3.11)	Run actions/upload-artifact@v4	2026-09-04T18:04:43.9715880Z Artifact download URL: https://github.com/ljheee/unified-quant/actions/runs/33903807546/artifacts/9948694840
qlib-runtime (macos-latest, 3.11)	Post Run astral-sh/setup-uv@v3	﻿2026-09-04T18:04:43.9855810Z Node 20 is being deprecated. This workflow is running with Node 24 by default. If you need to temporarily use Node 20, you can set the ACTIONS_ALLOW_USE_UNSECURE_NODE_VERSION=true environment variable. For more information see: https://github.blog/changelog/2025-09-19-deprecation-of-node-20-on-github-actions-runners/
qlib-runtime (macos-latest, 3.11)	Post Run astral-sh/setup-uv@v3	2026-09-04T18:04:43.9857630Z Post job cleanup.
qlib-runtime (macos-latest, 3.11)	Post Run actions/setup-python@v5	﻿2026-09-04T18:04:44.1562730Z Node 20 is being deprecated. This workflow is running with Node 24 by default. If you need to temporarily use Node 20, you can set the ACTIONS_ALLOW_USE_UNSECURE_NODE_VERSION=true environment variable. For more information see: https://github.blog/changelog/2025-09-19-deprecation-of-node-20-on-github-actions-runners/
qlib-runtime (macos-latest, 3.11)	Post Run actions/setup-python@v5	2026-09-04T18:04:44.1563820Z Post job cleanup.
qlib-runtime (macos-latest, 3.11)	Post Run actions/setup-python@v5	2026-09-04T18:04:44.3047160Z (node:3671) [DEP0040] DeprecationWarning: The `punycode` module is deprecated. Please use a userland alternative instead.
qlib-runtime (macos-latest, 3.11)	Post Run actions/setup-python@v5	2026-09-04T18:04:44.3048980Z (Use `node --trace-deprecation ...` to show where the warning was created)
qlib-runtime (macos-latest, 3.11)	Post Run actions/checkout@v4	﻿2026-09-04T18:04:44.3173100Z Node 20 is being deprecated. This workflow is running with Node 24 by default. If you need to temporarily use Node 20, you can set the ACTIONS_ALLOW_USE_UNSECURE_NODE_VERSION=true environment variable. For more information see: https://github.blog/changelog/2025-09-19-deprecation-of-node-20-on-github-actions-runners/
qlib-runtime (macos-latest, 3.11)	Post Run actions/checkout@v4	2026-09-04T18:04:44.3174170Z Post job cleanup.
qlib-runtime (macos-latest, 3.11)	Post Run actions/checkout@v4	2026-09-04T18:04:44.4415100Z [command]/opt/homebrew/bin/git version
qlib-runtime (macos-latest, 3.11)	Post Run actions/checkout@v4	2026-09-04T18:04:44.4522320Z git version 2.55.0
qlib-runtime (macos-latest, 3.11)	Post Run actions/checkout@v4	2026-09-04T18:04:44.4553610Z Copying '/Users/runner/.gitconfig' to '/Users/runner/work/_temp/cfd43145-c5fe-4a39-b8d9-c096626fff89/.gitconfig'
qlib-runtime (macos-latest, 3.11)	Post Run actions/checkout@v4	2026-09-04T18:04:44.4565590Z Temporarily overriding HOME='/Users/runner/work/_temp/cfd43145-c5fe-4a39-b8d9-c096626fff89' before making global git config changes
qlib-runtime (macos-latest, 3.11)	Post Run actions/checkout@v4	2026-09-04T18:04:44.4567750Z Adding repository directory to the temporary git global config as a safe directory
qlib-runtime (macos-latest, 3.11)	Post Run actions/checkout@v4	2026-09-04T18:04:44.4586940Z [command]/opt/homebrew/bin/git config --global --add safe.directory /Users/runner/work/unified-quant/unified-quant
qlib-runtime (macos-latest, 3.11)	Post Run actions/checkout@v4	2026-09-04T18:04:44.4704980Z [command]/opt/homebrew/bin/git config --local --name-only --get-regexp core\.sshCommand
qlib-runtime (macos-latest, 3.11)	Post Run actions/checkout@v4	2026-09-04T18:04:44.4796850Z [command]/opt/homebrew/bin/git submodule foreach --recursive sh -c "git config --local --name-only --get-regexp 'core\.sshCommand' && git config --local --unset-all 'core.sshCommand' || :"
qlib-runtime (macos-latest, 3.11)	Post Run actions/checkout@v4	2026-09-04T18:04:44.6208460Z [command]/opt/homebrew/bin/git config --local --name-only --get-regexp http\.https\:\/\/github\.com\/\.extraheader
qlib-runtime (macos-latest, 3.11)	Post Run actions/checkout@v4	2026-09-04T18:04:44.6289970Z http.https://github.com/.extraheader
qlib-runtime (macos-latest, 3.11)	Post Run actions/checkout@v4	2026-09-04T18:04:44.6298880Z [command]/opt/homebrew/bin/git config --local --unset-all http.https://github.com/.extraheader
qlib-runtime (macos-latest, 3.11)	Post Run actions/checkout@v4	2026-09-04T18:04:44.6398870Z [command]/opt/homebrew/bin/git submodule foreach --recursive sh -c "git config --local --name-only --get-regexp 'http\.https\:\/\/github\.com\/\.extraheader' && git config --local --unset-all 'http.https://github.com/.extraheader' || :"
qlib-runtime (macos-latest, 3.11)	Post Run actions/checkout@v4	2026-09-04T18:04:44.7720050Z [command]/opt/homebrew/bin/git config --local --name-only --get-regexp ^includeIf\.gitdir:
qlib-runtime (macos-latest, 3.11)	Post Run actions/checkout@v4	2026-09-04T18:04:44.8129660Z [command]/opt/homebrew/bin/git submodule foreach --recursive git config --local --show-origin --name-only --get-regexp remote.origin.url
qlib-runtime (macos-latest, 3.11)	Complete job	﻿2026-09-04T18:04:44.9366220Z Cleaning up orphan processes
qlib-runtime (macos-latest, 3.11)	Complete job	2026-09-04T18:04:46.7448720Z ##[warning]Node.js 20 is deprecated. The following actions target Node.js 20 but are being forced to run on Node.js 24: actions/checkout@v4, actions/setup-python@v5, actions/upload-artifact@v4, astral-sh/setup-uv@v3. For more information see: https://github.blog/changelog/2025-09-19-deprecation-of-node-20-on-github-actions-runners/
test (macos-latest, 3.11)	Set up job	﻿2026-09-04T18:03:16.2225110Z Current runner version: '2.337.0'
test (macos-latest, 3.11)	Set up job	2026-09-04T18:03:16.2239920Z ##[group]Runner Image Provisioner
test (macos-latest, 3.11)	Set up job	2026-09-04T18:03:16.2240430Z Hosted Compute Agent
test (macos-latest, 3.11)	Set up job	2026-09-04T18:03:16.2240800Z Version: 20260828.587
test (macos-latest, 3.11)	Set up job	2026-09-04T18:03:16.2241200Z Commit: abac92662cab4cc7352de4f9f9d2e2419aad9c29
test (macos-latest, 3.11)	Set up job	2026-09-04T18:03:16.2241660Z Build Date: 2026-08-28T16:44:25Z
test (macos-latest, 3.11)	Set up job	2026-09-04T18:03:16.2242080Z Worker ID: {1925de5e-3bb6-4220-8946-30da4e1ee5de}
test (macos-latest, 3.11)	Set up job	2026-09-04T18:03:16.2242530Z Azure Region: westus
test (macos-latest, 3.11)	Set up job	2026-09-04T18:03:16.2244700Z ##[endgroup]
test (macos-latest, 3.11)	Set up job	2026-09-04T18:03:16.2248280Z ##[group]Operating System
test (macos-latest, 3.11)	Set up job	2026-09-04T18:03:16.2249350Z macOS
test (macos-latest, 3.11)	Set up job	2026-09-04T18:03:16.2250160Z 26.6.2
test (macos-latest, 3.11)	Set up job	2026-09-04T18:03:16.2251050Z 25G83
test (macos-latest, 3.11)	Set up job	2026-09-04T18:03:16.2251900Z ##[endgroup]
test (macos-latest, 3.11)	Set up job	2026-09-04T18:03:16.2252830Z ##[group]Runner Image
test (macos-latest, 3.11)	Set up job	2026-09-04T18:03:16.2253800Z Image: macos-26-arm64
test (macos-latest, 3.11)	Set up job	2026-09-04T18:03:16.2255010Z Version: 20260831.0337.3
test (macos-latest, 3.11)	Set up job	2026-09-04T18:03:16.2255830Z Included Software: https://github.com/actions/runner-images/blob/macos-26-arm64/20260831.0337/images/macos/macos-26-arm64-Readme.md
test (macos-latest, 3.11)	Set up job	2026-09-04T18:03:16.2257110Z Image Release: https://github.com/actions/runner-images/releases/tag/macos-26-arm64%2F20260831.0337
test (macos-latest, 3.11)	Set up job	2026-09-04T18:03:16.2257770Z ##[endgroup]
test (macos-latest, 3.11)	Set up job	2026-09-04T18:03:16.2258760Z ##[group]GITHUB_TOKEN Permissions
test (macos-latest, 3.11)	Set up job	2026-09-04T18:03:16.2260290Z Contents: read
test (macos-latest, 3.11)	Set up job	2026-09-04T18:03:16.2260780Z Metadata: read
test (macos-latest, 3.11)	Set up job	2026-09-04T18:03:16.2261140Z Packages: read
test (macos-latest, 3.11)	Set up job	2026-09-04T18:03:16.2261500Z ##[endgroup]
test (macos-latest, 3.11)	Set up job	2026-09-04T18:03:16.2263130Z Secret source: Actions
test (macos-latest, 3.11)	Set up job	2026-09-04T18:03:16.2263810Z Prepare workflow directory
test (macos-latest, 3.11)	Set up job	2026-09-04T18:03:16.2556790Z Prepare all required actions
test (macos-latest, 3.11)	Set up job	2026-09-04T18:03:16.2599960Z Getting action download info
test (macos-latest, 3.11)	Set up job	2026-09-04T18:03:16.7187660Z Download action repository 'actions/checkout@v4' (SHA:11d5960a326750d5838078e36cf38b85af677262)
test (macos-latest, 3.11)	Set up job	2026-09-04T18:03:16.9611790Z Download action repository 'actions/setup-python@v5' (SHA:a26af69be951a213d495a4c3e4e4022e16d87065)
test (macos-latest, 3.11)	Set up job	2026-09-04T18:03:17.0717230Z Download action repository 'astral-sh/setup-uv@v3' (SHA:caf0cab7a618c569241d31dcd442f54681755d39)
test (macos-latest, 3.11)	Set up job	2026-09-04T18:03:17.4865090Z Download action repository 'actions/upload-artifact@v4' (SHA:ea165f8d65b6e75b540449e92b4886f43607fa02)
test (macos-latest, 3.11)	Set up job	2026-09-04T18:03:17.7219980Z Complete job name: test (macos-latest, 3.11)
test (macos-latest, 3.11)	Run actions/checkout@v4	﻿2026-09-04T18:03:17.7987820Z Node 20 is being deprecated. This workflow is running with Node 24 by default. If you need to temporarily use Node 20, you can set the ACTIONS_ALLOW_USE_UNSECURE_NODE_VERSION=true environment variable. For more information see: https://github.blog/changelog/2025-09-19-deprecation-of-node-20-on-github-actions-runners/
test (macos-latest, 3.11)	Run actions/checkout@v4	2026-09-04T18:03:17.7998660Z ##[group]Run actions/checkout@v4
test (macos-latest, 3.11)	Run actions/checkout@v4	2026-09-04T18:03:17.7999370Z with:
test (macos-latest, 3.11)	Run actions/checkout@v4	2026-09-04T18:03:17.7999840Z   repository: ljheee/unified-quant
test (macos-latest, 3.11)	Run actions/checkout@v4	2026-09-04T18:03:17.8006250Z   token: ***
test (macos-latest, 3.11)	Run actions/checkout@v4	2026-09-04T18:03:17.8007710Z   ssh-strict: true
test (macos-latest, 3.11)	Run actions/checkout@v4	2026-09-04T18:03:17.8008810Z   ssh-user: git
test (macos-latest, 3.11)	Run actions/checkout@v4	2026-09-04T18:03:17.8009980Z   persist-credentials: true
test (macos-latest, 3.11)	Run actions/checkout@v4	2026-09-04T18:03:17.8010540Z   clean: true
test (macos-latest, 3.11)	Run actions/checkout@v4	2026-09-04T18:03:17.8011010Z   sparse-checkout-cone-mode: true
test (macos-latest, 3.11)	Run actions/checkout@v4	2026-09-04T18:03:17.8011640Z   fetch-depth: 1
test (macos-latest, 3.11)	Run actions/checkout@v4	2026-09-04T18:03:17.8012080Z   fetch-tags: false
test (macos-latest, 3.11)	Run actions/checkout@v4	2026-09-04T18:03:17.8012540Z   show-progress: true
test (macos-latest, 3.11)	Run actions/checkout@v4	2026-09-04T18:03:17.8012940Z   lfs: false
test (macos-latest, 3.11)	Run actions/checkout@v4	2026-09-04T18:03:17.8013430Z   submodules: false
test (macos-latest, 3.11)	Run actions/checkout@v4	2026-09-04T18:03:17.8013980Z   set-safe-directory: true
test (macos-latest, 3.11)	Run actions/checkout@v4	2026-09-04T18:03:17.8014490Z   allow-unsafe-pr-checkout: false
test (macos-latest, 3.11)	Run actions/checkout@v4	2026-09-04T18:03:17.8015800Z ##[endgroup]
test (macos-latest, 3.11)	Run actions/checkout@v4	2026-09-04T18:03:18.2802940Z Syncing repository: ljheee/unified-quant
test (macos-latest, 3.11)	Run actions/checkout@v4	2026-09-04T18:03:18.2805400Z ##[group]Getting Git version info
test (macos-latest, 3.11)	Run actions/checkout@v4	2026-09-04T18:03:18.2806510Z Working directory is '/Users/runner/work/unified-quant/unified-quant'
test (macos-latest, 3.11)	Run actions/checkout@v4	2026-09-04T18:03:18.2808220Z [command]/opt/homebrew/bin/git version
test (macos-latest, 3.11)	Run actions/checkout@v4	2026-09-04T18:03:18.3104380Z git version 2.55.0
test (macos-latest, 3.11)	Run actions/checkout@v4	2026-09-04T18:03:18.3117870Z ##[endgroup]
test (macos-latest, 3.11)	Run actions/checkout@v4	2026-09-04T18:03:18.3125900Z Copying '/Users/runner/.gitconfig' to '/Users/runner/work/_temp/f972b417-bc9b-4d7d-a95f-f14652218154/.gitconfig'
test (macos-latest, 3.11)	Run actions/checkout@v4	2026-09-04T18:03:18.3131550Z Temporarily overriding HOME='/Users/runner/work/_temp/f972b417-bc9b-4d7d-a95f-f14652218154' before making global git config changes
test (macos-latest, 3.11)	Run actions/checkout@v4	2026-09-04T18:03:18.3135560Z Adding repository directory to the temporary git global config as a safe directory
test (macos-latest, 3.11)	Run actions/checkout@v4	2026-09-04T18:03:18.3138100Z [command]/opt/homebrew/bin/git config --global --add safe.directory /Users/runner/work/unified-quant/unified-quant
test (macos-latest, 3.11)	Run actions/checkout@v4	2026-09-04T18:03:18.3360920Z Deleting the contents of '/Users/runner/work/unified-quant/unified-quant'
test (macos-latest, 3.11)	Run actions/checkout@v4	2026-09-04T18:03:18.3366280Z ##[group]Initializing the repository
test (macos-latest, 3.11)	Run actions/checkout@v4	2026-09-04T18:03:18.3372210Z [command]/opt/homebrew/bin/git init /Users/runner/work/unified-quant/unified-quant
test (macos-latest, 3.11)	Run actions/checkout@v4	2026-09-04T18:03:18.3989970Z hint: Using 'master' as the name for the initial branch. This default branch name
test (macos-latest, 3.11)	Run actions/checkout@v4	2026-09-04T18:03:18.3992330Z hint: will change to "main" in Git 3.0. To configure the initial branch name
test (macos-latest, 3.11)	Run actions/checkout@v4	2026-09-04T18:03:18.3994450Z hint: to use in all of your new repositories, which will suppress this warning,
test (macos-latest, 3.11)	Run actions/checkout@v4	2026-09-04T18:03:18.4001480Z hint: call:
test (macos-latest, 3.11)	Run actions/checkout@v4	2026-09-04T18:03:18.4003480Z hint:
test (macos-latest, 3.11)	Run actions/checkout@v4	2026-09-04T18:03:18.4006340Z hint: 	git config --global init.defaultBranch <name>
test (macos-latest, 3.11)	Run actions/checkout@v4	2026-09-04T18:03:18.4010080Z hint:
test (macos-latest, 3.11)	Run actions/checkout@v4	2026-09-04T18:03:18.4012950Z hint: Names commonly chosen instead of 'master' are 'main', 'trunk' and
test (macos-latest, 3.11)	Run actions/checkout@v4	2026-09-04T18:03:18.4016710Z hint: 'development'. The just-created branch can be renamed via this command:
test (macos-latest, 3.11)	Run actions/checkout@v4	2026-09-04T18:03:18.4020710Z hint:
test (macos-latest, 3.11)	Run actions/checkout@v4	2026-09-04T18:03:18.4022410Z hint: 	git branch -m <name>
test (macos-latest, 3.11)	Run actions/checkout@v4	2026-09-04T18:03:18.4024290Z hint:
test (macos-latest, 3.11)	Run actions/checkout@v4	2026-09-04T18:03:18.4026710Z hint: Disable this message with "git config set advice.defaultBranchName false"
test (macos-latest, 3.11)	Run actions/checkout@v4	2026-09-04T18:03:18.4031200Z Initialized empty Git repository in /Users/runner/work/unified-quant/unified-quant/.git/
test (macos-latest, 3.11)	Run actions/checkout@v4	2026-09-04T18:03:18.4039370Z [command]/opt/homebrew/bin/git remote add origin https://github.com/ljheee/unified-quant
test (macos-latest, 3.11)	Run actions/checkout@v4	2026-09-04T18:03:18.4179730Z ##[endgroup]
test (macos-latest, 3.11)	Run actions/checkout@v4	2026-09-04T18:03:18.4183000Z ##[group]Disabling automatic garbage collection
test (macos-latest, 3.11)	Run actions/checkout@v4	2026-09-04T18:03:18.4185810Z [command]/opt/homebrew/bin/git config --local gc.auto 0
test (macos-latest, 3.11)	Run actions/checkout@v4	2026-09-04T18:03:18.4360680Z ##[endgroup]
test (macos-latest, 3.11)	Run actions/checkout@v4	2026-09-04T18:03:18.4362010Z ##[group]Setting up auth
test (macos-latest, 3.11)	Run actions/checkout@v4	2026-09-04T18:03:18.4374770Z [command]/opt/homebrew/bin/git config --local --name-only --get-regexp core\.sshCommand
test (macos-latest, 3.11)	Run actions/checkout@v4	2026-09-04T18:03:18.4484000Z [command]/opt/homebrew/bin/git submodule foreach --recursive sh -c "git config --local --name-only --get-regexp 'core\.sshCommand' && git config --local --unset-all 'core.sshCommand' || :"
test (macos-latest, 3.11)	Run actions/checkout@v4	2026-09-04T18:03:18.6286160Z [command]/opt/homebrew/bin/git config --local --name-only --get-regexp http\.https\:\/\/github\.com\/\.extraheader
test (macos-latest, 3.11)	Run actions/checkout@v4	2026-09-04T18:03:18.6381010Z [command]/opt/homebrew/bin/git submodule foreach --recursive sh -c "git config --local --name-only --get-regexp 'http\.https\:\/\/github\.com\/\.extraheader' && git config --local --unset-all 'http.https://github.com/.extraheader' || :"
test (macos-latest, 3.11)	Run actions/checkout@v4	2026-09-04T18:03:18.7840650Z [command]/opt/homebrew/bin/git config --local --name-only --get-regexp ^includeIf\.gitdir:
test (macos-latest, 3.11)	Run actions/checkout@v4	2026-09-04T18:03:18.7917550Z [command]/opt/homebrew/bin/git submodule foreach --recursive git config --local --show-origin --name-only --get-regexp remote.origin.url
test (macos-latest, 3.11)	Run actions/checkout@v4	2026-09-04T18:03:18.9238090Z [command]/opt/homebrew/bin/git config --local http.https://github.com/.extraheader AUTHORIZATION: basic ***
test (macos-latest, 3.11)	Run actions/checkout@v4	2026-09-04T18:03:18.9318330Z ##[endgroup]
test (macos-latest, 3.11)	Run actions/checkout@v4	2026-09-04T18:03:18.9321550Z ##[group]Fetching the repository
test (macos-latest, 3.11)	Run actions/checkout@v4	2026-09-04T18:03:18.9328530Z [command]/opt/homebrew/bin/git -c protocol.version=2 fetch --no-tags --prune --no-recurse-submodules --depth=1 origin +e631740c51abd6f10390fd9bfefd1c6540e5f2c5:refs/remotes/origin/main
test (macos-latest, 3.11)	Run actions/checkout@v4	2026-09-04T18:03:19.5365910Z From https://github.com/ljheee/unified-quant
test (macos-latest, 3.11)	Run actions/checkout@v4	2026-09-04T18:03:19.5367180Z  * [new ref]         e631740c51abd6f10390fd9bfefd1c6540e5f2c5 -> origin/main
test (macos-latest, 3.11)	Run actions/checkout@v4	2026-09-04T18:03:19.5369220Z ##[endgroup]
test (macos-latest, 3.11)	Run actions/checkout@v4	2026-09-04T18:03:19.5369720Z ##[group]Determining the checkout info
test (macos-latest, 3.11)	Run actions/checkout@v4	2026-09-04T18:03:19.5370250Z ##[endgroup]
test (macos-latest, 3.11)	Run actions/checkout@v4	2026-09-04T18:03:19.5375740Z [command]/opt/homebrew/bin/git sparse-checkout disable
test (macos-latest, 3.11)	Run actions/checkout@v4	2026-09-04T18:03:19.5467010Z [command]/opt/homebrew/bin/git config --local --unset-all extensions.worktreeConfig
test (macos-latest, 3.11)	Run actions/checkout@v4	2026-09-04T18:03:19.5546030Z ##[group]Checking out the ref
test (macos-latest, 3.11)	Run actions/checkout@v4	2026-09-04T18:03:19.5549350Z [command]/opt/homebrew/bin/git checkout --progress --force -B main refs/remotes/origin/main
test (macos-latest, 3.11)	Run actions/checkout@v4	2026-09-04T18:03:19.7247060Z Switched to a new branch 'main'
test (macos-latest, 3.11)	Run actions/checkout@v4	2026-09-04T18:03:19.7251400Z branch 'main' set up to track 'origin/main'.
test (macos-latest, 3.11)	Run actions/checkout@v4	2026-09-04T18:03:19.7264790Z ##[endgroup]
test (macos-latest, 3.11)	Run actions/checkout@v4	2026-09-04T18:03:19.7472060Z [command]/opt/homebrew/bin/git log -1 --format=%H
test (macos-latest, 3.11)	Run actions/checkout@v4	2026-09-04T18:03:19.7489610Z e631740c51abd6f10390fd9bfefd1c6540e5f2c5
test (macos-latest, 3.11)	Run actions/setup-python@v5	﻿2026-09-04T18:03:19.7828350Z Node 20 is being deprecated. This workflow is running with Node 24 by default. If you need to temporarily use Node 20, you can set the ACTIONS_ALLOW_USE_UNSECURE_NODE_VERSION=true environment variable. For more information see: https://github.blog/changelog/2025-09-19-deprecation-of-node-20-on-github-actions-runners/
test (macos-latest, 3.11)	Run actions/setup-python@v5	2026-09-04T18:03:19.7830120Z ##[group]Run actions/setup-python@v5
test (macos-latest, 3.11)	Run actions/setup-python@v5	2026-09-04T18:03:19.7830420Z with:
test (macos-latest, 3.11)	Run actions/setup-python@v5	2026-09-04T18:03:19.7830680Z   python-version: 3.11
test (macos-latest, 3.11)	Run actions/setup-python@v5	2026-09-04T18:03:19.7830940Z   check-latest: false
test (macos-latest, 3.11)	Run actions/setup-python@v5	2026-09-04T18:03:19.7834190Z   token: ***
test (macos-latest, 3.11)	Run actions/setup-python@v5	2026-09-04T18:03:19.7834450Z   update-environment: true
test (macos-latest, 3.11)	Run actions/setup-python@v5	2026-09-04T18:03:19.7834710Z   allow-prereleases: false
test (macos-latest, 3.11)	Run actions/setup-python@v5	2026-09-04T18:03:19.7834920Z   freethreaded: false
test (macos-latest, 3.11)	Run actions/setup-python@v5	2026-09-04T18:03:19.7835190Z ##[endgroup]
test (macos-latest, 3.11)	Run actions/setup-python@v5	2026-09-04T18:03:19.9697430Z ##[group]Installed versions
test (macos-latest, 3.11)	Run actions/setup-python@v5	2026-09-04T18:03:19.9892010Z (node:1253) [DEP0040] DeprecationWarning: The `punycode` module is deprecated. Please use a userland alternative instead.
test (macos-latest, 3.11)	Run actions/setup-python@v5	2026-09-04T18:03:19.9894930Z (Use `node --trace-deprecation ...` to show where the warning was created)
test (macos-latest, 3.11)	Run actions/setup-python@v5	2026-09-04T18:03:19.9896720Z Successfully set up CPython (3.11.9)
test (macos-latest, 3.11)	Run actions/setup-python@v5	2026-09-04T18:03:19.9897750Z ##[endgroup]
test (macos-latest, 3.11)	Run astral-sh/setup-uv@v3	﻿2026-09-04T18:03:20.0142600Z Node 20 is being deprecated. This workflow is running with Node 24 by default. If you need to temporarily use Node 20, you can set the ACTIONS_ALLOW_USE_UNSECURE_NODE_VERSION=true environment variable. For more information see: https://github.blog/changelog/2025-09-19-deprecation-of-node-20-on-github-actions-runners/
test (macos-latest, 3.11)	Run astral-sh/setup-uv@v3	2026-09-04T18:03:20.0146190Z ##[group]Run astral-sh/setup-uv@v3
test (macos-latest, 3.11)	Run astral-sh/setup-uv@v3	2026-09-04T18:03:20.0146920Z with:
test (macos-latest, 3.11)	Run astral-sh/setup-uv@v3	2026-09-04T18:03:20.0147500Z   version: latest
test (macos-latest, 3.11)	Run astral-sh/setup-uv@v3	2026-09-04T18:03:20.0154040Z   github-token: ***
test (macos-latest, 3.11)	Run astral-sh/setup-uv@v3	2026-09-04T18:03:20.0154810Z   enable-cache: false
test (macos-latest, 3.11)	Run astral-sh/setup-uv@v3	2026-09-04T18:03:20.0155420Z   cache-dependency-glob: **/uv.lock
test (macos-latest, 3.11)	Run astral-sh/setup-uv@v3	2026-09-04T18:03:20.0156150Z   prune-cache: true
test (macos-latest, 3.11)	Run astral-sh/setup-uv@v3	2026-09-04T18:03:20.0156750Z env:
test (macos-latest, 3.11)	Run astral-sh/setup-uv@v3	2026-09-04T18:03:20.0157470Z   pythonLocation: /Users/runner/hostedtoolcache/Python/3.11.9/arm64
test (macos-latest, 3.11)	Run astral-sh/setup-uv@v3	2026-09-04T18:03:20.0158720Z   PKG_CONFIG_PATH: /Users/runner/hostedtoolcache/Python/3.11.9/arm64/lib/pkgconfig
test (macos-latest, 3.11)	Run astral-sh/setup-uv@v3	2026-09-04T18:03:20.0160110Z   Python_ROOT_DIR: /Users/runner/hostedtoolcache/Python/3.11.9/arm64
test (macos-latest, 3.11)	Run astral-sh/setup-uv@v3	2026-09-04T18:03:20.0161410Z   Python2_ROOT_DIR: /Users/runner/hostedtoolcache/Python/3.11.9/arm64
test (macos-latest, 3.11)	Run astral-sh/setup-uv@v3	2026-09-04T18:03:20.0162530Z   Python3_ROOT_DIR: /Users/runner/hostedtoolcache/Python/3.11.9/arm64
test (macos-latest, 3.11)	Run astral-sh/setup-uv@v3	2026-09-04T18:03:20.0163430Z ##[endgroup]
test (macos-latest, 3.11)	Run astral-sh/setup-uv@v3	2026-09-04T18:03:20.1844940Z Downloading uv from "https://github.com/astral-sh/uv/releases/latest/download/uv-aarch64-apple-darwin.tar.gz" ...
test (macos-latest, 3.11)	Run astral-sh/setup-uv@v3	2026-09-04T18:03:20.1855630Z (node:1254) [DEP0040] DeprecationWarning: The `punycode` module is deprecated. Please use a userland alternative instead.
test (macos-latest, 3.11)	Run astral-sh/setup-uv@v3	2026-09-04T18:03:20.1857860Z (Use `node --trace-deprecation ...` to show where the warning was created)
test (macos-latest, 3.11)	Run astral-sh/setup-uv@v3	2026-09-04T18:03:20.6683690Z [command]/usr/bin/tar xz -C /Users/runner/work/_temp/cefbc6cd-35ea-4286-979a-8cfa4d63874c -f /Users/runner/work/_temp/fa3b9ab7-1ce2-4dc9-8a7e-f5c767b4395e
test (macos-latest, 3.11)	Run astral-sh/setup-uv@v3	2026-09-04T18:03:20.9152670Z Added /Users/runner/hostedtoolcache/uv/0.12.9/aarch64 to the path
test (macos-latest, 3.11)	Run astral-sh/setup-uv@v3	2026-09-04T18:03:20.9205890Z Added /Users/runner/.local/bin to the path
test (macos-latest, 3.11)	Run astral-sh/setup-uv@v3	2026-09-04T18:03:20.9209450Z Successfully installed uv version 0.12.9
test (macos-latest, 3.11)	Run astral-sh/setup-uv@v3	2026-09-04T18:03:20.9226430Z Set UV_CACHE_DIR to /Users/runner/work/_temp/setup-uv-cache
test (macos-latest, 3.11)	Run scripts/run_gate.sh	﻿2026-09-04T18:03:20.9273300Z ##[group]Run scripts/run_gate.sh
test (macos-latest, 3.11)	Run scripts/run_gate.sh	2026-09-04T18:03:20.9273670Z ^[[36;1mscripts/run_gate.sh^[[0m
test (macos-latest, 3.11)	Run scripts/run_gate.sh	2026-09-04T18:03:20.9346740Z shell: /bin/bash -e {0}
test (macos-latest, 3.11)	Run scripts/run_gate.sh	2026-09-04T18:03:20.9347320Z env:
test (macos-latest, 3.11)	Run scripts/run_gate.sh	2026-09-04T18:03:20.9347600Z   pythonLocation: /Users/runner/hostedtoolcache/Python/3.11.9/arm64
test (macos-latest, 3.11)	Run scripts/run_gate.sh	2026-09-04T18:03:20.9348030Z   PKG_CONFIG_PATH: /Users/runner/hostedtoolcache/Python/3.11.9/arm64/lib/pkgconfig
test (macos-latest, 3.11)	Run scripts/run_gate.sh	2026-09-04T18:03:20.9348480Z   Python_ROOT_DIR: /Users/runner/hostedtoolcache/Python/3.11.9/arm64
test (macos-latest, 3.11)	Run scripts/run_gate.sh	2026-09-04T18:03:20.9348860Z   Python2_ROOT_DIR: /Users/runner/hostedtoolcache/Python/3.11.9/arm64
test (macos-latest, 3.11)	Run scripts/run_gate.sh	2026-09-04T18:03:20.9349240Z   Python3_ROOT_DIR: /Users/runner/hostedtoolcache/Python/3.11.9/arm64
test (macos-latest, 3.11)	Run scripts/run_gate.sh	2026-09-04T18:03:20.9349580Z   UV_CACHE_DIR: /Users/runner/work/_temp/setup-uv-cache
test (macos-latest, 3.11)	Run scripts/run_gate.sh	2026-09-04T18:03:20.9349860Z ##[endgroup]
test (macos-latest, 3.11)	Run scripts/run_gate.sh	2026-09-04T18:03:21.6042680Z Using CPython 3.11.9 interpreter at: /Library/Frameworks/Python.framework/Versions/3.11/bin/python3
test (macos-latest, 3.11)	Run scripts/run_gate.sh	2026-09-04T18:03:21.6147790Z Resolved 214 packages in 6ms
test (macos-latest, 3.11)	Run scripts/run_gate.sh	2026-09-04T18:03:21.6581250Z Using CPython 3.11.9 interpreter at: /Library/Frameworks/Python.framework/Versions/3.11/bin/python3
test (macos-latest, 3.11)	Run scripts/run_gate.sh	2026-09-04T18:03:21.6582590Z Creating virtual environment at: .venv
test (macos-latest, 3.11)	Run scripts/run_gate.sh	2026-09-04T18:03:21.6679380Z Resolved 214 packages in 4ms
test (macos-latest, 3.11)	Run scripts/run_gate.sh	2026-09-04T18:03:21.6853530Z    Building unified-quant @ file:///Users/runner/work/unified-quant/unified-quant
test (macos-latest, 3.11)	Run scripts/run_gate.sh	2026-09-04T18:03:21.7847580Z Downloading pandas (10.3MiB)
test (macos-latest, 3.11)	Run scripts/run_gate.sh	2026-09-04T18:03:21.7848550Z Downloading numpy (5.2MiB)
test (macos-latest, 3.11)	Run scripts/run_gate.sh	2026-09-04T18:03:21.7851760Z Downloading pygments (1.2MiB)
test (macos-latest, 3.11)	Run scripts/run_gate.sh	2026-09-04T18:03:21.7855440Z Downloading lxml (8.2MiB)
test (macos-latest, 3.11)	Run scripts/run_gate.sh	2026-09-04T18:03:21.7863680Z Downloading scipy (19.4MiB)
test (macos-latest, 3.11)	Run scripts/run_gate.sh	2026-09-04T18:03:21.7867120Z Downloading cryptography (3.8MiB)
test (macos-latest, 3.11)	Run scripts/run_gate.sh	2026-09-04T18:03:21.7874180Z Downloading scikit-learn (7.9MiB)
test (macos-latest, 3.11)	Run scripts/run_gate.sh	2026-09-04T18:03:21.7876780Z Downloading pyarrow (34.3MiB)
test (macos-latest, 3.11)	Run scripts/run_gate.sh	2026-09-04T18:03:22.2364230Z  Downloaded pygments
test (macos-latest, 3.11)	Run scripts/run_gate.sh	2026-09-04T18:03:22.7745050Z  Downloaded cryptography
test (macos-latest, 3.11)	Run scripts/run_gate.sh	2026-09-04T18:03:23.0516160Z  Downloaded numpy
test (macos-latest, 3.11)	Run scripts/run_gate.sh	2026-09-04T18:03:23.3425270Z  Downloaded lxml
test (macos-latest, 3.11)	Run scripts/run_gate.sh	2026-09-04T18:03:23.3953520Z    Building py-mini-racer==0.6.0
test (macos-latest, 3.11)	Run scripts/run_gate.sh	2026-09-04T18:03:23.4418930Z  Downloaded scikit-learn
test (macos-latest, 3.11)	Run scripts/run_gate.sh	2026-09-04T18:03:23.8547550Z  Downloaded pandas
test (macos-latest, 3.11)	Run scripts/run_gate.sh	2026-09-04T18:03:24.0608390Z  Downloaded scipy
test (macos-latest, 3.11)	Run scripts/run_gate.sh	2026-09-04T18:03:24.1012560Z  Downloaded pyarrow
test (macos-latest, 3.11)	Run scripts/run_gate.sh	2026-09-04T18:03:24.7047390Z       Built unified-quant @ file:///Users/runner/work/unified-quant/unified-quant
test (macos-latest, 3.11)	Run scripts/run_gate.sh	2026-09-04T18:03:25.3020530Z       Built py-mini-racer==0.6.0
test (macos-latest, 3.11)	Run scripts/run_gate.sh	2026-09-04T18:03:25.3482310Z Prepared 53 packages in 3.67s
test (macos-latest, 3.11)	Run scripts/run_gate.sh	2026-09-04T18:03:25.4994430Z Installed 53 packages in 151ms
test (macos-latest, 3.11)	Run scripts/run_gate.sh	2026-09-04T18:03:25.4994910Z  + anyio==4.14.2
test (macos-latest, 3.11)	Run scripts/run_gate.sh	2026-09-04T18:03:25.4996160Z  + attrs==26.1.0
test (macos-latest, 3.11)	Run scripts/run_gate.sh	2026-09-04T18:03:25.4996960Z  + beautifulsoup4==4.15.0
test (macos-latest, 3.11)	Run scripts/run_gate.sh	2026-09-04T18:03:25.4997530Z  + bs4==0.0.2
test (macos-latest, 3.11)	Run scripts/run_gate.sh	2026-09-04T18:03:25.4998140Z  + certifi==2026.7.22
test (macos-latest, 3.11)	Run scripts/run_gate.sh	2026-09-04T18:03:25.4998720Z  + cffi==2.1.1
test (macos-latest, 3.11)	Run scripts/run_gate.sh	2026-09-04T18:03:25.4999380Z  + charset-normalizer==3.5.1
test (macos-latest, 3.11)	Run scripts/run_gate.sh	2026-09-04T18:03:25.4999960Z  + click==8.4.2
test (macos-latest, 3.11)	Run scripts/run_gate.sh	2026-09-04T18:03:25.5000630Z  + cryptography==49.0.0
test (macos-latest, 3.11)	Run scripts/run_gate.sh	2026-09-04T18:03:25.5000930Z  + h11==0.16.0
test (macos-latest, 3.11)	Run scripts/run_gate.sh	2026-09-04T18:03:25.5001150Z  + httpcore==1.0.9
test (macos-latest, 3.11)	Run scripts/run_gate.sh	2026-09-04T18:03:25.5001410Z  + httpx==0.25.2
test (macos-latest, 3.11)	Run scripts/run_gate.sh	2026-09-04T18:03:25.5001650Z  + idna==3.19
test (macos-latest, 3.11)	Run scripts/run_gate.sh	2026-09-04T18:03:25.5001960Z  + iniconfig==2.3.0
test (macos-latest, 3.11)	Run scripts/run_gate.sh	2026-09-04T18:03:25.5002230Z  + joblib==1.5.3
test (macos-latest, 3.11)	Run scripts/run_gate.sh	2026-09-04T18:03:25.5002470Z  + jsonschema==4.26.0
test (macos-latest, 3.11)	Run scripts/run_gate.sh	2026-09-04T18:03:25.5002720Z  + jsonschema-specifications==2025.9.1
test (macos-latest, 3.11)	Run scripts/run_gate.sh	2026-09-04T18:03:25.5003330Z  + lxml==6.1.2
test (macos-latest, 3.11)	Run scripts/run_gate.sh	2026-09-04T18:03:25.5004010Z  + mootdx==0.11.7
test (macos-latest, 3.11)	Run scripts/run_gate.sh	2026-09-04T18:03:25.5004510Z  + narwhals==2.25.0
test (macos-latest, 3.11)	Run scripts/run_gate.sh	2026-09-04T18:03:25.5005120Z  + numpy==2.4.6
test (macos-latest, 3.11)	Run scripts/run_gate.sh	2026-09-04T18:03:25.5005640Z  + packaging==26.3
test (macos-latest, 3.11)	Run scripts/run_gate.sh	2026-09-04T18:03:25.5006120Z  + pandas==2.3.3
test (macos-latest, 3.11)	Run scripts/run_gate.sh	2026-09-04T18:03:25.5006550Z  + pluggy==1.6.0
test (macos-latest, 3.11)	Run scripts/run_gate.sh	2026-09-04T18:03:25.5007140Z  + prettytable==3.18.0
test (macos-latest, 3.11)	Run scripts/run_gate.sh	2026-09-04T18:03:25.5007690Z  + py-mini-racer==0.6.0
test (macos-latest, 3.11)	Run scripts/run_gate.sh	2026-09-04T18:03:25.5008320Z  + pyarrow==25.0.1
test (macos-latest, 3.11)	Run scripts/run_gate.sh	2026-09-04T18:03:25.5008880Z  + pycparser==3.0
test (macos-latest, 3.11)	Run scripts/run_gate.sh	2026-09-04T18:03:25.5009410Z  + pygments==2.21.0
test (macos-latest, 3.11)	Run scripts/run_gate.sh	2026-09-04T18:03:25.5009990Z  + pytest==9.1.1
test (macos-latest, 3.11)	Run scripts/run_gate.sh	2026-09-04T18:03:25.5010610Z  + python-dateutil==2.9.0.post0
test (macos-latest, 3.11)	Run scripts/run_gate.sh	2026-09-04T18:03:25.5011740Z  + pytz==2026.3.post1
test (macos-latest, 3.11)	Run scripts/run_gate.sh	2026-09-04T18:03:25.5012090Z  + pyyaml==6.0.3
test (macos-latest, 3.11)	Run scripts/run_gate.sh	2026-09-04T18:03:25.5012290Z  + referencing==0.37.0
test (macos-latest, 3.11)	Run scripts/run_gate.sh	2026-09-04T18:03:25.5018390Z  + requests==2.34.2
test (macos-latest, 3.11)	Run scripts/run_gate.sh	2026-09-04T18:03:25.5018890Z  + rpds-py==2026.6.3
test (macos-latest, 3.11)	Run scripts/run_gate.sh	2026-09-04T18:03:25.5019340Z  + scikit-learn==1.9.0
test (macos-latest, 3.11)	Run scripts/run_gate.sh	2026-09-04T18:03:25.5019590Z  + scipy==1.17.1
test (macos-latest, 3.11)	Run scripts/run_gate.sh	2026-09-04T18:03:25.5019880Z  + simplejson==4.1.1
test (macos-latest, 3.11)	Run scripts/run_gate.sh	2026-09-04T18:03:25.5020130Z  + six==1.17.0
test (macos-latest, 3.11)	Run scripts/run_gate.sh	2026-09-04T18:03:25.5020500Z  + sniffio==1.3.1
test (macos-latest, 3.11)	Run scripts/run_gate.sh	2026-09-04T18:03:25.5020780Z  + soupsieve==2.9.2
test (macos-latest, 3.11)	Run scripts/run_gate.sh	2026-09-04T18:03:25.5021070Z  + tdxpy==0.2.7
test (macos-latest, 3.11)	Run scripts/run_gate.sh	2026-09-04T18:03:25.5021400Z  + tenacity==8.5.0
test (macos-latest, 3.11)	Run scripts/run_gate.sh	2026-09-04T18:03:25.5021640Z  + threadpoolctl==3.6.0
test (macos-latest, 3.11)	Run scripts/run_gate.sh	2026-09-04T18:03:25.5021860Z  + tqdm==4.70.0
test (macos-latest, 3.11)	Run scripts/run_gate.sh	2026-09-04T18:03:25.5022100Z  + tushare==1.4.29
test (macos-latest, 3.11)	Run scripts/run_gate.sh	2026-09-04T18:03:25.5022410Z  + typing-extensions==4.16.0
test (macos-latest, 3.11)	Run scripts/run_gate.sh	2026-09-04T18:03:25.5022750Z  + tzdata==2026.3
test (macos-latest, 3.11)	Run scripts/run_gate.sh	2026-09-04T18:03:25.5023180Z  + unified-quant==0.1.0 (from file:///Users/runner/work/unified-quant/unified-quant)
test (macos-latest, 3.11)	Run scripts/run_gate.sh	2026-09-04T18:03:25.5023630Z  + urllib3==2.7.0
test (macos-latest, 3.11)	Run scripts/run_gate.sh	2026-09-04T18:03:25.5023890Z  + wcwidth==0.8.2
test (macos-latest, 3.11)	Run scripts/run_gate.sh	2026-09-04T18:03:25.5024090Z  + websocket-client==1.9.0
test (macos-latest, 3.11)	Run scripts/run_gate.sh	2026-09-04T18:03:30.6273910Z ........................................................................ [ 17%]
test (macos-latest, 3.11)	Run scripts/run_gate.sh	2026-09-04T18:03:32.3714090Z ........................................................................ [ 34%]
test (macos-latest, 3.11)	Run scripts/run_gate.sh	2026-09-04T18:03:33.3737840Z ......s................................................................. [ 51%]
test (macos-latest, 3.11)	Run scripts/run_gate.sh	2026-09-04T18:03:34.0331100Z ................................................................sssssss. [ 68%]
test (macos-latest, 3.11)	Run scripts/run_gate.sh	2026-09-04T18:03:35.7852330Z .s...ss................................................................. [ 86%]
test (macos-latest, 3.11)	Run scripts/run_gate.sh	2026-09-04T18:03:37.1889490Z ..........................................................               [100%]
test (macos-latest, 3.11)	Run scripts/run_gate.sh	2026-09-04T18:03:37.1890190Z =============================== warnings summary ===============================
test (macos-latest, 3.11)	Run scripts/run_gate.sh	2026-09-04T18:03:37.1891080Z tests/test_release_acceptance.py::test_null_rate_threshold_rejects_publication
test (macos-latest, 3.11)	Run scripts/run_gate.sh	2026-09-04T18:03:37.1891860Z tests/test_release_acceptance.py::test_null_rate_threshold_rejects_publication
test (macos-latest, 3.11)	Run scripts/run_gate.sh	2026-09-04T18:03:37.1892510Z tests/test_release_acceptance.py::test_null_rate_threshold_rejects_publication
test (macos-latest, 3.11)	Run scripts/run_gate.sh	2026-09-04T18:03:37.1893380Z tests/test_release_acceptance.py::test_null_rate_threshold_rejects_publication
test (macos-latest, 3.11)	Run scripts/run_gate.sh	2026-09-04T18:03:37.1893890Z tests/test_release_acceptance.py::test_null_rate_threshold_rejects_publication
test (macos-latest, 3.11)	Run scripts/run_gate.sh	2026-09-04T18:03:37.1925910Z tests/test_release_acceptance.py::test_null_rate_threshold_rejects_publication
test (macos-latest, 3.11)	Run scripts/run_gate.sh	2026-09-04T18:03:37.1927290Z   /Users/runner/work/unified-quant/unified-quant/src/uq/factors/raw_price.py:49: FutureWarning: Downcasting object dtype arrays on .fillna, .ffill, .bfill is deprecated and will change in a future version. Call result.infer_objects(copy=False) instead. To opt-in to the future behavior, set `pd.set_option('future.no_silent_downcasting', True)`
test (macos-latest, 3.11)	Run scripts/run_gate.sh	2026-09-04T18:03:37.1929320Z     normalized = frame[columns].round(12).fillna(-0.0).replace([np.inf, -np.inf], np.nan).round(12)
test (macos-latest, 3.11)	Run scripts/run_gate.sh	2026-09-04T18:03:37.1929670Z 
test (macos-latest, 3.11)	Run scripts/run_gate.sh	2026-09-04T18:03:37.1929940Z -- Docs: https://docs.pytest.org/en/stable/how-to/capture-warnings.html
test (macos-latest, 3.11)	Run scripts/run_gate.sh	2026-09-04T18:03:37.1930330Z 407 passed, 11 skipped, 6 warnings in 10.89s
test (macos-latest, 3.11)	Run scripts/run_gate.sh	2026-09-04T18:03:37.6758700Z gate report: /Users/runner/work/unified-quant/unified-quant/.gate/gate-report.json
test (macos-latest, 3.11)	Run uv run --no-sync python -c "import uq.adapters.mootdx_source, uq.adapters.tushare_free; print('real imports ok')"	﻿2026-09-04T18:03:37.6824420Z ##[group]Run uv run --no-sync python -c "import uq.adapters.mootdx_source, uq.adapters.tushare_free; print('real imports ok')"
test (macos-latest, 3.11)	Run uv run --no-sync python -c "import uq.adapters.mootdx_source, uq.adapters.tushare_free; print('real imports ok')"	2026-09-04T18:03:37.6825420Z ^[[36;1muv run --no-sync python -c "import uq.adapters.mootdx_source, uq.adapters.tushare_free; print('real imports ok')"^[[0m
test (macos-latest, 3.11)	Run uv run --no-sync python -c "import uq.adapters.mootdx_source, uq.adapters.tushare_free; print('real imports ok')"	2026-09-04T18:03:37.6880640Z shell: /bin/bash -e {0}
test (macos-latest, 3.11)	Run uv run --no-sync python -c "import uq.adapters.mootdx_source, uq.adapters.tushare_free; print('real imports ok')"	2026-09-04T18:03:37.6881450Z env:
test (macos-latest, 3.11)	Run uv run --no-sync python -c "import uq.adapters.mootdx_source, uq.adapters.tushare_free; print('real imports ok')"	2026-09-04T18:03:37.6882180Z   pythonLocation: /Users/runner/hostedtoolcache/Python/3.11.9/arm64
test (macos-latest, 3.11)	Run uv run --no-sync python -c "import uq.adapters.mootdx_source, uq.adapters.tushare_free; print('real imports ok')"	2026-09-04T18:03:37.6882710Z   PKG_CONFIG_PATH: /Users/runner/hostedtoolcache/Python/3.11.9/arm64/lib/pkgconfig
test (macos-latest, 3.11)	Run uv run --no-sync python -c "import uq.adapters.mootdx_source, uq.adapters.tushare_free; print('real imports ok')"	2026-09-04T18:03:37.6883240Z   Python_ROOT_DIR: /Users/runner/hostedtoolcache/Python/3.11.9/arm64
test (macos-latest, 3.11)	Run uv run --no-sync python -c "import uq.adapters.mootdx_source, uq.adapters.tushare_free; print('real imports ok')"	2026-09-04T18:03:37.6883670Z   Python2_ROOT_DIR: /Users/runner/hostedtoolcache/Python/3.11.9/arm64
test (macos-latest, 3.11)	Run uv run --no-sync python -c "import uq.adapters.mootdx_source, uq.adapters.tushare_free; print('real imports ok')"	2026-09-04T18:03:37.6884050Z   Python3_ROOT_DIR: /Users/runner/hostedtoolcache/Python/3.11.9/arm64
test (macos-latest, 3.11)	Run uv run --no-sync python -c "import uq.adapters.mootdx_source, uq.adapters.tushare_free; print('real imports ok')"	2026-09-04T18:03:37.6885200Z   UV_CACHE_DIR: /Users/runner/work/_temp/setup-uv-cache
test (macos-latest, 3.11)	Run uv run --no-sync python -c "import uq.adapters.mootdx_source, uq.adapters.tushare_free; print('real imports ok')"	2026-09-04T18:03:37.6885550Z ##[endgroup]
test (macos-latest, 3.11)	Run uv run --no-sync python -c "import uq.adapters.mootdx_source, uq.adapters.tushare_free; print('real imports ok')"	2026-09-04T18:03:38.2220100Z real imports ok
test (macos-latest, 3.11)	Record certified environment cell	﻿2026-09-04T18:03:38.3276670Z ##[group]Run mkdir -p .gate/certification
test (macos-latest, 3.11)	Record certified environment cell	2026-09-04T18:03:38.3277110Z ^[[36;1mmkdir -p .gate/certification^[[0m
test (macos-latest, 3.11)	Record certified environment cell	2026-09-04T18:03:38.3277460Z ^[[36;1mprintf '%s\n' "macos-latest/3.11" > .gate/certification/environment-cell.txt^[[0m
test (macos-latest, 3.11)	Record certified environment cell	2026-09-04T18:03:38.3317350Z shell: /bin/bash -e {0}
test (macos-latest, 3.11)	Record certified environment cell	2026-09-04T18:03:38.3317770Z env:
test (macos-latest, 3.11)	Record certified environment cell	2026-09-04T18:03:38.3318100Z   pythonLocation: /Users/runner/hostedtoolcache/Python/3.11.9/arm64
test (macos-latest, 3.11)	Record certified environment cell	2026-09-04T18:03:38.3318730Z   PKG_CONFIG_PATH: /Users/runner/hostedtoolcache/Python/3.11.9/arm64/lib/pkgconfig
test (macos-latest, 3.11)	Record certified environment cell	2026-09-04T18:03:38.3319200Z   Python_ROOT_DIR: /Users/runner/hostedtoolcache/Python/3.11.9/arm64
test (macos-latest, 3.11)	Record certified environment cell	2026-09-04T18:03:38.3319800Z   Python2_ROOT_DIR: /Users/runner/hostedtoolcache/Python/3.11.9/arm64
test (macos-latest, 3.11)	Record certified environment cell	2026-09-04T18:03:38.3320320Z   Python3_ROOT_DIR: /Users/runner/hostedtoolcache/Python/3.11.9/arm64
test (macos-latest, 3.11)	Record certified environment cell	2026-09-04T18:03:38.3320890Z   UV_CACHE_DIR: /Users/runner/work/_temp/setup-uv-cache
test (macos-latest, 3.11)	Record certified environment cell	2026-09-04T18:03:38.3321200Z ##[endgroup]
test (macos-latest, 3.11)	Run actions/upload-artifact@v4	﻿2026-09-04T18:03:38.4118320Z Node 20 is being deprecated. This workflow is running with Node 24 by default. If you need to temporarily use Node 20, you can set the ACTIONS_ALLOW_USE_UNSECURE_NODE_VERSION=true environment variable. For more information see: https://github.blog/changelog/2025-09-19-deprecation-of-node-20-on-github-actions-runners/
test (macos-latest, 3.11)	Run actions/upload-artifact@v4	2026-09-04T18:03:38.4119690Z ##[group]Run actions/upload-artifact@v4
test (macos-latest, 3.11)	Run actions/upload-artifact@v4	2026-09-04T18:03:38.4119980Z with:
test (macos-latest, 3.11)	Run actions/upload-artifact@v4	2026-09-04T18:03:38.4120220Z   name: gate-report-macos-latest-3.11
test (macos-latest, 3.11)	Run actions/upload-artifact@v4	2026-09-04T18:03:38.4120900Z   path: .gate/gate-report.json
test (macos-latest, 3.11)	Run actions/upload-artifact@v4	.gate/requirements.lock.txt
test (macos-latest, 3.11)	Run actions/upload-artifact@v4	.gate/requirements.lock.txt.sha256
test (macos-latest, 3.11)	Run actions/upload-artifact@v4	.gate/certification/environment-cell.txt
test (macos-latest, 3.11)	Run actions/upload-artifact@v4	
test (macos-latest, 3.11)	Run actions/upload-artifact@v4	2026-09-04T18:03:38.4121440Z   if-no-files-found: error
test (macos-latest, 3.11)	Run actions/upload-artifact@v4	2026-09-04T18:03:38.4121680Z   compression-level: 6
test (macos-latest, 3.11)	Run actions/upload-artifact@v4	2026-09-04T18:03:38.4121860Z   overwrite: false
test (macos-latest, 3.11)	Run actions/upload-artifact@v4	2026-09-04T18:03:38.4122230Z   include-hidden-files: false
test (macos-latest, 3.11)	Run actions/upload-artifact@v4	2026-09-04T18:03:38.4122470Z env:
test (macos-latest, 3.11)	Run actions/upload-artifact@v4	2026-09-04T18:03:38.4122740Z   pythonLocation: /Users/runner/hostedtoolcache/Python/3.11.9/arm64
test (macos-latest, 3.11)	Run actions/upload-artifact@v4	2026-09-04T18:03:38.4123290Z   PKG_CONFIG_PATH: /Users/runner/hostedtoolcache/Python/3.11.9/arm64/lib/pkgconfig
test (macos-latest, 3.11)	Run actions/upload-artifact@v4	2026-09-04T18:03:38.4123790Z   Python_ROOT_DIR: /Users/runner/hostedtoolcache/Python/3.11.9/arm64
test (macos-latest, 3.11)	Run actions/upload-artifact@v4	2026-09-04T18:03:38.4124270Z   Python2_ROOT_DIR: /Users/runner/hostedtoolcache/Python/3.11.9/arm64
test (macos-latest, 3.11)	Run actions/upload-artifact@v4	2026-09-04T18:03:38.4124780Z   Python3_ROOT_DIR: /Users/runner/hostedtoolcache/Python/3.11.9/arm64
test (macos-latest, 3.11)	Run actions/upload-artifact@v4	2026-09-04T18:03:38.4125280Z   UV_CACHE_DIR: /Users/runner/work/_temp/setup-uv-cache
test (macos-latest, 3.11)	Run actions/upload-artifact@v4	2026-09-04T18:03:38.4198220Z ##[endgroup]
test (macos-latest, 3.11)	Run actions/upload-artifact@v4	2026-09-04T18:03:38.7313740Z (node:1452) [DEP0040] DeprecationWarning: The `punycode` module is deprecated. Please use a userland alternative instead.
test (macos-latest, 3.11)	Run actions/upload-artifact@v4	2026-09-04T18:03:38.7317320Z (Use `node --trace-deprecation ...` to show where the warning was created)
test (macos-latest, 3.11)	Run actions/upload-artifact@v4	2026-09-04T18:03:38.7410910Z Multiple search paths detected. Calculating the least common ancestor of all paths
test (macos-latest, 3.11)	Run actions/upload-artifact@v4	2026-09-04T18:03:38.7414530Z The least common ancestor is /Users/runner/work/unified-quant/unified-quant/.gate. This will be the root directory of the artifact
test (macos-latest, 3.11)	Run actions/upload-artifact@v4	2026-09-04T18:03:38.7416190Z With the provided path, there will be 4 files uploaded
test (macos-latest, 3.11)	Run actions/upload-artifact@v4	2026-09-04T18:03:38.7420230Z Artifact name is valid!
test (macos-latest, 3.11)	Run actions/upload-artifact@v4	2026-09-04T18:03:38.7427830Z Root directory input is valid!
test (macos-latest, 3.11)	Run actions/upload-artifact@v4	2026-09-04T18:03:39.1750000Z Beginning upload of artifact content to blob storage
test (macos-latest, 3.11)	Run actions/upload-artifact@v4	2026-09-04T18:03:39.1968960Z (node:1452) [DEP0169] DeprecationWarning: `url.parse()` behavior is not standardized and prone to errors that have security implications. Use the WHATWG URL API instead. CVEs are not issued for `url.parse()` vulnerabilities.
test (macos-latest, 3.11)	Run actions/upload-artifact@v4	2026-09-04T18:03:39.4850200Z Uploaded bytes 1996
test (macos-latest, 3.11)	Run actions/upload-artifact@v4	2026-09-04T18:03:39.5611940Z Finished uploading artifact content to blob storage!
test (macos-latest, 3.11)	Run actions/upload-artifact@v4	2026-09-04T18:03:39.5612990Z SHA256 digest of uploaded artifact zip is 5cf94af238c8b0b0154fa14fa17703884f103e91275d93fcfbe48fec298873c2
test (macos-latest, 3.11)	Run actions/upload-artifact@v4	2026-09-04T18:03:39.5619740Z Finalizing artifact upload
test (macos-latest, 3.11)	Run actions/upload-artifact@v4	2026-09-04T18:03:39.8682080Z Artifact gate-report-macos-latest-3.11.zip successfully finalized. Artifact ID 9948659144
test (macos-latest, 3.11)	Run actions/upload-artifact@v4	2026-09-04T18:03:39.8684220Z Artifact gate-report-macos-latest-3.11 has been successfully uploaded! Final size is 1996 bytes. Artifact ID is 9948659144
test (macos-latest, 3.11)	Run actions/upload-artifact@v4	2026-09-04T18:03:39.8906740Z Artifact download URL: https://github.com/ljheee/unified-quant/actions/runs/33903807546/artifacts/9948659144
test (macos-latest, 3.11)	Post Run astral-sh/setup-uv@v3	﻿2026-09-04T18:03:39.9099890Z Node 20 is being deprecated. This workflow is running with Node 24 by default. If you need to temporarily use Node 20, you can set the ACTIONS_ALLOW_USE_UNSECURE_NODE_VERSION=true environment variable. For more information see: https://github.blog/changelog/2025-09-19-deprecation-of-node-20-on-github-actions-runners/
test (macos-latest, 3.11)	Post Run astral-sh/setup-uv@v3	2026-09-04T18:03:39.9101100Z Post job cleanup.
test (macos-latest, 3.11)	Post Run actions/setup-python@v5	﻿2026-09-04T18:03:40.0680370Z Node 20 is being deprecated. This workflow is running with Node 24 by default. If you need to temporarily use Node 20, you can set the ACTIONS_ALLOW_USE_UNSECURE_NODE_VERSION=true environment variable. For more information see: https://github.blog/changelog/2025-09-19-deprecation-of-node-20-on-github-actions-runners/
test (macos-latest, 3.11)	Post Run actions/setup-python@v5	2026-09-04T18:03:40.0683730Z Post job cleanup.
test (macos-latest, 3.11)	Post Run actions/setup-python@v5	2026-09-04T18:03:40.2379740Z (node:1500) [DEP0040] DeprecationWarning: The `punycode` module is deprecated. Please use a userland alternative instead.
test (macos-latest, 3.11)	Post Run actions/setup-python@v5	2026-09-04T18:03:40.2380510Z (Use `node --trace-deprecation ...` to show where the warning was created)
test (macos-latest, 3.11)	Post Run actions/checkout@v4	﻿2026-09-04T18:03:40.2534070Z Node 20 is being deprecated. This workflow is running with Node 24 by default. If you need to temporarily use Node 20, you can set the ACTIONS_ALLOW_USE_UNSECURE_NODE_VERSION=true environment variable. For more information see: https://github.blog/changelog/2025-09-19-deprecation-of-node-20-on-github-actions-runners/
test (macos-latest, 3.11)	Post Run actions/checkout@v4	2026-09-04T18:03:40.2535230Z Post job cleanup.
test (macos-latest, 3.11)	Post Run actions/checkout@v4	2026-09-04T18:03:40.3631390Z [command]/opt/homebrew/bin/git version
test (macos-latest, 3.11)	Post Run actions/checkout@v4	2026-09-04T18:03:40.3698430Z git version 2.55.0
test (macos-latest, 3.11)	Post Run actions/checkout@v4	2026-09-04T18:03:40.3719990Z Copying '/Users/runner/.gitconfig' to '/Users/runner/work/_temp/201ade08-96d1-475d-8ccf-eaf4d09c1265/.gitconfig'
test (macos-latest, 3.11)	Post Run actions/checkout@v4	2026-09-04T18:03:40.3730240Z Temporarily overriding HOME='/Users/runner/work/_temp/201ade08-96d1-475d-8ccf-eaf4d09c1265' before making global git config changes
test (macos-latest, 3.11)	Post Run actions/checkout@v4	2026-09-04T18:03:40.3731940Z Adding repository directory to the temporary git global config as a safe directory
test (macos-latest, 3.11)	Post Run actions/checkout@v4	2026-09-04T18:03:40.3733660Z [command]/opt/homebrew/bin/git config --global --add safe.directory /Users/runner/work/unified-quant/unified-quant
test (macos-latest, 3.11)	Post Run actions/checkout@v4	2026-09-04T18:03:40.3819820Z [command]/opt/homebrew/bin/git config --local --name-only --get-regexp core\.sshCommand
test (macos-latest, 3.11)	Post Run actions/checkout@v4	2026-09-04T18:03:40.3906160Z [command]/opt/homebrew/bin/git submodule foreach --recursive sh -c "git config --local --name-only --get-regexp 'core\.sshCommand' && git config --local --unset-all 'core.sshCommand' || :"
test (macos-latest, 3.11)	Post Run actions/checkout@v4	2026-09-04T18:03:40.5128210Z [command]/opt/homebrew/bin/git config --local --name-only --get-regexp http\.https\:\/\/github\.com\/\.extraheader
test (macos-latest, 3.11)	Post Run actions/checkout@v4	2026-09-04T18:03:40.5194910Z http.https://github.com/.extraheader
test (macos-latest, 3.11)	Post Run actions/checkout@v4	2026-09-04T18:03:40.5206070Z [command]/opt/homebrew/bin/git config --local --unset-all http.https://github.com/.extraheader
test (macos-latest, 3.11)	Post Run actions/checkout@v4	2026-09-04T18:03:40.5315490Z [command]/opt/homebrew/bin/git submodule foreach --recursive sh -c "git config --local --name-only --get-regexp 'http\.https\:\/\/github\.com\/\.extraheader' && git config --local --unset-all 'http.https://github.com/.extraheader' || :"
test (macos-latest, 3.11)	Post Run actions/checkout@v4	2026-09-04T18:03:40.6138150Z [command]/opt/homebrew/bin/git config --local --name-only --get-regexp ^includeIf\.gitdir:
test (macos-latest, 3.11)	Post Run actions/checkout@v4	2026-09-04T18:03:40.6201100Z [command]/opt/homebrew/bin/git submodule foreach --recursive git config --local --show-origin --name-only --get-regexp remote.origin.url
test (macos-latest, 3.11)	Complete job	﻿2026-09-04T18:03:40.7145940Z Cleaning up orphan processes
test (macos-latest, 3.11)	Complete job	2026-09-04T18:03:40.9836800Z ##[warning]Node.js 20 is deprecated. The following actions target Node.js 20 but are being forced to run on Node.js 24: actions/checkout@v4, actions/setup-python@v5, actions/upload-artifact@v4, astral-sh/setup-uv@v3. For more information see: https://github.blog/changelog/2025-09-19-deprecation-of-node-20-on-github-actions-runners/
test (macos-latest, 3.12)	Set up job	﻿2026-09-04T18:03:11.3026680Z Current runner version: '2.337.0'
test (macos-latest, 3.12)	Set up job	2026-09-04T18:03:11.3078660Z ##[group]Runner Image Provisioner
test (macos-latest, 3.12)	Set up job	2026-09-04T18:03:11.3080320Z Hosted Compute Agent
test (macos-latest, 3.12)	Set up job	2026-09-04T18:03:11.3081340Z Version: 20260707.563
test (macos-latest, 3.12)	Set up job	2026-09-04T18:03:11.3082600Z Commit: 02667638d2b423fbc733a8e32a88b44996a3ba6e
test (macos-latest, 3.12)	Set up job	2026-09-04T18:03:11.3083880Z Build Date: 2026-07-07T19:33:50Z
test (macos-latest, 3.12)	Set up job	2026-09-04T18:03:11.3085250Z Worker ID: {c5bfa323-a316-4bd8-a94f-d5268e4b09a2}
test (macos-latest, 3.12)	Set up job	2026-09-04T18:03:11.3086540Z Azure Region: westus
test (macos-latest, 3.12)	Set up job	2026-09-04T18:03:11.3087560Z ##[endgroup]
test (macos-latest, 3.12)	Set up job	2026-09-04T18:03:11.3092700Z ##[group]Operating System
test (macos-latest, 3.12)	Set up job	2026-09-04T18:03:11.3094160Z macOS
test (macos-latest, 3.12)	Set up job	2026-09-04T18:03:11.3095260Z 26.5.2
test (macos-latest, 3.12)	Set up job	2026-09-04T18:03:11.3095960Z 25F84
test (macos-latest, 3.12)	Set up job	2026-09-04T18:03:11.3096340Z ##[endgroup]
test (macos-latest, 3.12)	Set up job	2026-09-04T18:03:11.3096790Z ##[group]Runner Image
test (macos-latest, 3.12)	Set up job	2026-09-04T18:03:11.3097220Z Image: macos-26-arm64
test (macos-latest, 3.12)	Set up job	2026-09-04T18:03:11.3097610Z Version: 20260728.0273.1
test (macos-latest, 3.12)	Set up job	2026-09-04T18:03:11.3099470Z Included Software: https://github.com/actions/runner-images/blob/macos-26-arm64/20260728.0273/images/macos/macos-26-arm64-Readme.md
test (macos-latest, 3.12)	Set up job	2026-09-04T18:03:11.3101070Z Image Release: https://github.com/actions/runner-images/releases/tag/macos-26-arm64%2F20260728.0273
test (macos-latest, 3.12)	Set up job	2026-09-04T18:03:11.3101810Z ##[endgroup]
test (macos-latest, 3.12)	Set up job	2026-09-04T18:03:11.3102710Z ##[group]GITHUB_TOKEN Permissions
test (macos-latest, 3.12)	Set up job	2026-09-04T18:03:11.3105110Z Contents: read
test (macos-latest, 3.12)	Set up job	2026-09-04T18:03:11.3105480Z Metadata: read
test (macos-latest, 3.12)	Set up job	2026-09-04T18:03:11.3105830Z Packages: read
test (macos-latest, 3.12)	Set up job	2026-09-04T18:03:11.3107150Z ##[endgroup]
test (macos-latest, 3.12)	Set up job	2026-09-04T18:03:11.3110230Z Secret source: Actions
test (macos-latest, 3.12)	Set up job	2026-09-04T18:03:11.3111120Z Prepare workflow directory
test (macos-latest, 3.12)	Set up job	2026-09-04T18:03:11.3523670Z Prepare all required actions
test (macos-latest, 3.12)	Set up job	2026-09-04T18:03:11.3595950Z Getting action download info
test (macos-latest, 3.12)	Set up job	2026-09-04T18:03:11.5517610Z Download action repository 'actions/checkout@v4' (SHA:11d5960a326750d5838078e36cf38b85af677262)
test (macos-latest, 3.12)	Set up job	2026-09-04T18:03:11.7890570Z Download action repository 'actions/setup-python@v5' (SHA:a26af69be951a213d495a4c3e4e4022e16d87065)
test (macos-latest, 3.12)	Set up job	2026-09-04T18:03:11.8978740Z Download action repository 'astral-sh/setup-uv@v3' (SHA:caf0cab7a618c569241d31dcd442f54681755d39)
test (macos-latest, 3.12)	Set up job	2026-09-04T18:03:13.0577170Z Download action repository 'actions/upload-artifact@v4' (SHA:ea165f8d65b6e75b540449e92b4886f43607fa02)
test (macos-latest, 3.12)	Set up job	2026-09-04T18:03:13.3615500Z Complete job name: test (macos-latest, 3.12)
test (macos-latest, 3.12)	Run actions/checkout@v4	﻿2026-09-04T18:03:13.4168640Z Node 20 is being deprecated. This workflow is running with Node 24 by default. If you need to temporarily use Node 20, you can set the ACTIONS_ALLOW_USE_UNSECURE_NODE_VERSION=true environment variable. For more information see: https://github.blog/changelog/2025-09-19-deprecation-of-node-20-on-github-actions-runners/
test (macos-latest, 3.12)	Run actions/checkout@v4	2026-09-04T18:03:13.4176170Z ##[group]Run actions/checkout@v4
test (macos-latest, 3.12)	Run actions/checkout@v4	2026-09-04T18:03:13.4176710Z with:
test (macos-latest, 3.12)	Run actions/checkout@v4	2026-09-04T18:03:13.4177050Z   repository: ljheee/unified-quant
test (macos-latest, 3.12)	Run actions/checkout@v4	2026-09-04T18:03:13.4180250Z   token: ***
test (macos-latest, 3.12)	Run actions/checkout@v4	2026-09-04T18:03:13.4180570Z   ssh-strict: true
test (macos-latest, 3.12)	Run actions/checkout@v4	2026-09-04T18:03:13.4180910Z   ssh-user: git
test (macos-latest, 3.12)	Run actions/checkout@v4	2026-09-04T18:03:13.4181300Z   persist-credentials: true
test (macos-latest, 3.12)	Run actions/checkout@v4	2026-09-04T18:03:13.4181720Z   clean: true
test (macos-latest, 3.12)	Run actions/checkout@v4	2026-09-04T18:03:13.4182150Z   sparse-checkout-cone-mode: true
test (macos-latest, 3.12)	Run actions/checkout@v4	2026-09-04T18:03:13.4182880Z   fetch-depth: 1
test (macos-latest, 3.12)	Run actions/checkout@v4	2026-09-04T18:03:13.4183260Z   fetch-tags: false
test (macos-latest, 3.12)	Run actions/checkout@v4	2026-09-04T18:03:13.4183640Z   show-progress: true
test (macos-latest, 3.12)	Run actions/checkout@v4	2026-09-04T18:03:13.4184060Z   lfs: false
test (macos-latest, 3.12)	Run actions/checkout@v4	2026-09-04T18:03:13.4184370Z   submodules: false
test (macos-latest, 3.12)	Run actions/checkout@v4	2026-09-04T18:03:13.4184790Z   set-safe-directory: true
test (macos-latest, 3.12)	Run actions/checkout@v4	2026-09-04T18:03:13.4185180Z   allow-unsafe-pr-checkout: false
test (macos-latest, 3.12)	Run actions/checkout@v4	2026-09-04T18:03:13.4185920Z ##[endgroup]
test (macos-latest, 3.12)	Run actions/checkout@v4	2026-09-04T18:03:13.9804690Z Syncing repository: ljheee/unified-quant
test (macos-latest, 3.12)	Run actions/checkout@v4	2026-09-04T18:03:13.9806810Z ##[group]Getting Git version info
test (macos-latest, 3.12)	Run actions/checkout@v4	2026-09-04T18:03:13.9808240Z Working directory is '/Users/runner/work/unified-quant/unified-quant'
test (macos-latest, 3.12)	Run actions/checkout@v4	2026-09-04T18:03:13.9809580Z [command]/opt/homebrew/bin/git version
test (macos-latest, 3.12)	Run actions/checkout@v4	2026-09-04T18:03:14.0139270Z git version 2.55.0
test (macos-latest, 3.12)	Run actions/checkout@v4	2026-09-04T18:03:14.0153810Z ##[endgroup]
test (macos-latest, 3.12)	Run actions/checkout@v4	2026-09-04T18:03:14.0166820Z Copying '/Users/runner/.gitconfig' to '/Users/runner/work/_temp/875be05a-8f06-4e3d-a6be-009691c43636/.gitconfig'
test (macos-latest, 3.12)	Run actions/checkout@v4	2026-09-04T18:03:14.0172250Z Temporarily overriding HOME='/Users/runner/work/_temp/875be05a-8f06-4e3d-a6be-009691c43636' before making global git config changes
test (macos-latest, 3.12)	Run actions/checkout@v4	2026-09-04T18:03:14.0178410Z Adding repository directory to the temporary git global config as a safe directory
test (macos-latest, 3.12)	Run actions/checkout@v4	2026-09-04T18:03:14.0182870Z [command]/opt/homebrew/bin/git config --global --add safe.directory /Users/runner/work/unified-quant/unified-quant
test (macos-latest, 3.12)	Run actions/checkout@v4	2026-09-04T18:03:14.0333070Z Deleting the contents of '/Users/runner/work/unified-quant/unified-quant'
test (macos-latest, 3.12)	Run actions/checkout@v4	2026-09-04T18:03:14.0343210Z ##[group]Initializing the repository
test (macos-latest, 3.12)	Run actions/checkout@v4	2026-09-04T18:03:14.0353440Z [command]/opt/homebrew/bin/git init /Users/runner/work/unified-quant/unified-quant
test (macos-latest, 3.12)	Run actions/checkout@v4	2026-09-04T18:03:14.0732790Z hint: Using 'master' as the name for the initial branch. This default branch name
test (macos-latest, 3.12)	Run actions/checkout@v4	2026-09-04T18:03:14.0743120Z hint: will change to "main" in Git 3.0. To configure the initial branch name
test (macos-latest, 3.12)	Run actions/checkout@v4	2026-09-04T18:03:14.0748090Z hint: to use in all of your new repositories, which will suppress this warning,
test (macos-latest, 3.12)	Run actions/checkout@v4	2026-09-04T18:03:14.0751620Z hint: call:
test (macos-latest, 3.12)	Run actions/checkout@v4	2026-09-04T18:03:14.0753400Z hint:
test (macos-latest, 3.12)	Run actions/checkout@v4	2026-09-04T18:03:14.0755650Z hint: 	git config --global init.defaultBranch <name>
test (macos-latest, 3.12)	Run actions/checkout@v4	2026-09-04T18:03:14.0765340Z hint:
test (macos-latest, 3.12)	Run actions/checkout@v4	2026-09-04T18:03:14.0767830Z hint: Names commonly chosen instead of 'master' are 'main', 'trunk' and
test (macos-latest, 3.12)	Run actions/checkout@v4	2026-09-04T18:03:14.0771730Z hint: 'development'. The just-created branch can be renamed via this command:
test (macos-latest, 3.12)	Run actions/checkout@v4	2026-09-04T18:03:14.0774170Z hint:
test (macos-latest, 3.12)	Run actions/checkout@v4	2026-09-04T18:03:14.0775060Z hint: 	git branch -m <name>
test (macos-latest, 3.12)	Run actions/checkout@v4	2026-09-04T18:03:14.0776340Z hint:
test (macos-latest, 3.12)	Run actions/checkout@v4	2026-09-04T18:03:14.0777690Z hint: Disable this message with "git config set advice.defaultBranchName false"
test (macos-latest, 3.12)	Run actions/checkout@v4	2026-09-04T18:03:14.0780880Z Initialized empty Git repository in /Users/runner/work/unified-quant/unified-quant/.git/
test (macos-latest, 3.12)	Run actions/checkout@v4	2026-09-04T18:03:14.0786440Z [command]/opt/homebrew/bin/git remote add origin https://github.com/ljheee/unified-quant
test (macos-latest, 3.12)	Run actions/checkout@v4	2026-09-04T18:03:14.0876780Z ##[endgroup]
test (macos-latest, 3.12)	Run actions/checkout@v4	2026-09-04T18:03:14.0879850Z ##[group]Disabling automatic garbage collection
test (macos-latest, 3.12)	Run actions/checkout@v4	2026-09-04T18:03:14.0882690Z [command]/opt/homebrew/bin/git config --local gc.auto 0
test (macos-latest, 3.12)	Run actions/checkout@v4	2026-09-04T18:03:14.0969500Z ##[endgroup]
test (macos-latest, 3.12)	Run actions/checkout@v4	2026-09-04T18:03:14.0970870Z ##[group]Setting up auth
test (macos-latest, 3.12)	Run actions/checkout@v4	2026-09-04T18:03:14.0979830Z [command]/opt/homebrew/bin/git config --local --name-only --get-regexp core\.sshCommand
test (macos-latest, 3.12)	Run actions/checkout@v4	2026-09-04T18:03:14.1115370Z [command]/opt/homebrew/bin/git submodule foreach --recursive sh -c "git config --local --name-only --get-regexp 'core\.sshCommand' && git config --local --unset-all 'core.sshCommand' || :"
test (macos-latest, 3.12)	Run actions/checkout@v4	2026-09-04T18:03:14.2736540Z [command]/opt/homebrew/bin/git config --local --name-only --get-regexp http\.https\:\/\/github\.com\/\.extraheader
test (macos-latest, 3.12)	Run actions/checkout@v4	2026-09-04T18:03:14.2844460Z [command]/opt/homebrew/bin/git submodule foreach --recursive sh -c "git config --local --name-only --get-regexp 'http\.https\:\/\/github\.com\/\.extraheader' && git config --local --unset-all 'http.https://github.com/.extraheader' || :"
test (macos-latest, 3.12)	Run actions/checkout@v4	2026-09-04T18:03:14.4135290Z [command]/opt/homebrew/bin/git config --local --name-only --get-regexp ^includeIf\.gitdir:
test (macos-latest, 3.12)	Run actions/checkout@v4	2026-09-04T18:03:14.4237880Z [command]/opt/homebrew/bin/git submodule foreach --recursive git config --local --show-origin --name-only --get-regexp remote.origin.url
test (macos-latest, 3.12)	Run actions/checkout@v4	2026-09-04T18:03:14.5332040Z [command]/opt/homebrew/bin/git config --local http.https://github.com/.extraheader AUTHORIZATION: basic ***
test (macos-latest, 3.12)	Run actions/checkout@v4	2026-09-04T18:03:14.5416830Z ##[endgroup]
test (macos-latest, 3.12)	Run actions/checkout@v4	2026-09-04T18:03:14.5420140Z ##[group]Fetching the repository
test (macos-latest, 3.12)	Run actions/checkout@v4	2026-09-04T18:03:14.5426530Z [command]/opt/homebrew/bin/git -c protocol.version=2 fetch --no-tags --prune --no-recurse-submodules --depth=1 origin +e631740c51abd6f10390fd9bfefd1c6540e5f2c5:refs/remotes/origin/main
test (macos-latest, 3.12)	Run actions/checkout@v4	2026-09-04T18:03:15.5031620Z From https://github.com/ljheee/unified-quant
test (macos-latest, 3.12)	Run actions/checkout@v4	2026-09-04T18:03:15.5042170Z  * [new ref]         e631740c51abd6f10390fd9bfefd1c6540e5f2c5 -> origin/main
test (macos-latest, 3.12)	Run actions/checkout@v4	2026-09-04T18:03:15.5107450Z ##[endgroup]
test (macos-latest, 3.12)	Run actions/checkout@v4	2026-09-04T18:03:15.5189600Z ##[group]Determining the checkout info
test (macos-latest, 3.12)	Run actions/checkout@v4	2026-09-04T18:03:15.5224270Z ##[endgroup]
test (macos-latest, 3.12)	Run actions/checkout@v4	2026-09-04T18:03:15.5261760Z [command]/opt/homebrew/bin/git sparse-checkout disable
test (macos-latest, 3.12)	Run actions/checkout@v4	2026-09-04T18:03:15.5283650Z [command]/opt/homebrew/bin/git config --local --unset-all extensions.worktreeConfig
test (macos-latest, 3.12)	Run actions/checkout@v4	2026-09-04T18:03:15.5285620Z ##[group]Checking out the ref
test (macos-latest, 3.12)	Run actions/checkout@v4	2026-09-04T18:03:15.5286150Z [command]/opt/homebrew/bin/git checkout --progress --force -B main refs/remotes/origin/main
test (macos-latest, 3.12)	Run actions/checkout@v4	2026-09-04T18:03:15.7956190Z Switched to a new branch 'main'
test (macos-latest, 3.12)	Run actions/checkout@v4	2026-09-04T18:03:15.8058580Z branch 'main' set up to track 'origin/main'.
test (macos-latest, 3.12)	Run actions/checkout@v4	2026-09-04T18:03:15.8075920Z ##[endgroup]
test (macos-latest, 3.12)	Run actions/checkout@v4	2026-09-04T18:03:15.8143830Z [command]/opt/homebrew/bin/git log -1 --format=%H
test (macos-latest, 3.12)	Run actions/checkout@v4	2026-09-04T18:03:15.8216970Z e631740c51abd6f10390fd9bfefd1c6540e5f2c5
test (macos-latest, 3.12)	Run actions/setup-python@v5	﻿2026-09-04T18:03:15.8527030Z Node 20 is being deprecated. This workflow is running with Node 24 by default. If you need to temporarily use Node 20, you can set the ACTIONS_ALLOW_USE_UNSECURE_NODE_VERSION=true environment variable. For more information see: https://github.blog/changelog/2025-09-19-deprecation-of-node-20-on-github-actions-runners/
test (macos-latest, 3.12)	Run actions/setup-python@v5	2026-09-04T18:03:15.8528600Z ##[group]Run actions/setup-python@v5
test (macos-latest, 3.12)	Run actions/setup-python@v5	2026-09-04T18:03:15.8528810Z with:
test (macos-latest, 3.12)	Run actions/setup-python@v5	2026-09-04T18:03:15.8528990Z   python-version: 3.12
test (macos-latest, 3.12)	Run actions/setup-python@v5	2026-09-04T18:03:15.8529220Z   check-latest: false
test (macos-latest, 3.12)	Run actions/setup-python@v5	2026-09-04T18:03:15.8531150Z   token: ***
test (macos-latest, 3.12)	Run actions/setup-python@v5	2026-09-04T18:03:15.8531340Z   update-environment: true
test (macos-latest, 3.12)	Run actions/setup-python@v5	2026-09-04T18:03:15.8531540Z   allow-prereleases: false
test (macos-latest, 3.12)	Run actions/setup-python@v5	2026-09-04T18:03:15.8531720Z   freethreaded: false
test (macos-latest, 3.12)	Run actions/setup-python@v5	2026-09-04T18:03:15.8531890Z ##[endgroup]
test (macos-latest, 3.12)	Run actions/setup-python@v5	2026-09-04T18:03:16.0000140Z ##[group]Installed versions
test (macos-latest, 3.12)	Run actions/setup-python@v5	2026-09-04T18:03:16.0105710Z (node:1209) [DEP0040] DeprecationWarning: The `punycode` module is deprecated. Please use a userland alternative instead.
test (macos-latest, 3.12)	Run actions/setup-python@v5	2026-09-04T18:03:16.0106950Z (Use `node --trace-deprecation ...` to show where the warning was created)
test (macos-latest, 3.12)	Run actions/setup-python@v5	2026-09-04T18:03:16.0107420Z Successfully set up CPython (3.12.10)
test (macos-latest, 3.12)	Run actions/setup-python@v5	2026-09-04T18:03:16.0109430Z ##[endgroup]
test (macos-latest, 3.12)	Run astral-sh/setup-uv@v3	﻿2026-09-04T18:03:16.0276360Z Node 20 is being deprecated. This workflow is running with Node 24 by default. If you need to temporarily use Node 20, you can set the ACTIONS_ALLOW_USE_UNSECURE_NODE_VERSION=true environment variable. For more information see: https://github.blog/changelog/2025-09-19-deprecation-of-node-20-on-github-actions-runners/
test (macos-latest, 3.12)	Run astral-sh/setup-uv@v3	2026-09-04T18:03:16.0277630Z ##[group]Run astral-sh/setup-uv@v3
test (macos-latest, 3.12)	Run astral-sh/setup-uv@v3	2026-09-04T18:03:16.0277840Z with:
test (macos-latest, 3.12)	Run astral-sh/setup-uv@v3	2026-09-04T18:03:16.0278040Z   version: latest
test (macos-latest, 3.12)	Run astral-sh/setup-uv@v3	2026-09-04T18:03:16.0280020Z   github-token: ***
test (macos-latest, 3.12)	Run astral-sh/setup-uv@v3	2026-09-04T18:03:16.0280200Z   enable-cache: false
test (macos-latest, 3.12)	Run astral-sh/setup-uv@v3	2026-09-04T18:03:16.0280390Z   cache-dependency-glob: **/uv.lock
test (macos-latest, 3.12)	Run astral-sh/setup-uv@v3	2026-09-04T18:03:16.0280650Z   prune-cache: true
test (macos-latest, 3.12)	Run astral-sh/setup-uv@v3	2026-09-04T18:03:16.0280850Z env:
test (macos-latest, 3.12)	Run astral-sh/setup-uv@v3	2026-09-04T18:03:16.0281090Z   pythonLocation: /Users/runner/hostedtoolcache/Python/3.12.10/arm64
test (macos-latest, 3.12)	Run astral-sh/setup-uv@v3	2026-09-04T18:03:16.0281590Z   PKG_CONFIG_PATH: /Users/runner/hostedtoolcache/Python/3.12.10/arm64/lib/pkgconfig
test (macos-latest, 3.12)	Run astral-sh/setup-uv@v3	2026-09-04T18:03:16.0282010Z   Python_ROOT_DIR: /Users/runner/hostedtoolcache/Python/3.12.10/arm64
test (macos-latest, 3.12)	Run astral-sh/setup-uv@v3	2026-09-04T18:03:16.0282450Z   Python2_ROOT_DIR: /Users/runner/hostedtoolcache/Python/3.12.10/arm64
test (macos-latest, 3.12)	Run astral-sh/setup-uv@v3	2026-09-04T18:03:16.0282850Z   Python3_ROOT_DIR: /Users/runner/hostedtoolcache/Python/3.12.10/arm64
test (macos-latest, 3.12)	Run astral-sh/setup-uv@v3	2026-09-04T18:03:16.0283150Z ##[endgroup]
test (macos-latest, 3.12)	Run astral-sh/setup-uv@v3	2026-09-04T18:03:16.1691600Z Downloading uv from "https://github.com/astral-sh/uv/releases/latest/download/uv-aarch64-apple-darwin.tar.gz" ...
test (macos-latest, 3.12)	Run astral-sh/setup-uv@v3	2026-09-04T18:03:16.1705030Z (node:1211) [DEP0040] DeprecationWarning: The `punycode` module is deprecated. Please use a userland alternative instead.
test (macos-latest, 3.12)	Run astral-sh/setup-uv@v3	2026-09-04T18:03:16.1705680Z (Use `node --trace-deprecation ...` to show where the warning was created)
test (macos-latest, 3.12)	Run astral-sh/setup-uv@v3	2026-09-04T18:03:16.8775720Z [command]/usr/bin/tar xz -C /Users/runner/work/_temp/735ad692-b505-4ea5-8899-3ea31eaf51e1 -f /Users/runner/work/_temp/ca2bd990-7d89-4d3f-a8bc-a09652384dfb
test (macos-latest, 3.12)	Run astral-sh/setup-uv@v3	2026-09-04T18:03:17.1365600Z Added /Users/runner/hostedtoolcache/uv/0.12.9/aarch64 to the path
test (macos-latest, 3.12)	Run astral-sh/setup-uv@v3	2026-09-04T18:03:17.1369610Z Added /Users/runner/.local/bin to the path
test (macos-latest, 3.12)	Run astral-sh/setup-uv@v3	2026-09-04T18:03:17.1382900Z Successfully installed uv version 0.12.9
test (macos-latest, 3.12)	Run astral-sh/setup-uv@v3	2026-09-04T18:03:17.1403010Z Set UV_CACHE_DIR to /Users/runner/work/_temp/setup-uv-cache
test (macos-latest, 3.12)	Run scripts/run_gate.sh	﻿2026-09-04T18:03:17.1797280Z ##[group]Run scripts/run_gate.sh
test (macos-latest, 3.12)	Run scripts/run_gate.sh	2026-09-04T18:03:17.1797620Z ^[[36;1mscripts/run_gate.sh^[[0m
test (macos-latest, 3.12)	Run scripts/run_gate.sh	2026-09-04T18:03:17.1858630Z shell: /bin/bash -e {0}
test (macos-latest, 3.12)	Run scripts/run_gate.sh	2026-09-04T18:03:17.1859230Z env:
test (macos-latest, 3.12)	Run scripts/run_gate.sh	2026-09-04T18:03:17.1859490Z   pythonLocation: /Users/runner/hostedtoolcache/Python/3.12.10/arm64
test (macos-latest, 3.12)	Run scripts/run_gate.sh	2026-09-04T18:03:17.1859920Z   PKG_CONFIG_PATH: /Users/runner/hostedtoolcache/Python/3.12.10/arm64/lib/pkgconfig
test (macos-latest, 3.12)	Run scripts/run_gate.sh	2026-09-04T18:03:17.1860420Z   Python_ROOT_DIR: /Users/runner/hostedtoolcache/Python/3.12.10/arm64
test (macos-latest, 3.12)	Run scripts/run_gate.sh	2026-09-04T18:03:17.1860810Z   Python2_ROOT_DIR: /Users/runner/hostedtoolcache/Python/3.12.10/arm64
test (macos-latest, 3.12)	Run scripts/run_gate.sh	2026-09-04T18:03:17.1861180Z   Python3_ROOT_DIR: /Users/runner/hostedtoolcache/Python/3.12.10/arm64
test (macos-latest, 3.12)	Run scripts/run_gate.sh	2026-09-04T18:03:17.1861610Z   UV_CACHE_DIR: /Users/runner/work/_temp/setup-uv-cache
test (macos-latest, 3.12)	Run scripts/run_gate.sh	2026-09-04T18:03:17.1861880Z ##[endgroup]
test (macos-latest, 3.12)	Run scripts/run_gate.sh	2026-09-04T18:03:17.6488330Z Using CPython 3.12.10 interpreter at: /Library/Frameworks/Python.framework/Versions/3.12/bin/python3
test (macos-latest, 3.12)	Run scripts/run_gate.sh	2026-09-04T18:03:17.6628810Z Resolved 214 packages in 10ms
test (macos-latest, 3.12)	Run scripts/run_gate.sh	2026-09-04T18:03:17.7068600Z Using CPython 3.12.10 interpreter at: /Library/Frameworks/Python.framework/Versions/3.12/bin/python3
test (macos-latest, 3.12)	Run scripts/run_gate.sh	2026-09-04T18:03:17.7069420Z Creating virtual environment at: .venv
test (macos-latest, 3.12)	Run scripts/run_gate.sh	2026-09-04T18:03:17.7171170Z Resolved 214 packages in 4ms
test (macos-latest, 3.12)	Run scripts/run_gate.sh	2026-09-04T18:03:17.7364230Z    Building unified-quant @ file:///Users/runner/work/unified-quant/unified-quant
test (macos-latest, 3.12)	Run scripts/run_gate.sh	2026-09-04T18:03:17.8237960Z Downloading cryptography (3.8MiB)
test (macos-latest, 3.12)	Run scripts/run_gate.sh	2026-09-04T18:03:17.8619150Z Downloading pyarrow (34.2MiB)
test (macos-latest, 3.12)	Run scripts/run_gate.sh	2026-09-04T18:03:17.8676840Z Downloading scikit-learn (7.9MiB)
test (macos-latest, 3.12)	Run scripts/run_gate.sh	2026-09-04T18:03:17.8679910Z Downloading pygments (1.2MiB)
test (macos-latest, 3.12)	Run scripts/run_gate.sh	2026-09-04T18:03:17.8692490Z Downloading scipy (19.5MiB)
test (macos-latest, 3.12)	Run scripts/run_gate.sh	2026-09-04T18:03:17.8693640Z Downloading lxml (8.2MiB)
test (macos-latest, 3.12)	Run scripts/run_gate.sh	2026-09-04T18:03:17.8737160Z Downloading pandas (10.2MiB)
test (macos-latest, 3.12)	Run scripts/run_gate.sh	2026-09-04T18:03:17.8960940Z Downloading numpy (5.1MiB)
test (macos-latest, 3.12)	Run scripts/run_gate.sh	2026-09-04T18:03:18.4708520Z  Downloaded pygments
test (macos-latest, 3.12)	Run scripts/run_gate.sh	2026-09-04T18:03:18.8002210Z  Downloaded cryptography
test (macos-latest, 3.12)	Run scripts/run_gate.sh	2026-09-04T18:03:19.0030010Z  Downloaded numpy
test (macos-latest, 3.12)	Run scripts/run_gate.sh	2026-09-04T18:03:19.1580990Z    Building py-mini-racer==0.6.0
test (macos-latest, 3.12)	Run scripts/run_gate.sh	2026-09-04T18:03:19.1819830Z  Downloaded lxml
test (macos-latest, 3.12)	Run scripts/run_gate.sh	2026-09-04T18:03:19.2047190Z  Downloaded scikit-learn
test (macos-latest, 3.12)	Run scripts/run_gate.sh	2026-09-04T18:03:19.3972300Z  Downloaded pandas
test (macos-latest, 3.12)	Run scripts/run_gate.sh	2026-09-04T18:03:19.7592180Z  Downloaded scipy
test (macos-latest, 3.12)	Run scripts/run_gate.sh	2026-09-04T18:03:19.8856390Z  Downloaded pyarrow
test (macos-latest, 3.12)	Run scripts/run_gate.sh	2026-09-04T18:03:20.3845910Z       Built unified-quant @ file:///Users/runner/work/unified-quant/unified-quant
test (macos-latest, 3.12)	Run scripts/run_gate.sh	2026-09-04T18:03:21.1071590Z       Built py-mini-racer==0.6.0
test (macos-latest, 3.12)	Run scripts/run_gate.sh	2026-09-04T18:03:21.1570900Z Prepared 53 packages in 3.43s
test (macos-latest, 3.12)	Run scripts/run_gate.sh	2026-09-04T18:03:21.3606230Z Installed 53 packages in 203ms
test (macos-latest, 3.12)	Run scripts/run_gate.sh	2026-09-04T18:03:21.3623860Z  + anyio==4.14.2
test (macos-latest, 3.12)	Run scripts/run_gate.sh	2026-09-04T18:03:21.3624890Z  + attrs==26.1.0
test (macos-latest, 3.12)	Run scripts/run_gate.sh	2026-09-04T18:03:21.3625850Z  + beautifulsoup4==4.15.0
test (macos-latest, 3.12)	Run scripts/run_gate.sh	2026-09-04T18:03:21.3626780Z  + bs4==0.0.2
test (macos-latest, 3.12)	Run scripts/run_gate.sh	2026-09-04T18:03:21.3627760Z  + certifi==2026.7.22
test (macos-latest, 3.12)	Run scripts/run_gate.sh	2026-09-04T18:03:21.3628710Z  + cffi==2.1.1
test (macos-latest, 3.12)	Run scripts/run_gate.sh	2026-09-04T18:03:21.3629500Z  + charset-normalizer==3.5.1
test (macos-latest, 3.12)	Run scripts/run_gate.sh	2026-09-04T18:03:21.3630490Z  + click==8.4.2
test (macos-latest, 3.12)	Run scripts/run_gate.sh	2026-09-04T18:03:21.3631990Z  + cryptography==49.0.0
test (macos-latest, 3.12)	Run scripts/run_gate.sh	2026-09-04T18:03:21.3633030Z  + h11==0.16.0
test (macos-latest, 3.12)	Run scripts/run_gate.sh	2026-09-04T18:03:21.3634070Z  + httpcore==1.0.9
test (macos-latest, 3.12)	Run scripts/run_gate.sh	2026-09-04T18:03:21.3635140Z  + httpx==0.25.2
test (macos-latest, 3.12)	Run scripts/run_gate.sh	2026-09-04T18:03:21.3637120Z  + idna==3.19
test (macos-latest, 3.12)	Run scripts/run_gate.sh	2026-09-04T18:03:21.3641800Z  + iniconfig==2.3.0
test (macos-latest, 3.12)	Run scripts/run_gate.sh	2026-09-04T18:03:21.3642410Z  + joblib==1.5.3
test (macos-latest, 3.12)	Run scripts/run_gate.sh	2026-09-04T18:03:21.3642850Z  + jsonschema==4.26.0
test (macos-latest, 3.12)	Run scripts/run_gate.sh	2026-09-04T18:03:21.3643350Z  + jsonschema-specifications==2025.9.1
test (macos-latest, 3.12)	Run scripts/run_gate.sh	2026-09-04T18:03:21.3643800Z  + lxml==6.1.2
test (macos-latest, 3.12)	Run scripts/run_gate.sh	2026-09-04T18:03:21.3644310Z  + mootdx==0.11.7
test (macos-latest, 3.12)	Run scripts/run_gate.sh	2026-09-04T18:03:21.3645470Z  + narwhals==2.25.0
test (macos-latest, 3.12)	Run scripts/run_gate.sh	2026-09-04T18:03:21.3645810Z  + numpy==2.5.2
test (macos-latest, 3.12)	Run scripts/run_gate.sh	2026-09-04T18:03:21.3646060Z  + packaging==26.3
test (macos-latest, 3.12)	Run scripts/run_gate.sh	2026-09-04T18:03:21.3646410Z  + pandas==2.3.3
test (macos-latest, 3.12)	Run scripts/run_gate.sh	2026-09-04T18:03:21.3646880Z  + pluggy==1.6.0
test (macos-latest, 3.12)	Run scripts/run_gate.sh	2026-09-04T18:03:21.3647380Z  + prettytable==3.18.0
test (macos-latest, 3.12)	Run scripts/run_gate.sh	2026-09-04T18:03:21.3647700Z  + py-mini-racer==0.6.0
test (macos-latest, 3.12)	Run scripts/run_gate.sh	2026-09-04T18:03:21.3648200Z  + pyarrow==25.0.1
test (macos-latest, 3.12)	Run scripts/run_gate.sh	2026-09-04T18:03:21.3648500Z  + pycparser==3.0
test (macos-latest, 3.12)	Run scripts/run_gate.sh	2026-09-04T18:03:21.3648840Z  + pygments==2.21.0
test (macos-latest, 3.12)	Run scripts/run_gate.sh	2026-09-04T18:03:21.3649120Z  + pytest==9.1.1
test (macos-latest, 3.12)	Run scripts/run_gate.sh	2026-09-04T18:03:21.3649330Z  + python-dateutil==2.9.0.post0
test (macos-latest, 3.12)	Run scripts/run_gate.sh	2026-09-04T18:03:21.3650670Z  + pytz==2026.3.post1
test (macos-latest, 3.12)	Run scripts/run_gate.sh	2026-09-04T18:03:21.3651000Z  + pyyaml==6.0.3
test (macos-latest, 3.12)	Run scripts/run_gate.sh	2026-09-04T18:03:21.3657480Z  + referencing==0.37.0
test (macos-latest, 3.12)	Run scripts/run_gate.sh	2026-09-04T18:03:21.3657820Z  + requests==2.34.2
test (macos-latest, 3.12)	Run scripts/run_gate.sh	2026-09-04T18:03:21.3658020Z  + rpds-py==2026.6.3
test (macos-latest, 3.12)	Run scripts/run_gate.sh	2026-09-04T18:03:21.3658350Z  + scikit-learn==1.9.0
test (macos-latest, 3.12)	Run scripts/run_gate.sh	2026-09-04T18:03:21.3658580Z  + scipy==1.18.1
test (macos-latest, 3.12)	Run scripts/run_gate.sh	2026-09-04T18:03:21.3658820Z  + simplejson==4.1.1
test (macos-latest, 3.12)	Run scripts/run_gate.sh	2026-09-04T18:03:21.3659050Z  + six==1.17.0
test (macos-latest, 3.12)	Run scripts/run_gate.sh	2026-09-04T18:03:21.3659290Z  + sniffio==1.3.1
test (macos-latest, 3.12)	Run scripts/run_gate.sh	2026-09-04T18:03:21.3659510Z  + soupsieve==2.9.2
test (macos-latest, 3.12)	Run scripts/run_gate.sh	2026-09-04T18:03:21.3659800Z  + tdxpy==0.2.7
test (macos-latest, 3.12)	Run scripts/run_gate.sh	2026-09-04T18:03:21.3660060Z  + tenacity==8.5.0
test (macos-latest, 3.12)	Run scripts/run_gate.sh	2026-09-04T18:03:21.3660270Z  + threadpoolctl==3.6.0
test (macos-latest, 3.12)	Run scripts/run_gate.sh	2026-09-04T18:03:21.3660570Z  + tqdm==4.70.0
test (macos-latest, 3.12)	Run scripts/run_gate.sh	2026-09-04T18:03:21.3660750Z  + tushare==1.4.29
test (macos-latest, 3.12)	Run scripts/run_gate.sh	2026-09-04T18:03:21.3661040Z  + typing-extensions==4.16.0
test (macos-latest, 3.12)	Run scripts/run_gate.sh	2026-09-04T18:03:21.3661260Z  + tzdata==2026.3
test (macos-latest, 3.12)	Run scripts/run_gate.sh	2026-09-04T18:03:21.3661640Z  + unified-quant==0.1.0 (from file:///Users/runner/work/unified-quant/unified-quant)
test (macos-latest, 3.12)	Run scripts/run_gate.sh	2026-09-04T18:03:21.3662020Z  + urllib3==2.7.0
test (macos-latest, 3.12)	Run scripts/run_gate.sh	2026-09-04T18:03:21.3662200Z  + wcwidth==0.8.2
test (macos-latest, 3.12)	Run scripts/run_gate.sh	2026-09-04T18:03:21.3662370Z  + websocket-client==1.9.0
test (macos-latest, 3.12)	Run scripts/run_gate.sh	2026-09-04T18:03:27.7736160Z ........................................................................ [ 17%]
test (macos-latest, 3.12)	Run scripts/run_gate.sh	2026-09-04T18:03:29.4124910Z ........................................................................ [ 34%]
test (macos-latest, 3.12)	Run scripts/run_gate.sh	2026-09-04T18:03:30.5693300Z ......s................................................................. [ 51%]
test (macos-latest, 3.12)	Run scripts/run_gate.sh	2026-09-04T18:03:31.0964390Z ................................................................sssssss. [ 68%]
test (macos-latest, 3.12)	Run scripts/run_gate.sh	2026-09-04T18:03:33.0455720Z .s...ss................................................................. [ 86%]
test (macos-latest, 3.12)	Run scripts/run_gate.sh	2026-09-04T18:03:34.2164930Z ..........................................................               [100%]
test (macos-latest, 3.12)	Run scripts/run_gate.sh	2026-09-04T18:03:34.2166060Z =============================== warnings summary ===============================
test (macos-latest, 3.12)	Run scripts/run_gate.sh	2026-09-04T18:03:34.2267130Z tests/test_release_acceptance.py::test_null_rate_threshold_rejects_publication
test (macos-latest, 3.12)	Run scripts/run_gate.sh	2026-09-04T18:03:34.2267980Z tests/test_release_acceptance.py::test_null_rate_threshold_rejects_publication
test (macos-latest, 3.12)	Run scripts/run_gate.sh	2026-09-04T18:03:34.2268440Z tests/test_release_acceptance.py::test_null_rate_threshold_rejects_publication
test (macos-latest, 3.12)	Run scripts/run_gate.sh	2026-09-04T18:03:34.2268880Z tests/test_release_acceptance.py::test_null_rate_threshold_rejects_publication
test (macos-latest, 3.12)	Run scripts/run_gate.sh	2026-09-04T18:03:34.2269630Z tests/test_release_acceptance.py::test_null_rate_threshold_rejects_publication
test (macos-latest, 3.12)	Run scripts/run_gate.sh	2026-09-04T18:03:34.2270130Z tests/test_release_acceptance.py::test_null_rate_threshold_rejects_publication
test (macos-latest, 3.12)	Run scripts/run_gate.sh	2026-09-04T18:03:34.2272600Z   /Users/runner/work/unified-quant/unified-quant/src/uq/factors/raw_price.py:49: FutureWarning: Downcasting object dtype arrays on .fillna, .ffill, .bfill is deprecated and will change in a future version. Call result.infer_objects(copy=False) instead. To opt-in to the future behavior, set `pd.set_option('future.no_silent_downcasting', True)`
test (macos-latest, 3.12)	Run scripts/run_gate.sh	2026-09-04T18:03:34.2274400Z     normalized = frame[columns].round(12).fillna(-0.0).replace([np.inf, -np.inf], np.nan).round(12)
test (macos-latest, 3.12)	Run scripts/run_gate.sh	2026-09-04T18:03:34.2274750Z 
test (macos-latest, 3.12)	Run scripts/run_gate.sh	2026-09-04T18:03:34.2274940Z -- Docs: https://docs.pytest.org/en/stable/how-to/capture-warnings.html
test (macos-latest, 3.12)	Run scripts/run_gate.sh	2026-09-04T18:03:34.2275300Z 407 passed, 11 skipped, 6 warnings in 11.64s
test (macos-latest, 3.12)	Run scripts/run_gate.sh	2026-09-04T18:03:34.5701460Z gate report: /Users/runner/work/unified-quant/unified-quant/.gate/gate-report.json
test (macos-latest, 3.12)	Run uv run --no-sync python -c "import uq.adapters.mootdx_source, uq.adapters.tushare_free; print('real imports ok')"	﻿2026-09-04T18:03:34.5782360Z ##[group]Run uv run --no-sync python -c "import uq.adapters.mootdx_source, uq.adapters.tushare_free; print('real imports ok')"
test (macos-latest, 3.12)	Run uv run --no-sync python -c "import uq.adapters.mootdx_source, uq.adapters.tushare_free; print('real imports ok')"	2026-09-04T18:03:34.5783260Z ^[[36;1muv run --no-sync python -c "import uq.adapters.mootdx_source, uq.adapters.tushare_free; print('real imports ok')"^[[0m
test (macos-latest, 3.12)	Run uv run --no-sync python -c "import uq.adapters.mootdx_source, uq.adapters.tushare_free; print('real imports ok')"	2026-09-04T18:03:34.5824170Z shell: /bin/bash -e {0}
test (macos-latest, 3.12)	Run uv run --no-sync python -c "import uq.adapters.mootdx_source, uq.adapters.tushare_free; print('real imports ok')"	2026-09-04T18:03:34.5824530Z env:
test (macos-latest, 3.12)	Run uv run --no-sync python -c "import uq.adapters.mootdx_source, uq.adapters.tushare_free; print('real imports ok')"	2026-09-04T18:03:34.5824840Z   pythonLocation: /Users/runner/hostedtoolcache/Python/3.12.10/arm64
test (macos-latest, 3.12)	Run uv run --no-sync python -c "import uq.adapters.mootdx_source, uq.adapters.tushare_free; print('real imports ok')"	2026-09-04T18:03:34.5825250Z   PKG_CONFIG_PATH: /Users/runner/hostedtoolcache/Python/3.12.10/arm64/lib/pkgconfig
test (macos-latest, 3.12)	Run uv run --no-sync python -c "import uq.adapters.mootdx_source, uq.adapters.tushare_free; print('real imports ok')"	2026-09-04T18:03:34.5825670Z   Python_ROOT_DIR: /Users/runner/hostedtoolcache/Python/3.12.10/arm64
test (macos-latest, 3.12)	Run uv run --no-sync python -c "import uq.adapters.mootdx_source, uq.adapters.tushare_free; print('real imports ok')"	2026-09-04T18:03:34.5826030Z   Python2_ROOT_DIR: /Users/runner/hostedtoolcache/Python/3.12.10/arm64
test (macos-latest, 3.12)	Run uv run --no-sync python -c "import uq.adapters.mootdx_source, uq.adapters.tushare_free; print('real imports ok')"	2026-09-04T18:03:34.5826370Z   Python3_ROOT_DIR: /Users/runner/hostedtoolcache/Python/3.12.10/arm64
test (macos-latest, 3.12)	Run uv run --no-sync python -c "import uq.adapters.mootdx_source, uq.adapters.tushare_free; print('real imports ok')"	2026-09-04T18:03:34.5827180Z   UV_CACHE_DIR: /Users/runner/work/_temp/setup-uv-cache
test (macos-latest, 3.12)	Run uv run --no-sync python -c "import uq.adapters.mootdx_source, uq.adapters.tushare_free; print('real imports ok')"	2026-09-04T18:03:34.5827420Z ##[endgroup]
test (macos-latest, 3.12)	Run uv run --no-sync python -c "import uq.adapters.mootdx_source, uq.adapters.tushare_free; print('real imports ok')"	2026-09-04T18:03:35.3548340Z real imports ok
test (macos-latest, 3.12)	Record certified environment cell	﻿2026-09-04T18:03:35.4210300Z ##[group]Run mkdir -p .gate/certification
test (macos-latest, 3.12)	Record certified environment cell	2026-09-04T18:03:35.4210770Z ^[[36;1mmkdir -p .gate/certification^[[0m
test (macos-latest, 3.12)	Record certified environment cell	2026-09-04T18:03:35.4211190Z ^[[36;1mprintf '%s\n' "macos-latest/3.12" > .gate/certification/environment-cell.txt^[[0m
test (macos-latest, 3.12)	Record certified environment cell	2026-09-04T18:03:35.4246380Z shell: /bin/bash -e {0}
test (macos-latest, 3.12)	Record certified environment cell	2026-09-04T18:03:35.4246840Z env:
test (macos-latest, 3.12)	Record certified environment cell	2026-09-04T18:03:35.4247160Z   pythonLocation: /Users/runner/hostedtoolcache/Python/3.12.10/arm64
test (macos-latest, 3.12)	Record certified environment cell	2026-09-04T18:03:35.4247750Z   PKG_CONFIG_PATH: /Users/runner/hostedtoolcache/Python/3.12.10/arm64/lib/pkgconfig
test (macos-latest, 3.12)	Record certified environment cell	2026-09-04T18:03:35.4248230Z   Python_ROOT_DIR: /Users/runner/hostedtoolcache/Python/3.12.10/arm64
test (macos-latest, 3.12)	Record certified environment cell	2026-09-04T18:03:35.4248720Z   Python2_ROOT_DIR: /Users/runner/hostedtoolcache/Python/3.12.10/arm64
test (macos-latest, 3.12)	Record certified environment cell	2026-09-04T18:03:35.4249100Z   Python3_ROOT_DIR: /Users/runner/hostedtoolcache/Python/3.12.10/arm64
test (macos-latest, 3.12)	Record certified environment cell	2026-09-04T18:03:35.4249710Z   UV_CACHE_DIR: /Users/runner/work/_temp/setup-uv-cache
test (macos-latest, 3.12)	Record certified environment cell	2026-09-04T18:03:35.4249990Z ##[endgroup]
test (macos-latest, 3.12)	Run actions/upload-artifact@v4	﻿2026-09-04T18:03:35.4596280Z Node 20 is being deprecated. This workflow is running with Node 24 by default. If you need to temporarily use Node 20, you can set the ACTIONS_ALLOW_USE_UNSECURE_NODE_VERSION=true environment variable. For more information see: https://github.blog/changelog/2025-09-19-deprecation-of-node-20-on-github-actions-runners/
test (macos-latest, 3.12)	Run actions/upload-artifact@v4	2026-09-04T18:03:35.4611810Z ##[group]Run actions/upload-artifact@v4
test (macos-latest, 3.12)	Run actions/upload-artifact@v4	2026-09-04T18:03:35.4612060Z with:
test (macos-latest, 3.12)	Run actions/upload-artifact@v4	2026-09-04T18:03:35.4612230Z   name: gate-report-macos-latest-3.12
test (macos-latest, 3.12)	Run actions/upload-artifact@v4	2026-09-04T18:03:35.4612700Z   path: .gate/gate-report.json
test (macos-latest, 3.12)	Run actions/upload-artifact@v4	.gate/requirements.lock.txt
test (macos-latest, 3.12)	Run actions/upload-artifact@v4	.gate/requirements.lock.txt.sha256
test (macos-latest, 3.12)	Run actions/upload-artifact@v4	.gate/certification/environment-cell.txt
test (macos-latest, 3.12)	Run actions/upload-artifact@v4	
test (macos-latest, 3.12)	Run actions/upload-artifact@v4	2026-09-04T18:03:35.4613180Z   if-no-files-found: error
test (macos-latest, 3.12)	Run actions/upload-artifact@v4	2026-09-04T18:03:35.4613430Z   compression-level: 6
test (macos-latest, 3.12)	Run actions/upload-artifact@v4	2026-09-04T18:03:35.4613660Z   overwrite: false
test (macos-latest, 3.12)	Run actions/upload-artifact@v4	2026-09-04T18:03:35.4613900Z   include-hidden-files: false
test (macos-latest, 3.12)	Run actions/upload-artifact@v4	2026-09-04T18:03:35.4614070Z env:
test (macos-latest, 3.12)	Run actions/upload-artifact@v4	2026-09-04T18:03:35.4614350Z   pythonLocation: /Users/runner/hostedtoolcache/Python/3.12.10/arm64
test (macos-latest, 3.12)	Run actions/upload-artifact@v4	2026-09-04T18:03:35.4614870Z   PKG_CONFIG_PATH: /Users/runner/hostedtoolcache/Python/3.12.10/arm64/lib/pkgconfig
test (macos-latest, 3.12)	Run actions/upload-artifact@v4	2026-09-04T18:03:35.4615280Z   Python_ROOT_DIR: /Users/runner/hostedtoolcache/Python/3.12.10/arm64
test (macos-latest, 3.12)	Run actions/upload-artifact@v4	2026-09-04T18:03:35.4615660Z   Python2_ROOT_DIR: /Users/runner/hostedtoolcache/Python/3.12.10/arm64
test (macos-latest, 3.12)	Run actions/upload-artifact@v4	2026-09-04T18:03:35.4616020Z   Python3_ROOT_DIR: /Users/runner/hostedtoolcache/Python/3.12.10/arm64
test (macos-latest, 3.12)	Run actions/upload-artifact@v4	2026-09-04T18:03:35.4616370Z   UV_CACHE_DIR: /Users/runner/work/_temp/setup-uv-cache
test (macos-latest, 3.12)	Run actions/upload-artifact@v4	2026-09-04T18:03:35.4616620Z ##[endgroup]
test (macos-latest, 3.12)	Run actions/upload-artifact@v4	2026-09-04T18:03:35.6732270Z (node:1456) [DEP0040] DeprecationWarning: The `punycode` module is deprecated. Please use a userland alternative instead.
test (macos-latest, 3.12)	Run actions/upload-artifact@v4	2026-09-04T18:03:35.6733880Z (Use `node --trace-deprecation ...` to show where the warning was created)
test (macos-latest, 3.12)	Run actions/upload-artifact@v4	2026-09-04T18:03:35.6815420Z Multiple search paths detected. Calculating the least common ancestor of all paths
test (macos-latest, 3.12)	Run actions/upload-artifact@v4	2026-09-04T18:03:35.6817760Z The least common ancestor is /Users/runner/work/unified-quant/unified-quant/.gate. This will be the root directory of the artifact
test (macos-latest, 3.12)	Run actions/upload-artifact@v4	2026-09-04T18:03:35.6818570Z With the provided path, there will be 4 files uploaded
test (macos-latest, 3.12)	Run actions/upload-artifact@v4	2026-09-04T18:03:35.6819260Z Artifact name is valid!
test (macos-latest, 3.12)	Run actions/upload-artifact@v4	2026-09-04T18:03:35.6819560Z Root directory input is valid!
test (macos-latest, 3.12)	Run actions/upload-artifact@v4	2026-09-04T18:03:35.8960540Z Beginning upload of artifact content to blob storage
test (macos-latest, 3.12)	Run actions/upload-artifact@v4	2026-09-04T18:03:35.9356200Z (node:1456) [DEP0169] DeprecationWarning: `url.parse()` behavior is not standardized and prone to errors that have security implications. Use the WHATWG URL API instead. CVEs are not issued for `url.parse()` vulnerabilities.
test (macos-latest, 3.12)	Run actions/upload-artifact@v4	2026-09-04T18:03:35.9762020Z Uploaded bytes 1995
test (macos-latest, 3.12)	Run actions/upload-artifact@v4	2026-09-04T18:03:35.9929590Z Finished uploading artifact content to blob storage!
test (macos-latest, 3.12)	Run actions/upload-artifact@v4	2026-09-04T18:03:35.9931160Z SHA256 digest of uploaded artifact zip is 45fd8f5a8fd5e04aa7b3552adb2c72946efaf55a41b8a572b38d52867b63e79d
test (macos-latest, 3.12)	Run actions/upload-artifact@v4	2026-09-04T18:03:35.9933490Z Finalizing artifact upload
test (macos-latest, 3.12)	Run actions/upload-artifact@v4	2026-09-04T18:03:36.2220520Z Artifact gate-report-macos-latest-3.12.zip successfully finalized. Artifact ID 9948656999
test (macos-latest, 3.12)	Run actions/upload-artifact@v4	2026-09-04T18:03:36.2222300Z Artifact gate-report-macos-latest-3.12 has been successfully uploaded! Final size is 1995 bytes. Artifact ID is 9948656999
test (macos-latest, 3.12)	Run actions/upload-artifact@v4	2026-09-04T18:03:36.2224250Z Artifact download URL: https://github.com/ljheee/unified-quant/actions/runs/33903807546/artifacts/9948656999
test (macos-latest, 3.12)	Post Run astral-sh/setup-uv@v3	﻿2026-09-04T18:03:36.2357960Z Node 20 is being deprecated. This workflow is running with Node 24 by default. If you need to temporarily use Node 20, you can set the ACTIONS_ALLOW_USE_UNSECURE_NODE_VERSION=true environment variable. For more information see: https://github.blog/changelog/2025-09-19-deprecation-of-node-20-on-github-actions-runners/
test (macos-latest, 3.12)	Post Run astral-sh/setup-uv@v3	2026-09-04T18:03:36.2360830Z Post job cleanup.
test (macos-latest, 3.12)	Post Run actions/setup-python@v5	﻿2026-09-04T18:03:36.4127450Z Node 20 is being deprecated. This workflow is running with Node 24 by default. If you need to temporarily use Node 20, you can set the ACTIONS_ALLOW_USE_UNSECURE_NODE_VERSION=true environment variable. For more information see: https://github.blog/changelog/2025-09-19-deprecation-of-node-20-on-github-actions-runners/
test (macos-latest, 3.12)	Post Run actions/setup-python@v5	2026-09-04T18:03:36.4130360Z Post job cleanup.
test (macos-latest, 3.12)	Post Run actions/setup-python@v5	2026-09-04T18:03:36.5481430Z (node:1462) [DEP0040] DeprecationWarning: The `punycode` module is deprecated. Please use a userland alternative instead.
test (macos-latest, 3.12)	Post Run actions/setup-python@v5	2026-09-04T18:03:36.5483150Z (Use `node --trace-deprecation ...` to show where the warning was created)
test (macos-latest, 3.12)	Post Run actions/checkout@v4	﻿2026-09-04T18:03:36.5589230Z Node 20 is being deprecated. This workflow is running with Node 24 by default. If you need to temporarily use Node 20, you can set the ACTIONS_ALLOW_USE_UNSECURE_NODE_VERSION=true environment variable. For more information see: https://github.blog/changelog/2025-09-19-deprecation-of-node-20-on-github-actions-runners/
test (macos-latest, 3.12)	Post Run actions/checkout@v4	2026-09-04T18:03:36.5590300Z Post job cleanup.
test (macos-latest, 3.12)	Post Run actions/checkout@v4	2026-09-04T18:03:36.6590830Z [command]/opt/homebrew/bin/git version
test (macos-latest, 3.12)	Post Run actions/checkout@v4	2026-09-04T18:03:36.6673110Z git version 2.55.0
test (macos-latest, 3.12)	Post Run actions/checkout@v4	2026-09-04T18:03:36.6701080Z Copying '/Users/runner/.gitconfig' to '/Users/runner/work/_temp/441ba2ab-103a-4759-bee2-b660cb209435/.gitconfig'
test (macos-latest, 3.12)	Post Run actions/checkout@v4	2026-09-04T18:03:36.6724590Z Temporarily overriding HOME='/Users/runner/work/_temp/441ba2ab-103a-4759-bee2-b660cb209435' before making global git config changes
test (macos-latest, 3.12)	Post Run actions/checkout@v4	2026-09-04T18:03:36.6726940Z Adding repository directory to the temporary git global config as a safe directory
test (macos-latest, 3.12)	Post Run actions/checkout@v4	2026-09-04T18:03:36.6728930Z [command]/opt/homebrew/bin/git config --global --add safe.directory /Users/runner/work/unified-quant/unified-quant
test (macos-latest, 3.12)	Post Run actions/checkout@v4	2026-09-04T18:03:36.6857110Z [command]/opt/homebrew/bin/git config --local --name-only --get-regexp core\.sshCommand
test (macos-latest, 3.12)	Post Run actions/checkout@v4	2026-09-04T18:03:36.6942820Z [command]/opt/homebrew/bin/git submodule foreach --recursive sh -c "git config --local --name-only --get-regexp 'core\.sshCommand' && git config --local --unset-all 'core.sshCommand' || :"
test (macos-latest, 3.12)	Post Run actions/checkout@v4	2026-09-04T18:03:36.8144650Z [command]/opt/homebrew/bin/git config --local --name-only --get-regexp http\.https\:\/\/github\.com\/\.extraheader
test (macos-latest, 3.12)	Post Run actions/checkout@v4	2026-09-04T18:03:36.8229520Z http.https://github.com/.extraheader
test (macos-latest, 3.12)	Post Run actions/checkout@v4	2026-09-04T18:03:36.8238510Z [command]/opt/homebrew/bin/git config --local --unset-all http.https://github.com/.extraheader
test (macos-latest, 3.12)	Post Run actions/checkout@v4	2026-09-04T18:03:36.8323320Z [command]/opt/homebrew/bin/git submodule foreach --recursive sh -c "git config --local --name-only --get-regexp 'http\.https\:\/\/github\.com\/\.extraheader' && git config --local --unset-all 'http.https://github.com/.extraheader' || :"
test (macos-latest, 3.12)	Post Run actions/checkout@v4	2026-09-04T18:03:36.9575200Z [command]/opt/homebrew/bin/git config --local --name-only --get-regexp ^includeIf\.gitdir:
test (macos-latest, 3.12)	Post Run actions/checkout@v4	2026-09-04T18:03:36.9879930Z [command]/opt/homebrew/bin/git submodule foreach --recursive git config --local --show-origin --name-only --get-regexp remote.origin.url
test (macos-latest, 3.12)	Complete job	﻿2026-09-04T18:03:37.1613150Z Cleaning up orphan processes
test (macos-latest, 3.12)	Complete job	2026-09-04T18:03:37.7014040Z ##[warning]Node.js 20 is deprecated. The following actions target Node.js 20 but are being forced to run on Node.js 24: actions/checkout@v4, actions/setup-python@v5, actions/upload-artifact@v4, astral-sh/setup-uv@v3. For more information see: https://github.blog/changelog/2025-09-19-deprecation-of-node-20-on-github-actions-runners/
test (ubuntu-latest, 3.12)	Set up job	﻿2026-09-04T18:03:10.5691174Z Current runner version: '2.337.0'
test (ubuntu-latest, 3.12)	Set up job	2026-09-04T18:03:10.5709271Z ##[group]Runner Image Provisioner
test (ubuntu-latest, 3.12)	Set up job	2026-09-04T18:03:10.5709956Z Hosted Compute Agent
test (ubuntu-latest, 3.12)	Set up job	2026-09-04T18:03:10.5710371Z Version: 20260828.587
test (ubuntu-latest, 3.12)	Set up job	2026-09-04T18:03:10.5710890Z Commit: abac92662cab4cc7352de4f9f9d2e2419aad9c29
test (ubuntu-latest, 3.12)	Set up job	2026-09-04T18:03:10.5711404Z Build Date: 2026-08-28T16:44:25Z
test (ubuntu-latest, 3.12)	Set up job	2026-09-04T18:03:10.5711881Z Worker ID: {c968a2cb-71b5-4f29-a5c4-9aea1b9530b5}
test (ubuntu-latest, 3.12)	Set up job	2026-09-04T18:03:10.5712398Z Azure Region: centralus
test (ubuntu-latest, 3.12)	Set up job	2026-09-04T18:03:10.5712799Z ##[endgroup]
test (ubuntu-latest, 3.12)	Set up job	2026-09-04T18:03:10.5714096Z ##[group]Operating System
test (ubuntu-latest, 3.12)	Set up job	2026-09-04T18:03:10.5714531Z Ubuntu
test (ubuntu-latest, 3.12)	Set up job	2026-09-04T18:03:10.5714884Z 24.04.4
test (ubuntu-latest, 3.12)	Set up job	2026-09-04T18:03:10.5715276Z LTS
test (ubuntu-latest, 3.12)	Set up job	2026-09-04T18:03:10.5715634Z ##[endgroup]
test (ubuntu-latest, 3.12)	Set up job	2026-09-04T18:03:10.5716075Z ##[group]Runner Image
test (ubuntu-latest, 3.12)	Set up job	2026-09-04T18:03:10.5716480Z Image: ubuntu-24.04
test (ubuntu-latest, 3.12)	Set up job	2026-09-04T18:03:10.5716852Z Version: 20260831.293.1
test (ubuntu-latest, 3.12)	Set up job	2026-09-04T18:03:10.5717605Z Included Software: https://github.com/actions/runner-images/blob/ubuntu24/20260831.293/images/ubuntu/Ubuntu2404-Readme.md
test (ubuntu-latest, 3.12)	Set up job	2026-09-04T18:03:10.5719159Z Image Release: https://github.com/actions/runner-images/releases/tag/ubuntu24%2F20260831.293
test (ubuntu-latest, 3.12)	Set up job	2026-09-04T18:03:10.5719824Z ##[endgroup]
test (ubuntu-latest, 3.12)	Set up job	2026-09-04T18:03:10.5720704Z ##[group]GITHUB_TOKEN Permissions
test (ubuntu-latest, 3.12)	Set up job	2026-09-04T18:03:10.5722442Z Contents: read
test (ubuntu-latest, 3.12)	Set up job	2026-09-04T18:03:10.5722867Z Metadata: read
test (ubuntu-latest, 3.12)	Set up job	2026-09-04T18:03:10.5723284Z Packages: read
test (ubuntu-latest, 3.12)	Set up job	2026-09-04T18:03:10.5724028Z ##[endgroup]
test (ubuntu-latest, 3.12)	Set up job	2026-09-04T18:03:10.5725654Z Secret source: Actions
test (ubuntu-latest, 3.12)	Set up job	2026-09-04T18:03:10.5726427Z Prepare workflow directory
test (ubuntu-latest, 3.12)	Set up job	2026-09-04T18:03:10.5973878Z Prepare all required actions
test (ubuntu-latest, 3.12)	Set up job	2026-09-04T18:03:10.6009377Z Getting action download info
test (ubuntu-latest, 3.12)	Set up job	2026-09-04T18:03:10.8194325Z Download action repository 'actions/checkout@v4' (SHA:11d5960a326750d5838078e36cf38b85af677262)
test (ubuntu-latest, 3.12)	Set up job	2026-09-04T18:03:10.9284687Z Download action repository 'actions/setup-python@v5' (SHA:a26af69be951a213d495a4c3e4e4022e16d87065)
test (ubuntu-latest, 3.12)	Set up job	2026-09-04T18:03:11.0166350Z Download action repository 'astral-sh/setup-uv@v3' (SHA:caf0cab7a618c569241d31dcd442f54681755d39)
test (ubuntu-latest, 3.12)	Set up job	2026-09-04T18:03:11.5126742Z Download action repository 'actions/upload-artifact@v4' (SHA:ea165f8d65b6e75b540449e92b4886f43607fa02)
test (ubuntu-latest, 3.12)	Set up job	2026-09-04T18:03:11.7706739Z Complete job name: test (ubuntu-latest, 3.12)
test (ubuntu-latest, 3.12)	Run actions/checkout@v4	﻿2026-09-04T18:03:11.8241163Z Node 20 is being deprecated. This workflow is running with Node 24 by default. If you need to temporarily use Node 20, you can set the ACTIONS_ALLOW_USE_UNSECURE_NODE_VERSION=true environment variable. For more information see: https://github.blog/changelog/2025-09-19-deprecation-of-node-20-on-github-actions-runners/
test (ubuntu-latest, 3.12)	Run actions/checkout@v4	2026-09-04T18:03:11.8248156Z ##[group]Run actions/checkout@v4
test (ubuntu-latest, 3.12)	Run actions/checkout@v4	2026-09-04T18:03:11.8248859Z with:
test (ubuntu-latest, 3.12)	Run actions/checkout@v4	2026-09-04T18:03:11.8249331Z   repository: ljheee/unified-quant
test (ubuntu-latest, 3.12)	Run actions/checkout@v4	2026-09-04T18:03:11.8252303Z   token: ***
test (ubuntu-latest, 3.12)	Run actions/checkout@v4	2026-09-04T18:03:11.8252720Z   ssh-strict: true
test (ubuntu-latest, 3.12)	Run actions/checkout@v4	2026-09-04T18:03:11.8253134Z   ssh-user: git
test (ubuntu-latest, 3.12)	Run actions/checkout@v4	2026-09-04T18:03:11.8253924Z   persist-credentials: true
test (ubuntu-latest, 3.12)	Run actions/checkout@v4	2026-09-04T18:03:11.8254435Z   clean: true
test (ubuntu-latest, 3.12)	Run actions/checkout@v4	2026-09-04T18:03:11.8254866Z   sparse-checkout-cone-mode: true
test (ubuntu-latest, 3.12)	Run actions/checkout@v4	2026-09-04T18:03:11.8255353Z   fetch-depth: 1
test (ubuntu-latest, 3.12)	Run actions/checkout@v4	2026-09-04T18:03:11.8255786Z   fetch-tags: false
test (ubuntu-latest, 3.12)	Run actions/checkout@v4	2026-09-04T18:03:11.8256219Z   show-progress: true
test (ubuntu-latest, 3.12)	Run actions/checkout@v4	2026-09-04T18:03:11.8256665Z   lfs: false
test (ubuntu-latest, 3.12)	Run actions/checkout@v4	2026-09-04T18:03:11.8257084Z   submodules: false
test (ubuntu-latest, 3.12)	Run actions/checkout@v4	2026-09-04T18:03:11.8257619Z   set-safe-directory: true
test (ubuntu-latest, 3.12)	Run actions/checkout@v4	2026-09-04T18:03:11.8258073Z   allow-unsafe-pr-checkout: false
test (ubuntu-latest, 3.12)	Run actions/checkout@v4	2026-09-04T18:03:11.8258753Z ##[endgroup]
test (ubuntu-latest, 3.12)	Run actions/checkout@v4	2026-09-04T18:03:11.9006498Z Syncing repository: ljheee/unified-quant
test (ubuntu-latest, 3.12)	Run actions/checkout@v4	2026-09-04T18:03:11.9008843Z ##[group]Getting Git version info
test (ubuntu-latest, 3.12)	Run actions/checkout@v4	2026-09-04T18:03:11.9009695Z Working directory is '/home/runner/work/unified-quant/unified-quant'
test (ubuntu-latest, 3.12)	Run actions/checkout@v4	2026-09-04T18:03:11.9010718Z [command]/usr/bin/git version
test (ubuntu-latest, 3.12)	Run actions/checkout@v4	2026-09-04T18:03:11.9075577Z git version 2.55.0
test (ubuntu-latest, 3.12)	Run actions/checkout@v4	2026-09-04T18:03:11.9096569Z ##[endgroup]
test (ubuntu-latest, 3.12)	Run actions/checkout@v4	2026-09-04T18:03:11.9111622Z Temporarily overriding HOME='/home/runner/work/_temp/5aba63f8-1dd9-4db9-9fa0-e1d748ebd6df' before making global git config changes
test (ubuntu-latest, 3.12)	Run actions/checkout@v4	2026-09-04T18:03:11.9113130Z Adding repository directory to the temporary git global config as a safe directory
test (ubuntu-latest, 3.12)	Run actions/checkout@v4	2026-09-04T18:03:11.9114854Z [command]/usr/bin/git config --global --add safe.directory /home/runner/work/unified-quant/unified-quant
test (ubuntu-latest, 3.12)	Run actions/checkout@v4	2026-09-04T18:03:11.9156313Z Deleting the contents of '/home/runner/work/unified-quant/unified-quant'
test (ubuntu-latest, 3.12)	Run actions/checkout@v4	2026-09-04T18:03:11.9158132Z ##[group]Initializing the repository
test (ubuntu-latest, 3.12)	Run actions/checkout@v4	2026-09-04T18:03:11.9163062Z [command]/usr/bin/git init /home/runner/work/unified-quant/unified-quant
test (ubuntu-latest, 3.12)	Run actions/checkout@v4	2026-09-04T18:03:11.9250615Z hint: Using 'master' as the name for the initial branch. This default branch name
test (ubuntu-latest, 3.12)	Run actions/checkout@v4	2026-09-04T18:03:11.9251719Z hint: will change to "main" in Git 3.0. To configure the initial branch name
test (ubuntu-latest, 3.12)	Run actions/checkout@v4	2026-09-04T18:03:11.9255304Z hint: to use in all of your new repositories, which will suppress this warning,
test (ubuntu-latest, 3.12)	Run actions/checkout@v4	2026-09-04T18:03:11.9256865Z hint: call:
test (ubuntu-latest, 3.12)	Run actions/checkout@v4	2026-09-04T18:03:11.9257554Z hint:
test (ubuntu-latest, 3.12)	Run actions/checkout@v4	2026-09-04T18:03:11.9258172Z hint: 	git config --global init.defaultBranch <name>
test (ubuntu-latest, 3.12)	Run actions/checkout@v4	2026-09-04T18:03:11.9258812Z hint:
test (ubuntu-latest, 3.12)	Run actions/checkout@v4	2026-09-04T18:03:11.9259420Z hint: Names commonly chosen instead of 'master' are 'main', 'trunk' and
test (ubuntu-latest, 3.12)	Run actions/checkout@v4	2026-09-04T18:03:11.9260368Z hint: 'development'. The just-created branch can be renamed via this command:
test (ubuntu-latest, 3.12)	Run actions/checkout@v4	2026-09-04T18:03:11.9261147Z hint:
test (ubuntu-latest, 3.12)	Run actions/checkout@v4	2026-09-04T18:03:11.9261825Z hint: 	git branch -m <name>
test (ubuntu-latest, 3.12)	Run actions/checkout@v4	2026-09-04T18:03:11.9263091Z hint:
test (ubuntu-latest, 3.12)	Run actions/checkout@v4	2026-09-04T18:03:11.9264246Z hint: Disable this message with "git config set advice.defaultBranchName false"
test (ubuntu-latest, 3.12)	Run actions/checkout@v4	2026-09-04T18:03:11.9265614Z Initialized empty Git repository in /home/runner/work/unified-quant/unified-quant/.git/
test (ubuntu-latest, 3.12)	Run actions/checkout@v4	2026-09-04T18:03:11.9268429Z [command]/usr/bin/git remote add origin https://github.com/ljheee/unified-quant
test (ubuntu-latest, 3.12)	Run actions/checkout@v4	2026-09-04T18:03:11.9301027Z ##[endgroup]
test (ubuntu-latest, 3.12)	Run actions/checkout@v4	2026-09-04T18:03:11.9301825Z ##[group]Disabling automatic garbage collection
test (ubuntu-latest, 3.12)	Run actions/checkout@v4	2026-09-04T18:03:11.9304913Z [command]/usr/bin/git config --local gc.auto 0
test (ubuntu-latest, 3.12)	Run actions/checkout@v4	2026-09-04T18:03:11.9327555Z ##[endgroup]
test (ubuntu-latest, 3.12)	Run actions/checkout@v4	2026-09-04T18:03:11.9328381Z ##[group]Setting up auth
test (ubuntu-latest, 3.12)	Run actions/checkout@v4	2026-09-04T18:03:11.9334500Z [command]/usr/bin/git config --local --name-only --get-regexp core\.sshCommand
test (ubuntu-latest, 3.12)	Run actions/checkout@v4	2026-09-04T18:03:11.9358790Z [command]/usr/bin/git submodule foreach --recursive sh -c "git config --local --name-only --get-regexp 'core\.sshCommand' && git config --local --unset-all 'core.sshCommand' || :"
test (ubuntu-latest, 3.12)	Run actions/checkout@v4	2026-09-04T18:03:11.9854271Z [command]/usr/bin/git config --local --name-only --get-regexp http\.https\:\/\/github\.com\/\.extraheader
test (ubuntu-latest, 3.12)	Run actions/checkout@v4	2026-09-04T18:03:11.9879291Z [command]/usr/bin/git submodule foreach --recursive sh -c "git config --local --name-only --get-regexp 'http\.https\:\/\/github\.com\/\.extraheader' && git config --local --unset-all 'http.https://github.com/.extraheader' || :"
test (ubuntu-latest, 3.12)	Run actions/checkout@v4	2026-09-04T18:03:12.0024737Z [command]/usr/bin/git config --local --name-only --get-regexp ^includeIf\.gitdir:
test (ubuntu-latest, 3.12)	Run actions/checkout@v4	2026-09-04T18:03:12.0049421Z [command]/usr/bin/git submodule foreach --recursive git config --local --show-origin --name-only --get-regexp remote.origin.url
test (ubuntu-latest, 3.12)	Run actions/checkout@v4	2026-09-04T18:03:12.0192619Z [command]/usr/bin/git config --local http.https://github.com/.extraheader AUTHORIZATION: basic ***
test (ubuntu-latest, 3.12)	Run actions/checkout@v4	2026-09-04T18:03:12.0271814Z ##[endgroup]
test (ubuntu-latest, 3.12)	Run actions/checkout@v4	2026-09-04T18:03:12.0272745Z ##[group]Fetching the repository
test (ubuntu-latest, 3.12)	Run actions/checkout@v4	2026-09-04T18:03:12.0279238Z [command]/usr/bin/git -c protocol.version=2 fetch --no-tags --prune --no-recurse-submodules --depth=1 origin +e631740c51abd6f10390fd9bfefd1c6540e5f2c5:refs/remotes/origin/main
test (ubuntu-latest, 3.12)	Run actions/checkout@v4	2026-09-04T18:03:12.6499549Z From https://github.com/ljheee/unified-quant
test (ubuntu-latest, 3.12)	Run actions/checkout@v4	2026-09-04T18:03:12.6501090Z  * [new ref]         e631740c51abd6f10390fd9bfefd1c6540e5f2c5 -> origin/main
test (ubuntu-latest, 3.12)	Run actions/checkout@v4	2026-09-04T18:03:12.6504430Z ##[endgroup]
test (ubuntu-latest, 3.12)	Run actions/checkout@v4	2026-09-04T18:03:12.6505736Z ##[group]Determining the checkout info
test (ubuntu-latest, 3.12)	Run actions/checkout@v4	2026-09-04T18:03:12.6507421Z ##[endgroup]
test (ubuntu-latest, 3.12)	Run actions/checkout@v4	2026-09-04T18:03:12.6512363Z [command]/usr/bin/git sparse-checkout disable
test (ubuntu-latest, 3.12)	Run actions/checkout@v4	2026-09-04T18:03:12.6551087Z [command]/usr/bin/git config --local --unset-all extensions.worktreeConfig
test (ubuntu-latest, 3.12)	Run actions/checkout@v4	2026-09-04T18:03:12.6574171Z ##[group]Checking out the ref
test (ubuntu-latest, 3.12)	Run actions/checkout@v4	2026-09-04T18:03:12.6576218Z [command]/usr/bin/git checkout --progress --force -B main refs/remotes/origin/main
test (ubuntu-latest, 3.12)	Run actions/checkout@v4	2026-09-04T18:03:12.6949251Z Switched to a new branch 'main'
test (ubuntu-latest, 3.12)	Run actions/checkout@v4	2026-09-04T18:03:12.6954221Z branch 'main' set up to track 'origin/main'.
test (ubuntu-latest, 3.12)	Run actions/checkout@v4	2026-09-04T18:03:12.6957685Z ##[endgroup]
test (ubuntu-latest, 3.12)	Run actions/checkout@v4	2026-09-04T18:03:12.6986097Z [command]/usr/bin/git log -1 --format=%H
test (ubuntu-latest, 3.12)	Run actions/checkout@v4	2026-09-04T18:03:12.7003190Z e631740c51abd6f10390fd9bfefd1c6540e5f2c5
test (ubuntu-latest, 3.12)	Run actions/setup-python@v5	﻿2026-09-04T18:03:12.7288477Z Node 20 is being deprecated. This workflow is running with Node 24 by default. If you need to temporarily use Node 20, you can set the ACTIONS_ALLOW_USE_UNSECURE_NODE_VERSION=true environment variable. For more information see: https://github.blog/changelog/2025-09-19-deprecation-of-node-20-on-github-actions-runners/
test (ubuntu-latest, 3.12)	Run actions/setup-python@v5	2026-09-04T18:03:12.7292985Z ##[group]Run actions/setup-python@v5
test (ubuntu-latest, 3.12)	Run actions/setup-python@v5	2026-09-04T18:03:12.7293990Z with:
test (ubuntu-latest, 3.12)	Run actions/setup-python@v5	2026-09-04T18:03:12.7294746Z   python-version: 3.12
test (ubuntu-latest, 3.12)	Run actions/setup-python@v5	2026-09-04T18:03:12.7295542Z   check-latest: false
test (ubuntu-latest, 3.12)	Run actions/setup-python@v5	2026-09-04T18:03:12.7301910Z   token: ***
test (ubuntu-latest, 3.12)	Run actions/setup-python@v5	2026-09-04T18:03:12.7302689Z   update-environment: true
test (ubuntu-latest, 3.12)	Run actions/setup-python@v5	2026-09-04T18:03:12.7303670Z   allow-prereleases: false
test (ubuntu-latest, 3.12)	Run actions/setup-python@v5	2026-09-04T18:03:12.7304589Z   freethreaded: false
test (ubuntu-latest, 3.12)	Run actions/setup-python@v5	2026-09-04T18:03:12.7305347Z ##[endgroup]
test (ubuntu-latest, 3.12)	Run actions/setup-python@v5	2026-09-04T18:03:12.8315984Z ##[group]Installed versions
test (ubuntu-latest, 3.12)	Run actions/setup-python@v5	2026-09-04T18:03:12.8400705Z (node:2044) [DEP0040] DeprecationWarning: The `punycode` module is deprecated. Please use a userland alternative instead.
test (ubuntu-latest, 3.12)	Run actions/setup-python@v5	2026-09-04T18:03:12.8403402Z (Use `node --trace-deprecation ...` to show where the warning was created)
test (ubuntu-latest, 3.12)	Run actions/setup-python@v5	2026-09-04T18:03:12.8405428Z Successfully set up CPython (3.12.14)
test (ubuntu-latest, 3.12)	Run actions/setup-python@v5	2026-09-04T18:03:12.8407610Z ##[endgroup]
test (ubuntu-latest, 3.12)	Run astral-sh/setup-uv@v3	﻿2026-09-04T18:03:12.8587939Z Node 20 is being deprecated. This workflow is running with Node 24 by default. If you need to temporarily use Node 20, you can set the ACTIONS_ALLOW_USE_UNSECURE_NODE_VERSION=true environment variable. For more information see: https://github.blog/changelog/2025-09-19-deprecation-of-node-20-on-github-actions-runners/
test (ubuntu-latest, 3.12)	Run astral-sh/setup-uv@v3	2026-09-04T18:03:12.8591928Z ##[group]Run astral-sh/setup-uv@v3
test (ubuntu-latest, 3.12)	Run astral-sh/setup-uv@v3	2026-09-04T18:03:12.8593036Z with:
test (ubuntu-latest, 3.12)	Run astral-sh/setup-uv@v3	2026-09-04T18:03:12.8594013Z   version: latest
test (ubuntu-latest, 3.12)	Run astral-sh/setup-uv@v3	2026-09-04T18:03:12.8600990Z   github-token: ***
test (ubuntu-latest, 3.12)	Run astral-sh/setup-uv@v3	2026-09-04T18:03:12.8601789Z   enable-cache: false
test (ubuntu-latest, 3.12)	Run astral-sh/setup-uv@v3	2026-09-04T18:03:12.8602635Z   cache-dependency-glob: **/uv.lock
test (ubuntu-latest, 3.12)	Run astral-sh/setup-uv@v3	2026-09-04T18:03:12.8603765Z   prune-cache: true
test (ubuntu-latest, 3.12)	Run astral-sh/setup-uv@v3	2026-09-04T18:03:12.8604496Z env:
test (ubuntu-latest, 3.12)	Run astral-sh/setup-uv@v3	2026-09-04T18:03:12.8605351Z   pythonLocation: /opt/hostedtoolcache/Python/3.12.14/x64
test (ubuntu-latest, 3.12)	Run astral-sh/setup-uv@v3	2026-09-04T18:03:12.8606668Z   PKG_CONFIG_PATH: /opt/hostedtoolcache/Python/3.12.14/x64/lib/pkgconfig
test (ubuntu-latest, 3.12)	Run astral-sh/setup-uv@v3	2026-09-04T18:03:12.8608328Z   Python_ROOT_DIR: /opt/hostedtoolcache/Python/3.12.14/x64
test (ubuntu-latest, 3.12)	Run astral-sh/setup-uv@v3	2026-09-04T18:03:12.8610715Z   Python2_ROOT_DIR: /opt/hostedtoolcache/Python/3.12.14/x64
test (ubuntu-latest, 3.12)	Run astral-sh/setup-uv@v3	2026-09-04T18:03:12.8613323Z   Python3_ROOT_DIR: /opt/hostedtoolcache/Python/3.12.14/x64
test (ubuntu-latest, 3.12)	Run astral-sh/setup-uv@v3	2026-09-04T18:03:12.8615309Z   LD_LIBRARY_PATH: /opt/hostedtoolcache/Python/3.12.14/x64/lib
test (ubuntu-latest, 3.12)	Run astral-sh/setup-uv@v3	2026-09-04T18:03:12.8616830Z ##[endgroup]
test (ubuntu-latest, 3.12)	Run astral-sh/setup-uv@v3	2026-09-04T18:03:12.9787961Z Downloading uv from "https://github.com/astral-sh/uv/releases/latest/download/uv-x86_64-unknown-linux-gnu.tar.gz" ...
test (ubuntu-latest, 3.12)	Run astral-sh/setup-uv@v3	2026-09-04T18:03:12.9796268Z (node:2052) [DEP0040] DeprecationWarning: The `punycode` module is deprecated. Please use a userland alternative instead.
test (ubuntu-latest, 3.12)	Run astral-sh/setup-uv@v3	2026-09-04T18:03:12.9798981Z (Use `node --trace-deprecation ...` to show where the warning was created)
test (ubuntu-latest, 3.12)	Run astral-sh/setup-uv@v3	2026-09-04T18:03:13.4956020Z [command]/usr/bin/tar xz --warning=no-unknown-keyword --overwrite -C /home/runner/work/_temp/84dd796c-51f4-481a-a931-069f594e3ddb -f /home/runner/work/_temp/b5a00f2f-3ef1-46ea-95f5-03409b736904
test (ubuntu-latest, 3.12)	Run astral-sh/setup-uv@v3	2026-09-04T18:03:14.0148356Z Added /opt/hostedtoolcache/uv/0.12.9/x86_64 to the path
test (ubuntu-latest, 3.12)	Run astral-sh/setup-uv@v3	2026-09-04T18:03:14.0149025Z Added /home/runner/.local/bin to the path
test (ubuntu-latest, 3.12)	Run astral-sh/setup-uv@v3	2026-09-04T18:03:14.0153023Z Successfully installed uv version 0.12.9
test (ubuntu-latest, 3.12)	Run astral-sh/setup-uv@v3	2026-09-04T18:03:14.0161363Z Set UV_CACHE_DIR to /home/runner/work/_temp/setup-uv-cache
test (ubuntu-latest, 3.12)	Run scripts/run_gate.sh	﻿2026-09-04T18:03:14.0240247Z ##[group]Run scripts/run_gate.sh
test (ubuntu-latest, 3.12)	Run scripts/run_gate.sh	2026-09-04T18:03:14.0240783Z ^[[36;1mscripts/run_gate.sh^[[0m
test (ubuntu-latest, 3.12)	Run scripts/run_gate.sh	2026-09-04T18:03:14.0324664Z shell: /usr/bin/bash -e {0}
test (ubuntu-latest, 3.12)	Run scripts/run_gate.sh	2026-09-04T18:03:14.0325038Z env:
test (ubuntu-latest, 3.12)	Run scripts/run_gate.sh	2026-09-04T18:03:14.0325340Z   pythonLocation: /opt/hostedtoolcache/Python/3.12.14/x64
test (ubuntu-latest, 3.12)	Run scripts/run_gate.sh	2026-09-04T18:03:14.0325750Z   PKG_CONFIG_PATH: /opt/hostedtoolcache/Python/3.12.14/x64/lib/pkgconfig
test (ubuntu-latest, 3.12)	Run scripts/run_gate.sh	2026-09-04T18:03:14.0326333Z   Python_ROOT_DIR: /opt/hostedtoolcache/Python/3.12.14/x64
test (ubuntu-latest, 3.12)	Run scripts/run_gate.sh	2026-09-04T18:03:14.0326680Z   Python2_ROOT_DIR: /opt/hostedtoolcache/Python/3.12.14/x64
test (ubuntu-latest, 3.12)	Run scripts/run_gate.sh	2026-09-04T18:03:14.0327028Z   Python3_ROOT_DIR: /opt/hostedtoolcache/Python/3.12.14/x64
test (ubuntu-latest, 3.12)	Run scripts/run_gate.sh	2026-09-04T18:03:14.0327736Z   LD_LIBRARY_PATH: /opt/hostedtoolcache/Python/3.12.14/x64/lib
test (ubuntu-latest, 3.12)	Run scripts/run_gate.sh	2026-09-04T18:03:14.0328478Z   UV_CACHE_DIR: /home/runner/work/_temp/setup-uv-cache
test (ubuntu-latest, 3.12)	Run scripts/run_gate.sh	2026-09-04T18:03:14.0328777Z ##[endgroup]
test (ubuntu-latest, 3.12)	Run scripts/run_gate.sh	2026-09-04T18:03:15.1635279Z Using CPython 3.12.14 interpreter at: /opt/hostedtoolcache/Python/3.12.14/x64/bin/python3
test (ubuntu-latest, 3.12)	Run scripts/run_gate.sh	2026-09-04T18:03:15.1672480Z Resolved 214 packages in 0.55ms
test (ubuntu-latest, 3.12)	Run scripts/run_gate.sh	2026-09-04T18:03:15.1781708Z Using CPython 3.12.14 interpreter at: /opt/hostedtoolcache/Python/3.12.14/x64/bin/python3
test (ubuntu-latest, 3.12)	Run scripts/run_gate.sh	2026-09-04T18:03:15.1782493Z Creating virtual environment at: .venv
test (ubuntu-latest, 3.12)	Run scripts/run_gate.sh	2026-09-04T18:03:15.1820817Z Resolved 214 packages in 0.44ms
test (ubuntu-latest, 3.12)	Run scripts/run_gate.sh	2026-09-04T18:03:15.1858213Z    Building unified-quant @ file:///home/runner/work/unified-quant/unified-quant
test (ubuntu-latest, 3.12)	Run scripts/run_gate.sh	2026-09-04T18:03:15.2566777Z Downloading cryptography (4.5MiB)
test (ubuntu-latest, 3.12)	Run scripts/run_gate.sh	2026-09-04T18:03:15.2796713Z Downloading pygments (1.2MiB)
test (ubuntu-latest, 3.12)	Run scripts/run_gate.sh	2026-09-04T18:03:15.2799656Z Downloading pyarrow (47.8MiB)
test (ubuntu-latest, 3.12)	Run scripts/run_gate.sh	2026-09-04T18:03:15.2801158Z Downloading scipy (33.7MiB)
test (ubuntu-latest, 3.12)	Run scripts/run_gate.sh	2026-09-04T18:03:15.2802262Z Downloading numpy (15.9MiB)
test (ubuntu-latest, 3.12)	Run scripts/run_gate.sh	2026-09-04T18:03:15.2806638Z Downloading pandas (11.8MiB)
test (ubuntu-latest, 3.12)	Run scripts/run_gate.sh	2026-09-04T18:03:15.2812085Z Downloading lxml (5.0MiB)
test (ubuntu-latest, 3.12)	Run scripts/run_gate.sh	2026-09-04T18:03:15.2812664Z Downloading scikit-learn (8.7MiB)
test (ubuntu-latest, 3.12)	Run scripts/run_gate.sh	2026-09-04T18:03:15.2815550Z Downloading py-mini-racer (5.2MiB)
test (ubuntu-latest, 3.12)	Run scripts/run_gate.sh	2026-09-04T18:03:16.1627162Z  Downloaded pygments
test (ubuntu-latest, 3.12)	Run scripts/run_gate.sh	2026-09-04T18:03:17.8065595Z  Downloaded cryptography
test (ubuntu-latest, 3.12)	Run scripts/run_gate.sh	2026-09-04T18:03:18.0282278Z  Downloaded py-mini-racer
test (ubuntu-latest, 3.12)	Run scripts/run_gate.sh	2026-09-04T18:03:18.0506265Z  Downloaded lxml
test (ubuntu-latest, 3.12)	Run scripts/run_gate.sh	2026-09-04T18:03:18.7978431Z       Built unified-quant @ file:///home/runner/work/unified-quant/unified-quant
test (ubuntu-latest, 3.12)	Run scripts/run_gate.sh	2026-09-04T18:03:19.1607056Z  Downloaded scikit-learn
test (ubuntu-latest, 3.12)	Run scripts/run_gate.sh	2026-09-04T18:03:19.9298136Z  Downloaded pandas
test (ubuntu-latest, 3.12)	Run scripts/run_gate.sh	2026-09-04T18:03:21.0671305Z  Downloaded numpy
test (ubuntu-latest, 3.12)	Run scripts/run_gate.sh	2026-09-04T18:03:25.5645958Z  Downloaded scipy
test (ubuntu-latest, 3.12)	Run scripts/run_gate.sh	2026-09-04T18:03:26.6126721Z  Downloaded pyarrow
test (ubuntu-latest, 3.12)	Run scripts/run_gate.sh	2026-09-04T18:03:26.6128323Z Prepared 53 packages in 11.42s
test (ubuntu-latest, 3.12)	Run scripts/run_gate.sh	2026-09-04T18:03:26.6441583Z Installed 53 packages in 31ms
test (ubuntu-latest, 3.12)	Run scripts/run_gate.sh	2026-09-04T18:03:26.6442237Z  + anyio==4.14.2
test (ubuntu-latest, 3.12)	Run scripts/run_gate.sh	2026-09-04T18:03:26.6442530Z  + attrs==26.1.0
test (ubuntu-latest, 3.12)	Run scripts/run_gate.sh	2026-09-04T18:03:26.6442840Z  + beautifulsoup4==4.15.0
test (ubuntu-latest, 3.12)	Run scripts/run_gate.sh	2026-09-04T18:03:26.6443181Z  + bs4==0.0.2
test (ubuntu-latest, 3.12)	Run scripts/run_gate.sh	2026-09-04T18:03:26.6443630Z  + certifi==2026.7.22
test (ubuntu-latest, 3.12)	Run scripts/run_gate.sh	2026-09-04T18:03:26.6443957Z  + cffi==2.1.1
test (ubuntu-latest, 3.12)	Run scripts/run_gate.sh	2026-09-04T18:03:26.6444258Z  + charset-normalizer==3.5.1
test (ubuntu-latest, 3.12)	Run scripts/run_gate.sh	2026-09-04T18:03:26.6444611Z  + click==8.4.2
test (ubuntu-latest, 3.12)	Run scripts/run_gate.sh	2026-09-04T18:03:26.6444915Z  + cryptography==49.0.0
test (ubuntu-latest, 3.12)	Run scripts/run_gate.sh	2026-09-04T18:03:26.6445355Z  + h11==0.16.0
test (ubuntu-latest, 3.12)	Run scripts/run_gate.sh	2026-09-04T18:03:26.6445653Z  + httpcore==1.0.9
test (ubuntu-latest, 3.12)	Run scripts/run_gate.sh	2026-09-04T18:03:26.6445928Z  + httpx==0.25.2
test (ubuntu-latest, 3.12)	Run scripts/run_gate.sh	2026-09-04T18:03:26.6446180Z  + idna==3.19
test (ubuntu-latest, 3.12)	Run scripts/run_gate.sh	2026-09-04T18:03:26.6446483Z  + iniconfig==2.3.0
test (ubuntu-latest, 3.12)	Run scripts/run_gate.sh	2026-09-04T18:03:26.6446799Z  + joblib==1.5.3
test (ubuntu-latest, 3.12)	Run scripts/run_gate.sh	2026-09-04T18:03:26.6447115Z  + jsonschema==4.26.0
test (ubuntu-latest, 3.12)	Run scripts/run_gate.sh	2026-09-04T18:03:26.6447509Z  + jsonschema-specifications==2025.9.1
test (ubuntu-latest, 3.12)	Run scripts/run_gate.sh	2026-09-04T18:03:26.6447894Z  + lxml==6.1.2
test (ubuntu-latest, 3.12)	Run scripts/run_gate.sh	2026-09-04T18:03:26.6448187Z  + mootdx==0.11.7
test (ubuntu-latest, 3.12)	Run scripts/run_gate.sh	2026-09-04T18:03:26.6448483Z  + narwhals==2.25.0
test (ubuntu-latest, 3.12)	Run scripts/run_gate.sh	2026-09-04T18:03:26.6448771Z  + numpy==2.5.2
test (ubuntu-latest, 3.12)	Run scripts/run_gate.sh	2026-09-04T18:03:26.6449036Z  + packaging==26.3
test (ubuntu-latest, 3.12)	Run scripts/run_gate.sh	2026-09-04T18:03:26.6449305Z  + pandas==2.3.3
test (ubuntu-latest, 3.12)	Run scripts/run_gate.sh	2026-09-04T18:03:26.6449596Z  + pluggy==1.6.0
test (ubuntu-latest, 3.12)	Run scripts/run_gate.sh	2026-09-04T18:03:26.6449891Z  + prettytable==3.18.0
test (ubuntu-latest, 3.12)	Run scripts/run_gate.sh	2026-09-04T18:03:26.6450169Z  + py-mini-racer==0.6.0
test (ubuntu-latest, 3.12)	Run scripts/run_gate.sh	2026-09-04T18:03:26.6450520Z  + pyarrow==25.0.1
test (ubuntu-latest, 3.12)	Run scripts/run_gate.sh	2026-09-04T18:03:26.6450794Z  + pycparser==3.0
test (ubuntu-latest, 3.12)	Run scripts/run_gate.sh	2026-09-04T18:03:26.6451078Z  + pygments==2.21.0
test (ubuntu-latest, 3.12)	Run scripts/run_gate.sh	2026-09-04T18:03:26.6451375Z  + pytest==9.1.1
test (ubuntu-latest, 3.12)	Run scripts/run_gate.sh	2026-09-04T18:03:26.6451646Z  + python-dateutil==2.9.0.post0
test (ubuntu-latest, 3.12)	Run scripts/run_gate.sh	2026-09-04T18:03:26.6452272Z  + pytz==2026.3.post1
test (ubuntu-latest, 3.12)	Run scripts/run_gate.sh	2026-09-04T18:03:26.6452557Z  + pyyaml==6.0.3
test (ubuntu-latest, 3.12)	Run scripts/run_gate.sh	2026-09-04T18:03:26.6452847Z  + referencing==0.37.0
test (ubuntu-latest, 3.12)	Run scripts/run_gate.sh	2026-09-04T18:03:26.6453175Z  + requests==2.34.2
test (ubuntu-latest, 3.12)	Run scripts/run_gate.sh	2026-09-04T18:03:26.6453455Z  + rpds-py==2026.6.3
test (ubuntu-latest, 3.12)	Run scripts/run_gate.sh	2026-09-04T18:03:26.6454331Z  + scikit-learn==1.9.0
test (ubuntu-latest, 3.12)	Run scripts/run_gate.sh	2026-09-04T18:03:26.6454631Z  + scipy==1.18.1
test (ubuntu-latest, 3.12)	Run scripts/run_gate.sh	2026-09-04T18:03:26.6455425Z  + simplejson==4.1.1
test (ubuntu-latest, 3.12)	Run scripts/run_gate.sh	2026-09-04T18:03:26.6455792Z  + six==1.17.0
test (ubuntu-latest, 3.12)	Run scripts/run_gate.sh	2026-09-04T18:03:26.6456054Z  + sniffio==1.3.1
test (ubuntu-latest, 3.12)	Run scripts/run_gate.sh	2026-09-04T18:03:26.6456352Z  + soupsieve==2.9.2
test (ubuntu-latest, 3.12)	Run scripts/run_gate.sh	2026-09-04T18:03:26.6456632Z  + tdxpy==0.2.7
test (ubuntu-latest, 3.12)	Run scripts/run_gate.sh	2026-09-04T18:03:26.6456919Z  + tenacity==8.5.0
test (ubuntu-latest, 3.12)	Run scripts/run_gate.sh	2026-09-04T18:03:26.6457245Z  + threadpoolctl==3.6.0
test (ubuntu-latest, 3.12)	Run scripts/run_gate.sh	2026-09-04T18:03:26.6457544Z  + tqdm==4.70.0
test (ubuntu-latest, 3.12)	Run scripts/run_gate.sh	2026-09-04T18:03:26.6457877Z  + tushare==1.4.29
test (ubuntu-latest, 3.12)	Run scripts/run_gate.sh	2026-09-04T18:03:26.6458178Z  + typing-extensions==4.16.0
test (ubuntu-latest, 3.12)	Run scripts/run_gate.sh	2026-09-04T18:03:26.6458511Z  + tzdata==2026.3
test (ubuntu-latest, 3.12)	Run scripts/run_gate.sh	2026-09-04T18:03:26.6458997Z  + unified-quant==0.1.0 (from file:///home/runner/work/unified-quant/unified-quant)
test (ubuntu-latest, 3.12)	Run scripts/run_gate.sh	2026-09-04T18:03:26.6459491Z  + urllib3==2.7.0
test (ubuntu-latest, 3.12)	Run scripts/run_gate.sh	2026-09-04T18:03:26.6459779Z  + wcwidth==0.8.2
test (ubuntu-latest, 3.12)	Run scripts/run_gate.sh	2026-09-04T18:03:26.6460065Z  + websocket-client==1.9.0
test (ubuntu-latest, 3.12)	Run scripts/run_gate.sh	2026-09-04T18:03:33.0063430Z ........................................................................ [ 17%]
test (ubuntu-latest, 3.12)	Run scripts/run_gate.sh	2026-09-04T18:03:35.9736624Z ........................................................................ [ 34%]
test (ubuntu-latest, 3.12)	Run scripts/run_gate.sh	2026-09-04T18:03:38.1679463Z ......s................................................................. [ 51%]
test (ubuntu-latest, 3.12)	Run scripts/run_gate.sh	2026-09-04T18:03:39.2419036Z ................................................................sssssss. [ 68%]
test (ubuntu-latest, 3.12)	Run scripts/run_gate.sh	2026-09-04T18:03:41.5919325Z .s...ss................................................................. [ 86%]
test (ubuntu-latest, 3.12)	Run scripts/run_gate.sh	2026-09-04T18:03:43.3425114Z ..........................................................               [100%]
test (ubuntu-latest, 3.12)	Run scripts/run_gate.sh	2026-09-04T18:03:43.3425877Z =============================== warnings summary ===============================
test (ubuntu-latest, 3.12)	Run scripts/run_gate.sh	2026-09-04T18:03:43.3426494Z tests/test_release_acceptance.py::test_null_rate_threshold_rejects_publication
test (ubuntu-latest, 3.12)	Run scripts/run_gate.sh	2026-09-04T18:03:43.3427021Z tests/test_release_acceptance.py::test_null_rate_threshold_rejects_publication
test (ubuntu-latest, 3.12)	Run scripts/run_gate.sh	2026-09-04T18:03:43.3427491Z tests/test_release_acceptance.py::test_null_rate_threshold_rejects_publication
test (ubuntu-latest, 3.12)	Run scripts/run_gate.sh	2026-09-04T18:03:43.3427896Z tests/test_release_acceptance.py::test_null_rate_threshold_rejects_publication
test (ubuntu-latest, 3.12)	Run scripts/run_gate.sh	2026-09-04T18:03:43.3428333Z tests/test_release_acceptance.py::test_null_rate_threshold_rejects_publication
test (ubuntu-latest, 3.12)	Run scripts/run_gate.sh	2026-09-04T18:03:43.3428756Z tests/test_release_acceptance.py::test_null_rate_threshold_rejects_publication
test (ubuntu-latest, 3.12)	Run scripts/run_gate.sh	2026-09-04T18:03:43.3429764Z   /home/runner/work/unified-quant/unified-quant/src/uq/factors/raw_price.py:49: FutureWarning: Downcasting object dtype arrays on .fillna, .ffill, .bfill is deprecated and will change in a future version. Call result.infer_objects(copy=False) instead. To opt-in to the future behavior, set `pd.set_option('future.no_silent_downcasting', True)`
test (ubuntu-latest, 3.12)	Run scripts/run_gate.sh	2026-09-04T18:03:43.3430993Z     normalized = frame[columns].round(12).fillna(-0.0).replace([np.inf, -np.inf], np.nan).round(12)
test (ubuntu-latest, 3.12)	Run scripts/run_gate.sh	2026-09-04T18:03:43.3431303Z 
test (ubuntu-latest, 3.12)	Run scripts/run_gate.sh	2026-09-04T18:03:43.3431523Z -- Docs: https://docs.pytest.org/en/stable/how-to/capture-warnings.html
test (ubuntu-latest, 3.12)	Run scripts/run_gate.sh	2026-09-04T18:03:43.3431913Z 407 passed, 11 skipped, 6 warnings in 15.25s
test (ubuntu-latest, 3.12)	Run scripts/run_gate.sh	2026-09-04T18:03:43.5234872Z gate report: /home/runner/work/unified-quant/unified-quant/.gate/gate-report.json
test (ubuntu-latest, 3.12)	Run uv run --no-sync python -c "import uq.adapters.mootdx_source, uq.adapters.tushare_free; print('real imports ok')"	﻿2026-09-04T18:03:43.5270869Z ##[group]Run uv run --no-sync python -c "import uq.adapters.mootdx_source, uq.adapters.tushare_free; print('real imports ok')"
test (ubuntu-latest, 3.12)	Run uv run --no-sync python -c "import uq.adapters.mootdx_source, uq.adapters.tushare_free; print('real imports ok')"	2026-09-04T18:03:43.5271555Z ^[[36;1muv run --no-sync python -c "import uq.adapters.mootdx_source, uq.adapters.tushare_free; print('real imports ok')"^[[0m
test (ubuntu-latest, 3.12)	Run uv run --no-sync python -c "import uq.adapters.mootdx_source, uq.adapters.tushare_free; print('real imports ok')"	2026-09-04T18:03:43.5292216Z shell: /usr/bin/bash -e {0}
test (ubuntu-latest, 3.12)	Run uv run --no-sync python -c "import uq.adapters.mootdx_source, uq.adapters.tushare_free; print('real imports ok')"	2026-09-04T18:03:43.5292492Z env:
test (ubuntu-latest, 3.12)	Run uv run --no-sync python -c "import uq.adapters.mootdx_source, uq.adapters.tushare_free; print('real imports ok')"	2026-09-04T18:03:43.5292735Z   pythonLocation: /opt/hostedtoolcache/Python/3.12.14/x64
test (ubuntu-latest, 3.12)	Run uv run --no-sync python -c "import uq.adapters.mootdx_source, uq.adapters.tushare_free; print('real imports ok')"	2026-09-04T18:03:43.5293076Z   PKG_CONFIG_PATH: /opt/hostedtoolcache/Python/3.12.14/x64/lib/pkgconfig
test (ubuntu-latest, 3.12)	Run uv run --no-sync python -c "import uq.adapters.mootdx_source, uq.adapters.tushare_free; print('real imports ok')"	2026-09-04T18:03:43.5293688Z   Python_ROOT_DIR: /opt/hostedtoolcache/Python/3.12.14/x64
test (ubuntu-latest, 3.12)	Run uv run --no-sync python -c "import uq.adapters.mootdx_source, uq.adapters.tushare_free; print('real imports ok')"	2026-09-04T18:03:43.5294069Z   Python2_ROOT_DIR: /opt/hostedtoolcache/Python/3.12.14/x64
test (ubuntu-latest, 3.12)	Run uv run --no-sync python -c "import uq.adapters.mootdx_source, uq.adapters.tushare_free; print('real imports ok')"	2026-09-04T18:03:43.5294434Z   Python3_ROOT_DIR: /opt/hostedtoolcache/Python/3.12.14/x64
test (ubuntu-latest, 3.12)	Run uv run --no-sync python -c "import uq.adapters.mootdx_source, uq.adapters.tushare_free; print('real imports ok')"	2026-09-04T18:03:43.5294797Z   LD_LIBRARY_PATH: /opt/hostedtoolcache/Python/3.12.14/x64/lib
test (ubuntu-latest, 3.12)	Run uv run --no-sync python -c "import uq.adapters.mootdx_source, uq.adapters.tushare_free; print('real imports ok')"	2026-09-04T18:03:43.5295166Z   UV_CACHE_DIR: /home/runner/work/_temp/setup-uv-cache
test (ubuntu-latest, 3.12)	Run uv run --no-sync python -c "import uq.adapters.mootdx_source, uq.adapters.tushare_free; print('real imports ok')"	2026-09-04T18:03:43.5295598Z ##[endgroup]
test (ubuntu-latest, 3.12)	Run uv run --no-sync python -c "import uq.adapters.mootdx_source, uq.adapters.tushare_free; print('real imports ok')"	2026-09-04T18:03:43.8325716Z real imports ok
test (ubuntu-latest, 3.12)	Record certified environment cell	﻿2026-09-04T18:03:43.8827276Z ##[group]Run mkdir -p .gate/certification
test (ubuntu-latest, 3.12)	Record certified environment cell	2026-09-04T18:03:43.8827627Z ^[[36;1mmkdir -p .gate/certification^[[0m
test (ubuntu-latest, 3.12)	Record certified environment cell	2026-09-04T18:03:43.8828026Z ^[[36;1mprintf '%s\n' "ubuntu-latest/3.12" > .gate/certification/environment-cell.txt^[[0m
test (ubuntu-latest, 3.12)	Record certified environment cell	2026-09-04T18:03:43.8850735Z shell: /usr/bin/bash -e {0}
test (ubuntu-latest, 3.12)	Record certified environment cell	2026-09-04T18:03:43.8851067Z env:
test (ubuntu-latest, 3.12)	Record certified environment cell	2026-09-04T18:03:43.8851380Z   pythonLocation: /opt/hostedtoolcache/Python/3.12.14/x64
test (ubuntu-latest, 3.12)	Record certified environment cell	2026-09-04T18:03:43.8851767Z   PKG_CONFIG_PATH: /opt/hostedtoolcache/Python/3.12.14/x64/lib/pkgconfig
test (ubuntu-latest, 3.12)	Record certified environment cell	2026-09-04T18:03:43.8852127Z   Python_ROOT_DIR: /opt/hostedtoolcache/Python/3.12.14/x64
test (ubuntu-latest, 3.12)	Record certified environment cell	2026-09-04T18:03:43.8852439Z   Python2_ROOT_DIR: /opt/hostedtoolcache/Python/3.12.14/x64
test (ubuntu-latest, 3.12)	Record certified environment cell	2026-09-04T18:03:43.8852787Z   Python3_ROOT_DIR: /opt/hostedtoolcache/Python/3.12.14/x64
test (ubuntu-latest, 3.12)	Record certified environment cell	2026-09-04T18:03:43.8853127Z   LD_LIBRARY_PATH: /opt/hostedtoolcache/Python/3.12.14/x64/lib
test (ubuntu-latest, 3.12)	Record certified environment cell	2026-09-04T18:03:43.8853463Z   UV_CACHE_DIR: /home/runner/work/_temp/setup-uv-cache
test (ubuntu-latest, 3.12)	Record certified environment cell	2026-09-04T18:03:43.8853979Z ##[endgroup]
test (ubuntu-latest, 3.12)	Run actions/upload-artifact@v4	﻿2026-09-04T18:03:43.8954588Z Node 20 is being deprecated. This workflow is running with Node 24 by default. If you need to temporarily use Node 20, you can set the ACTIONS_ALLOW_USE_UNSECURE_NODE_VERSION=true environment variable. For more information see: https://github.blog/changelog/2025-09-19-deprecation-of-node-20-on-github-actions-runners/
test (ubuntu-latest, 3.12)	Run actions/upload-artifact@v4	2026-09-04T18:03:43.8955568Z ##[group]Run actions/upload-artifact@v4
test (ubuntu-latest, 3.12)	Run actions/upload-artifact@v4	2026-09-04T18:03:43.8955862Z with:
test (ubuntu-latest, 3.12)	Run actions/upload-artifact@v4	2026-09-04T18:03:43.8956128Z   name: gate-report-ubuntu-latest-3.12
test (ubuntu-latest, 3.12)	Run actions/upload-artifact@v4	2026-09-04T18:03:43.8956651Z   path: .gate/gate-report.json
test (ubuntu-latest, 3.12)	Run actions/upload-artifact@v4	.gate/requirements.lock.txt
test (ubuntu-latest, 3.12)	Run actions/upload-artifact@v4	.gate/requirements.lock.txt.sha256
test (ubuntu-latest, 3.12)	Run actions/upload-artifact@v4	.gate/certification/environment-cell.txt
test (ubuntu-latest, 3.12)	Run actions/upload-artifact@v4	
test (ubuntu-latest, 3.12)	Run actions/upload-artifact@v4	2026-09-04T18:03:43.8957227Z   if-no-files-found: error
test (ubuntu-latest, 3.12)	Run actions/upload-artifact@v4	2026-09-04T18:03:43.8957489Z   compression-level: 6
test (ubuntu-latest, 3.12)	Run actions/upload-artifact@v4	2026-09-04T18:03:43.8957741Z   overwrite: false
test (ubuntu-latest, 3.12)	Run actions/upload-artifact@v4	2026-09-04T18:03:43.8958001Z   include-hidden-files: false
test (ubuntu-latest, 3.12)	Run actions/upload-artifact@v4	2026-09-04T18:03:43.8958260Z env:
test (ubuntu-latest, 3.12)	Run actions/upload-artifact@v4	2026-09-04T18:03:43.8958569Z   pythonLocation: /opt/hostedtoolcache/Python/3.12.14/x64
test (ubuntu-latest, 3.12)	Run actions/upload-artifact@v4	2026-09-04T18:03:43.8958967Z   PKG_CONFIG_PATH: /opt/hostedtoolcache/Python/3.12.14/x64/lib/pkgconfig
test (ubuntu-latest, 3.12)	Run actions/upload-artifact@v4	2026-09-04T18:03:43.8959442Z   Python_ROOT_DIR: /opt/hostedtoolcache/Python/3.12.14/x64
test (ubuntu-latest, 3.12)	Run actions/upload-artifact@v4	2026-09-04T18:03:43.8959809Z   Python2_ROOT_DIR: /opt/hostedtoolcache/Python/3.12.14/x64
test (ubuntu-latest, 3.12)	Run actions/upload-artifact@v4	2026-09-04T18:03:43.8960150Z   Python3_ROOT_DIR: /opt/hostedtoolcache/Python/3.12.14/x64
test (ubuntu-latest, 3.12)	Run actions/upload-artifact@v4	2026-09-04T18:03:43.8960562Z   LD_LIBRARY_PATH: /opt/hostedtoolcache/Python/3.12.14/x64/lib
test (ubuntu-latest, 3.12)	Run actions/upload-artifact@v4	2026-09-04T18:03:43.8960938Z   UV_CACHE_DIR: /home/runner/work/_temp/setup-uv-cache
test (ubuntu-latest, 3.12)	Run actions/upload-artifact@v4	2026-09-04T18:03:43.8961248Z ##[endgroup]
test (ubuntu-latest, 3.12)	Run actions/upload-artifact@v4	2026-09-04T18:03:44.0182685Z (node:2188) [DEP0040] DeprecationWarning: The `punycode` module is deprecated. Please use a userland alternative instead.
test (ubuntu-latest, 3.12)	Run actions/upload-artifact@v4	2026-09-04T18:03:44.0183742Z (Use `node --trace-deprecation ...` to show where the warning was created)
test (ubuntu-latest, 3.12)	Run actions/upload-artifact@v4	2026-09-04T18:03:44.0237473Z Multiple search paths detected. Calculating the least common ancestor of all paths
test (ubuntu-latest, 3.12)	Run actions/upload-artifact@v4	2026-09-04T18:03:44.0304952Z The least common ancestor is /home/runner/work/unified-quant/unified-quant/.gate. This will be the root directory of the artifact
test (ubuntu-latest, 3.12)	Run actions/upload-artifact@v4	2026-09-04T18:03:44.0344745Z With the provided path, there will be 4 files uploaded
test (ubuntu-latest, 3.12)	Run actions/upload-artifact@v4	2026-09-04T18:03:44.0346037Z Artifact name is valid!
test (ubuntu-latest, 3.12)	Run actions/upload-artifact@v4	2026-09-04T18:03:44.0346523Z Root directory input is valid!
test (ubuntu-latest, 3.12)	Run actions/upload-artifact@v4	2026-09-04T18:03:44.2988047Z Beginning upload of artifact content to blob storage
test (ubuntu-latest, 3.12)	Run actions/upload-artifact@v4	2026-09-04T18:03:44.3142907Z (node:2188) [DEP0169] DeprecationWarning: `url.parse()` behavior is not standardized and prone to errors that have security implications. Use the WHATWG URL API instead. CVEs are not issued for `url.parse()` vulnerabilities.
test (ubuntu-latest, 3.12)	Run actions/upload-artifact@v4	2026-09-04T18:03:44.4643949Z Uploaded bytes 2013
test (ubuntu-latest, 3.12)	Run actions/upload-artifact@v4	2026-09-04T18:03:44.5112507Z Finished uploading artifact content to blob storage!
test (ubuntu-latest, 3.12)	Run actions/upload-artifact@v4	2026-09-04T18:03:44.5113348Z SHA256 digest of uploaded artifact zip is 1ef3a865b9e592d02210818547fa8341ee2ea4016cd133a35caefd7baed872fa
test (ubuntu-latest, 3.12)	Run actions/upload-artifact@v4	2026-09-04T18:03:44.5115025Z Finalizing artifact upload
test (ubuntu-latest, 3.12)	Run actions/upload-artifact@v4	2026-09-04T18:03:44.7384745Z Artifact gate-report-ubuntu-latest-3.12.zip successfully finalized. Artifact ID 9948661722
test (ubuntu-latest, 3.12)	Run actions/upload-artifact@v4	2026-09-04T18:03:44.7387355Z Artifact gate-report-ubuntu-latest-3.12 has been successfully uploaded! Final size is 2013 bytes. Artifact ID is 9948661722
test (ubuntu-latest, 3.12)	Run actions/upload-artifact@v4	2026-09-04T18:03:44.7392393Z Artifact download URL: https://github.com/ljheee/unified-quant/actions/runs/33903807546/artifacts/9948661722
test (ubuntu-latest, 3.12)	Post Run astral-sh/setup-uv@v3	﻿2026-09-04T18:03:44.7519529Z Node 20 is being deprecated. This workflow is running with Node 24 by default. If you need to temporarily use Node 20, you can set the ACTIONS_ALLOW_USE_UNSECURE_NODE_VERSION=true environment variable. For more information see: https://github.blog/changelog/2025-09-19-deprecation-of-node-20-on-github-actions-runners/
test (ubuntu-latest, 3.12)	Post Run astral-sh/setup-uv@v3	2026-09-04T18:03:44.7520517Z Post job cleanup.
test (ubuntu-latest, 3.12)	Post Run actions/setup-python@v5	﻿2026-09-04T18:03:44.8435574Z Node 20 is being deprecated. This workflow is running with Node 24 by default. If you need to temporarily use Node 20, you can set the ACTIONS_ALLOW_USE_UNSECURE_NODE_VERSION=true environment variable. For more information see: https://github.blog/changelog/2025-09-19-deprecation-of-node-20-on-github-actions-runners/
test (ubuntu-latest, 3.12)	Post Run actions/setup-python@v5	2026-09-04T18:03:44.8436601Z Post job cleanup.
test (ubuntu-latest, 3.12)	Post Run actions/setup-python@v5	2026-09-04T18:03:44.9278141Z (node:2208) [DEP0040] DeprecationWarning: The `punycode` module is deprecated. Please use a userland alternative instead.
test (ubuntu-latest, 3.12)	Post Run actions/setup-python@v5	2026-09-04T18:03:44.9278774Z (Use `node --trace-deprecation ...` to show where the warning was created)
test (ubuntu-latest, 3.12)	Post Run actions/checkout@v4	﻿2026-09-04T18:03:44.9398923Z Node 20 is being deprecated. This workflow is running with Node 24 by default. If you need to temporarily use Node 20, you can set the ACTIONS_ALLOW_USE_UNSECURE_NODE_VERSION=true environment variable. For more information see: https://github.blog/changelog/2025-09-19-deprecation-of-node-20-on-github-actions-runners/
test (ubuntu-latest, 3.12)	Post Run actions/checkout@v4	2026-09-04T18:03:44.9400429Z Post job cleanup.
test (ubuntu-latest, 3.12)	Post Run actions/checkout@v4	2026-09-04T18:03:45.0246442Z [command]/usr/bin/git version
test (ubuntu-latest, 3.12)	Post Run actions/checkout@v4	2026-09-04T18:03:45.0282753Z git version 2.55.0
test (ubuntu-latest, 3.12)	Post Run actions/checkout@v4	2026-09-04T18:03:45.0321309Z Temporarily overriding HOME='/home/runner/work/_temp/3d401b53-a534-4c16-b64c-708d6aed8598' before making global git config changes
test (ubuntu-latest, 3.12)	Post Run actions/checkout@v4	2026-09-04T18:03:45.0322197Z Adding repository directory to the temporary git global config as a safe directory
test (ubuntu-latest, 3.12)	Post Run actions/checkout@v4	2026-09-04T18:03:45.0342459Z [command]/usr/bin/git config --global --add safe.directory /home/runner/work/unified-quant/unified-quant
test (ubuntu-latest, 3.12)	Post Run actions/checkout@v4	2026-09-04T18:03:45.0859967Z [command]/usr/bin/git config --local --name-only --get-regexp core\.sshCommand
test (ubuntu-latest, 3.12)	Post Run actions/checkout@v4	2026-09-04T18:03:45.0889103Z [command]/usr/bin/git submodule foreach --recursive sh -c "git config --local --name-only --get-regexp 'core\.sshCommand' && git config --local --unset-all 'core.sshCommand' || :"
test (ubuntu-latest, 3.12)	Post Run actions/checkout@v4	2026-09-04T18:03:45.1044691Z [command]/usr/bin/git config --local --name-only --get-regexp http\.https\:\/\/github\.com\/\.extraheader
test (ubuntu-latest, 3.12)	Post Run actions/checkout@v4	2026-09-04T18:03:45.1121523Z http.https://github.com/.extraheader
test (ubuntu-latest, 3.12)	Post Run actions/checkout@v4	2026-09-04T18:03:45.1128690Z [command]/usr/bin/git config --local --unset-all http.https://github.com/.extraheader
test (ubuntu-latest, 3.12)	Post Run actions/checkout@v4	2026-09-04T18:03:45.1225605Z [command]/usr/bin/git submodule foreach --recursive sh -c "git config --local --name-only --get-regexp 'http\.https\:\/\/github\.com\/\.extraheader' && git config --local --unset-all 'http.https://github.com/.extraheader' || :"
test (ubuntu-latest, 3.12)	Post Run actions/checkout@v4	2026-09-04T18:03:45.1371817Z [command]/usr/bin/git config --local --name-only --get-regexp ^includeIf\.gitdir:
test (ubuntu-latest, 3.12)	Post Run actions/checkout@v4	2026-09-04T18:03:45.1396141Z [command]/usr/bin/git submodule foreach --recursive git config --local --show-origin --name-only --get-regexp remote.origin.url
test (ubuntu-latest, 3.12)	Complete job	﻿2026-09-04T18:03:45.1640971Z Cleaning up orphan processes
test (ubuntu-latest, 3.12)	Complete job	2026-09-04T18:03:45.1816812Z ##[warning]Node.js 20 is deprecated. The following actions target Node.js 20 but are being forced to run on Node.js 24: actions/checkout@v4, actions/setup-python@v5, actions/upload-artifact@v4, astral-sh/setup-uv@v3. For more information see: https://github.blog/changelog/2025-09-19-deprecation-of-node-20-on-github-actions-runners/
test (macos-latest, 3.13)	Set up job	﻿2026-09-04T18:03:12.6740310Z Current runner version: '2.337.0'
test (macos-latest, 3.13)	Set up job	2026-09-04T18:03:12.6765050Z ##[group]Runner Image Provisioner
test (macos-latest, 3.13)	Set up job	2026-09-04T18:03:12.6766570Z Hosted Compute Agent
test (macos-latest, 3.13)	Set up job	2026-09-04T18:03:12.6767540Z Version: 20260707.563
test (macos-latest, 3.13)	Set up job	2026-09-04T18:03:12.6768570Z Commit: 02667638d2b423fbc733a8e32a88b44996a3ba6e
test (macos-latest, 3.13)	Set up job	2026-09-04T18:03:12.6770100Z Build Date: 2026-07-07T19:33:50Z
test (macos-latest, 3.13)	Set up job	2026-09-04T18:03:12.6771250Z Worker ID: {6f0b3c23-259a-4366-a84b-79327a3696f5}
test (macos-latest, 3.13)	Set up job	2026-09-04T18:03:12.6772440Z Azure Region: westus
test (macos-latest, 3.13)	Set up job	2026-09-04T18:03:12.6773360Z ##[endgroup]
test (macos-latest, 3.13)	Set up job	2026-09-04T18:03:12.6775700Z ##[group]Operating System
test (macos-latest, 3.13)	Set up job	2026-09-04T18:03:12.6776690Z macOS
test (macos-latest, 3.13)	Set up job	2026-09-04T18:03:12.6777500Z 26.5.2
test (macos-latest, 3.13)	Set up job	2026-09-04T18:03:12.6778290Z 25F84
test (macos-latest, 3.13)	Set up job	2026-09-04T18:03:12.6779160Z ##[endgroup]
test (macos-latest, 3.13)	Set up job	2026-09-04T18:03:12.6780060Z ##[group]Runner Image
test (macos-latest, 3.13)	Set up job	2026-09-04T18:03:12.6781090Z Image: macos-26-arm64
test (macos-latest, 3.13)	Set up job	2026-09-04T18:03:12.6782080Z Version: 20260728.0273.1
test (macos-latest, 3.13)	Set up job	2026-09-04T18:03:12.6784100Z Included Software: https://github.com/actions/runner-images/blob/macos-26-arm64/20260728.0273/images/macos/macos-26-arm64-Readme.md
test (macos-latest, 3.13)	Set up job	2026-09-04T18:03:12.6787300Z Image Release: https://github.com/actions/runner-images/releases/tag/macos-26-arm64%2F20260728.0273
test (macos-latest, 3.13)	Set up job	2026-09-04T18:03:12.6789170Z ##[endgroup]
test (macos-latest, 3.13)	Set up job	2026-09-04T18:03:12.6791250Z ##[group]GITHUB_TOKEN Permissions
test (macos-latest, 3.13)	Set up job	2026-09-04T18:03:12.6794780Z Contents: read
test (macos-latest, 3.13)	Set up job	2026-09-04T18:03:12.6795710Z Metadata: read
test (macos-latest, 3.13)	Set up job	2026-09-04T18:03:12.6796620Z Packages: read
test (macos-latest, 3.13)	Set up job	2026-09-04T18:03:12.6797510Z ##[endgroup]
test (macos-latest, 3.13)	Set up job	2026-09-04T18:03:12.6800920Z Secret source: Actions
test (macos-latest, 3.13)	Set up job	2026-09-04T18:03:12.6802600Z Prepare workflow directory
test (macos-latest, 3.13)	Set up job	2026-09-04T18:03:12.7176650Z Prepare all required actions
test (macos-latest, 3.13)	Set up job	2026-09-04T18:03:12.7252890Z Getting action download info
test (macos-latest, 3.13)	Set up job	2026-09-04T18:03:13.1362650Z Download action repository 'actions/checkout@v4' (SHA:11d5960a326750d5838078e36cf38b85af677262)
test (macos-latest, 3.13)	Set up job	2026-09-04T18:03:13.4554870Z Download action repository 'actions/setup-python@v5' (SHA:a26af69be951a213d495a4c3e4e4022e16d87065)
test (macos-latest, 3.13)	Set up job	2026-09-04T18:03:13.5811050Z Download action repository 'astral-sh/setup-uv@v3' (SHA:caf0cab7a618c569241d31dcd442f54681755d39)
test (macos-latest, 3.13)	Set up job	2026-09-04T18:03:14.0361640Z Download action repository 'actions/upload-artifact@v4' (SHA:ea165f8d65b6e75b540449e92b4886f43607fa02)
test (macos-latest, 3.13)	Set up job	2026-09-04T18:03:14.2625320Z Complete job name: test (macos-latest, 3.13)
test (macos-latest, 3.13)	Run actions/checkout@v4	﻿2026-09-04T18:03:14.3287900Z Node 20 is being deprecated. This workflow is running with Node 24 by default. If you need to temporarily use Node 20, you can set the ACTIONS_ALLOW_USE_UNSECURE_NODE_VERSION=true environment variable. For more information see: https://github.blog/changelog/2025-09-19-deprecation-of-node-20-on-github-actions-runners/
test (macos-latest, 3.13)	Run actions/checkout@v4	2026-09-04T18:03:14.3295430Z ##[group]Run actions/checkout@v4
test (macos-latest, 3.13)	Run actions/checkout@v4	2026-09-04T18:03:14.3296290Z with:
test (macos-latest, 3.13)	Run actions/checkout@v4	2026-09-04T18:03:14.3296660Z   repository: ljheee/unified-quant
test (macos-latest, 3.13)	Run actions/checkout@v4	2026-09-04T18:03:14.3299490Z   token: ***
test (macos-latest, 3.13)	Run actions/checkout@v4	2026-09-04T18:03:14.3299800Z   ssh-strict: true
test (macos-latest, 3.13)	Run actions/checkout@v4	2026-09-04T18:03:14.3300110Z   ssh-user: git
test (macos-latest, 3.13)	Run actions/checkout@v4	2026-09-04T18:03:14.3300430Z   persist-credentials: true
test (macos-latest, 3.13)	Run actions/checkout@v4	2026-09-04T18:03:14.3300780Z   clean: true
test (macos-latest, 3.13)	Run actions/checkout@v4	2026-09-04T18:03:14.3301180Z   sparse-checkout-cone-mode: true
test (macos-latest, 3.13)	Run actions/checkout@v4	2026-09-04T18:03:14.3301670Z   fetch-depth: 1
test (macos-latest, 3.13)	Run actions/checkout@v4	2026-09-04T18:03:14.3301980Z   fetch-tags: false
test (macos-latest, 3.13)	Run actions/checkout@v4	2026-09-04T18:03:14.3302300Z   show-progress: true
test (macos-latest, 3.13)	Run actions/checkout@v4	2026-09-04T18:03:14.3302690Z   lfs: false
test (macos-latest, 3.13)	Run actions/checkout@v4	2026-09-04T18:03:14.3303020Z   submodules: false
test (macos-latest, 3.13)	Run actions/checkout@v4	2026-09-04T18:03:14.3303390Z   set-safe-directory: true
test (macos-latest, 3.13)	Run actions/checkout@v4	2026-09-04T18:03:14.3303750Z   allow-unsafe-pr-checkout: false
test (macos-latest, 3.13)	Run actions/checkout@v4	2026-09-04T18:03:14.3304320Z ##[endgroup]
test (macos-latest, 3.13)	Run actions/checkout@v4	2026-09-04T18:03:14.8124220Z Syncing repository: ljheee/unified-quant
test (macos-latest, 3.13)	Run actions/checkout@v4	2026-09-04T18:03:14.8128500Z ##[group]Getting Git version info
test (macos-latest, 3.13)	Run actions/checkout@v4	2026-09-04T18:03:14.8130080Z Working directory is '/Users/runner/work/unified-quant/unified-quant'
test (macos-latest, 3.13)	Run actions/checkout@v4	2026-09-04T18:03:14.8142900Z [command]/opt/homebrew/bin/git version
test (macos-latest, 3.13)	Run actions/checkout@v4	2026-09-04T18:03:14.8561460Z git version 2.55.0
test (macos-latest, 3.13)	Run actions/checkout@v4	2026-09-04T18:03:14.8586550Z ##[endgroup]
test (macos-latest, 3.13)	Run actions/checkout@v4	2026-09-04T18:03:14.8624380Z Copying '/Users/runner/.gitconfig' to '/Users/runner/work/_temp/fe0b9fa0-8f75-4a12-ab39-3c23ad97ff4a/.gitconfig'
test (macos-latest, 3.13)	Run actions/checkout@v4	2026-09-04T18:03:14.8628030Z Temporarily overriding HOME='/Users/runner/work/_temp/fe0b9fa0-8f75-4a12-ab39-3c23ad97ff4a' before making global git config changes
test (macos-latest, 3.13)	Run actions/checkout@v4	2026-09-04T18:03:14.8630300Z Adding repository directory to the temporary git global config as a safe directory
test (macos-latest, 3.13)	Run actions/checkout@v4	2026-09-04T18:03:14.8635610Z [command]/opt/homebrew/bin/git config --global --add safe.directory /Users/runner/work/unified-quant/unified-quant
test (macos-latest, 3.13)	Run actions/checkout@v4	2026-09-04T18:03:14.8776560Z Deleting the contents of '/Users/runner/work/unified-quant/unified-quant'
test (macos-latest, 3.13)	Run actions/checkout@v4	2026-09-04T18:03:14.8779900Z ##[group]Initializing the repository
test (macos-latest, 3.13)	Run actions/checkout@v4	2026-09-04T18:03:14.8786280Z [command]/opt/homebrew/bin/git init /Users/runner/work/unified-quant/unified-quant
test (macos-latest, 3.13)	Run actions/checkout@v4	2026-09-04T18:03:14.9141380Z hint: Using 'master' as the name for the initial branch. This default branch name
test (macos-latest, 3.13)	Run actions/checkout@v4	2026-09-04T18:03:14.9142580Z hint: will change to "main" in Git 3.0. To configure the initial branch name
test (macos-latest, 3.13)	Run actions/checkout@v4	2026-09-04T18:03:14.9143420Z hint: to use in all of your new repositories, which will suppress this warning,
test (macos-latest, 3.13)	Run actions/checkout@v4	2026-09-04T18:03:14.9143980Z hint: call:
test (macos-latest, 3.13)	Run actions/checkout@v4	2026-09-04T18:03:14.9144290Z hint:
test (macos-latest, 3.13)	Run actions/checkout@v4	2026-09-04T18:03:14.9144690Z hint: 	git config --global init.defaultBranch <name>
test (macos-latest, 3.13)	Run actions/checkout@v4	2026-09-04T18:03:14.9145160Z hint:
test (macos-latest, 3.13)	Run actions/checkout@v4	2026-09-04T18:03:14.9145710Z hint: Names commonly chosen instead of 'master' are 'main', 'trunk' and
test (macos-latest, 3.13)	Run actions/checkout@v4	2026-09-04T18:03:14.9146380Z hint: 'development'. The just-created branch can be renamed via this command:
test (macos-latest, 3.13)	Run actions/checkout@v4	2026-09-04T18:03:14.9146930Z hint:
test (macos-latest, 3.13)	Run actions/checkout@v4	2026-09-04T18:03:14.9147370Z hint: 	git branch -m <name>
test (macos-latest, 3.13)	Run actions/checkout@v4	2026-09-04T18:03:14.9147740Z hint:
test (macos-latest, 3.13)	Run actions/checkout@v4	2026-09-04T18:03:14.9148210Z hint: Disable this message with "git config set advice.defaultBranchName false"
test (macos-latest, 3.13)	Run actions/checkout@v4	2026-09-04T18:03:14.9153260Z Initialized empty Git repository in /Users/runner/work/unified-quant/unified-quant/.git/
test (macos-latest, 3.13)	Run actions/checkout@v4	2026-09-04T18:03:14.9164980Z [command]/opt/homebrew/bin/git remote add origin https://github.com/ljheee/unified-quant
test (macos-latest, 3.13)	Run actions/checkout@v4	2026-09-04T18:03:14.9267400Z ##[endgroup]
test (macos-latest, 3.13)	Run actions/checkout@v4	2026-09-04T18:03:14.9269290Z ##[group]Disabling automatic garbage collection
test (macos-latest, 3.13)	Run actions/checkout@v4	2026-09-04T18:03:14.9273130Z [command]/opt/homebrew/bin/git config --local gc.auto 0
test (macos-latest, 3.13)	Run actions/checkout@v4	2026-09-04T18:03:14.9366490Z ##[endgroup]
test (macos-latest, 3.13)	Run actions/checkout@v4	2026-09-04T18:03:14.9367400Z ##[group]Setting up auth
test (macos-latest, 3.13)	Run actions/checkout@v4	2026-09-04T18:03:14.9368520Z [command]/opt/homebrew/bin/git config --local --name-only --get-regexp core\.sshCommand
test (macos-latest, 3.13)	Run actions/checkout@v4	2026-09-04T18:03:14.9572620Z [command]/opt/homebrew/bin/git submodule foreach --recursive sh -c "git config --local --name-only --get-regexp 'core\.sshCommand' && git config --local --unset-all 'core.sshCommand' || :"
test (macos-latest, 3.13)	Run actions/checkout@v4	2026-09-04T18:03:15.1229500Z [command]/opt/homebrew/bin/git config --local --name-only --get-regexp http\.https\:\/\/github\.com\/\.extraheader
test (macos-latest, 3.13)	Run actions/checkout@v4	2026-09-04T18:03:15.1316220Z [command]/opt/homebrew/bin/git submodule foreach --recursive sh -c "git config --local --name-only --get-regexp 'http\.https\:\/\/github\.com\/\.extraheader' && git config --local --unset-all 'http.https://github.com/.extraheader' || :"
test (macos-latest, 3.13)	Run actions/checkout@v4	2026-09-04T18:03:15.2494680Z [command]/opt/homebrew/bin/git config --local --name-only --get-regexp ^includeIf\.gitdir:
test (macos-latest, 3.13)	Run actions/checkout@v4	2026-09-04T18:03:15.2601320Z [command]/opt/homebrew/bin/git submodule foreach --recursive git config --local --show-origin --name-only --get-regexp remote.origin.url
test (macos-latest, 3.13)	Run actions/checkout@v4	2026-09-04T18:03:15.4186190Z [command]/opt/homebrew/bin/git config --local http.https://github.com/.extraheader AUTHORIZATION: basic ***
test (macos-latest, 3.13)	Run actions/checkout@v4	2026-09-04T18:03:15.4307880Z ##[endgroup]
test (macos-latest, 3.13)	Run actions/checkout@v4	2026-09-04T18:03:15.4309750Z ##[group]Fetching the repository
test (macos-latest, 3.13)	Run actions/checkout@v4	2026-09-04T18:03:15.4312700Z [command]/opt/homebrew/bin/git -c protocol.version=2 fetch --no-tags --prune --no-recurse-submodules --depth=1 origin +e631740c51abd6f10390fd9bfefd1c6540e5f2c5:refs/remotes/origin/main
test (macos-latest, 3.13)	Run actions/checkout@v4	2026-09-04T18:03:16.0090500Z From https://github.com/ljheee/unified-quant
test (macos-latest, 3.13)	Run actions/checkout@v4	2026-09-04T18:03:16.0103270Z  * [new ref]         e631740c51abd6f10390fd9bfefd1c6540e5f2c5 -> origin/main
test (macos-latest, 3.13)	Run actions/checkout@v4	2026-09-04T18:03:16.0150530Z ##[endgroup]
test (macos-latest, 3.13)	Run actions/checkout@v4	2026-09-04T18:03:16.0151600Z ##[group]Determining the checkout info
test (macos-latest, 3.13)	Run actions/checkout@v4	2026-09-04T18:03:16.0152590Z ##[endgroup]
test (macos-latest, 3.13)	Run actions/checkout@v4	2026-09-04T18:03:16.0153190Z [command]/opt/homebrew/bin/git sparse-checkout disable
test (macos-latest, 3.13)	Run actions/checkout@v4	2026-09-04T18:03:16.0205490Z [command]/opt/homebrew/bin/git config --local --unset-all extensions.worktreeConfig
test (macos-latest, 3.13)	Run actions/checkout@v4	2026-09-04T18:03:16.0309610Z ##[group]Checking out the ref
test (macos-latest, 3.13)	Run actions/checkout@v4	2026-09-04T18:03:16.0312920Z [command]/opt/homebrew/bin/git checkout --progress --force -B main refs/remotes/origin/main
test (macos-latest, 3.13)	Run actions/checkout@v4	2026-09-04T18:03:16.2126140Z Switched to a new branch 'main'
test (macos-latest, 3.13)	Run actions/checkout@v4	2026-09-04T18:03:16.2146420Z branch 'main' set up to track 'origin/main'.
test (macos-latest, 3.13)	Run actions/checkout@v4	2026-09-04T18:03:16.2149730Z ##[endgroup]
test (macos-latest, 3.13)	Run actions/checkout@v4	2026-09-04T18:03:16.2259560Z [command]/opt/homebrew/bin/git log -1 --format=%H
test (macos-latest, 3.13)	Run actions/checkout@v4	2026-09-04T18:03:16.2352280Z e631740c51abd6f10390fd9bfefd1c6540e5f2c5
test (macos-latest, 3.13)	Run actions/setup-python@v5	﻿2026-09-04T18:03:16.2843040Z Node 20 is being deprecated. This workflow is running with Node 24 by default. If you need to temporarily use Node 20, you can set the ACTIONS_ALLOW_USE_UNSECURE_NODE_VERSION=true environment variable. For more information see: https://github.blog/changelog/2025-09-19-deprecation-of-node-20-on-github-actions-runners/
test (macos-latest, 3.13)	Run actions/setup-python@v5	2026-09-04T18:03:16.2853380Z ##[group]Run actions/setup-python@v5
test (macos-latest, 3.13)	Run actions/setup-python@v5	2026-09-04T18:03:16.2855310Z with:
test (macos-latest, 3.13)	Run actions/setup-python@v5	2026-09-04T18:03:16.2856640Z   python-version: 3.13
test (macos-latest, 3.13)	Run actions/setup-python@v5	2026-09-04T18:03:16.2858480Z   check-latest: false
test (macos-latest, 3.13)	Run actions/setup-python@v5	2026-09-04T18:03:16.2875240Z   token: ***
test (macos-latest, 3.13)	Run actions/setup-python@v5	2026-09-04T18:03:16.2877050Z   update-environment: true
test (macos-latest, 3.13)	Run actions/setup-python@v5	2026-09-04T18:03:16.2878790Z   allow-prereleases: false
test (macos-latest, 3.13)	Run actions/setup-python@v5	2026-09-04T18:03:16.2880470Z   freethreaded: false
test (macos-latest, 3.13)	Run actions/setup-python@v5	2026-09-04T18:03:16.2881960Z ##[endgroup]
test (macos-latest, 3.13)	Run actions/setup-python@v5	2026-09-04T18:03:16.4727790Z ##[group]Installed versions
test (macos-latest, 3.13)	Run actions/setup-python@v5	2026-09-04T18:03:16.4788030Z (node:1776) [DEP0040] DeprecationWarning: The `punycode` module is deprecated. Please use a userland alternative instead.
test (macos-latest, 3.13)	Run actions/setup-python@v5	2026-09-04T18:03:16.4791110Z (Use `node --trace-deprecation ...` to show where the warning was created)
test (macos-latest, 3.13)	Run actions/setup-python@v5	2026-09-04T18:03:16.4793170Z Successfully set up CPython (3.13.14)
test (macos-latest, 3.13)	Run actions/setup-python@v5	2026-09-04T18:03:16.4897670Z ##[endgroup]
test (macos-latest, 3.13)	Run astral-sh/setup-uv@v3	﻿2026-09-04T18:03:16.5138940Z Node 20 is being deprecated. This workflow is running with Node 24 by default. If you need to temporarily use Node 20, you can set the ACTIONS_ALLOW_USE_UNSECURE_NODE_VERSION=true environment variable. For more information see: https://github.blog/changelog/2025-09-19-deprecation-of-node-20-on-github-actions-runners/
test (macos-latest, 3.13)	Run astral-sh/setup-uv@v3	2026-09-04T18:03:16.5142470Z ##[group]Run astral-sh/setup-uv@v3
test (macos-latest, 3.13)	Run astral-sh/setup-uv@v3	2026-09-04T18:03:16.5143140Z with:
test (macos-latest, 3.13)	Run astral-sh/setup-uv@v3	2026-09-04T18:03:16.5143650Z   version: latest
test (macos-latest, 3.13)	Run astral-sh/setup-uv@v3	2026-09-04T18:03:16.5150020Z   github-token: ***
test (macos-latest, 3.13)	Run astral-sh/setup-uv@v3	2026-09-04T18:03:16.5150620Z   enable-cache: false
test (macos-latest, 3.13)	Run astral-sh/setup-uv@v3	2026-09-04T18:03:16.5151220Z   cache-dependency-glob: **/uv.lock
test (macos-latest, 3.13)	Run astral-sh/setup-uv@v3	2026-09-04T18:03:16.5152020Z   prune-cache: true
test (macos-latest, 3.13)	Run astral-sh/setup-uv@v3	2026-09-04T18:03:16.5152580Z env:
test (macos-latest, 3.13)	Run astral-sh/setup-uv@v3	2026-09-04T18:03:16.5153300Z   pythonLocation: /Users/runner/hostedtoolcache/Python/3.13.14/arm64
test (macos-latest, 3.13)	Run astral-sh/setup-uv@v3	2026-09-04T18:03:16.5154650Z   PKG_CONFIG_PATH: /Users/runner/hostedtoolcache/Python/3.13.14/arm64/lib/pkgconfig
test (macos-latest, 3.13)	Run astral-sh/setup-uv@v3	2026-09-04T18:03:16.5155920Z   Python_ROOT_DIR: /Users/runner/hostedtoolcache/Python/3.13.14/arm64
test (macos-latest, 3.13)	Run astral-sh/setup-uv@v3	2026-09-04T18:03:16.5157080Z   Python2_ROOT_DIR: /Users/runner/hostedtoolcache/Python/3.13.14/arm64
test (macos-latest, 3.13)	Run astral-sh/setup-uv@v3	2026-09-04T18:03:16.5158230Z   Python3_ROOT_DIR: /Users/runner/hostedtoolcache/Python/3.13.14/arm64
test (macos-latest, 3.13)	Run astral-sh/setup-uv@v3	2026-09-04T18:03:16.5159140Z ##[endgroup]
test (macos-latest, 3.13)	Run astral-sh/setup-uv@v3	2026-09-04T18:03:16.6589440Z Downloading uv from "https://github.com/astral-sh/uv/releases/latest/download/uv-aarch64-apple-darwin.tar.gz" ...
test (macos-latest, 3.13)	Run astral-sh/setup-uv@v3	2026-09-04T18:03:16.6595830Z (node:1778) [DEP0040] DeprecationWarning: The `punycode` module is deprecated. Please use a userland alternative instead.
test (macos-latest, 3.13)	Run astral-sh/setup-uv@v3	2026-09-04T18:03:16.6600210Z (Use `node --trace-deprecation ...` to show where the warning was created)
test (macos-latest, 3.13)	Run astral-sh/setup-uv@v3	2026-09-04T18:03:17.3033220Z [command]/usr/bin/tar xz -C /Users/runner/work/_temp/ad5466e2-f2cc-43db-96f1-a960833362cb -f /Users/runner/work/_temp/2902c259-ea69-4be8-beaf-fb7212597520
test (macos-latest, 3.13)	Run astral-sh/setup-uv@v3	2026-09-04T18:03:17.5117450Z Added /Users/runner/hostedtoolcache/uv/0.12.9/aarch64 to the path
test (macos-latest, 3.13)	Run astral-sh/setup-uv@v3	2026-09-04T18:03:17.5138750Z Added /Users/runner/.local/bin to the path
test (macos-latest, 3.13)	Run astral-sh/setup-uv@v3	2026-09-04T18:03:17.5139520Z Successfully installed uv version 0.12.9
test (macos-latest, 3.13)	Run astral-sh/setup-uv@v3	2026-09-04T18:03:17.5397040Z Set UV_CACHE_DIR to /Users/runner/work/_temp/setup-uv-cache
test (macos-latest, 3.13)	Run scripts/run_gate.sh	﻿2026-09-04T18:03:17.5670500Z ##[group]Run scripts/run_gate.sh
test (macos-latest, 3.13)	Run scripts/run_gate.sh	2026-09-04T18:03:17.5671540Z ^[[36;1mscripts/run_gate.sh^[[0m
test (macos-latest, 3.13)	Run scripts/run_gate.sh	2026-09-04T18:03:17.5744200Z shell: /bin/bash -e {0}
test (macos-latest, 3.13)	Run scripts/run_gate.sh	2026-09-04T18:03:17.5745060Z env:
test (macos-latest, 3.13)	Run scripts/run_gate.sh	2026-09-04T18:03:17.5745490Z   pythonLocation: /Users/runner/hostedtoolcache/Python/3.13.14/arm64
test (macos-latest, 3.13)	Run scripts/run_gate.sh	2026-09-04T18:03:17.5746110Z   PKG_CONFIG_PATH: /Users/runner/hostedtoolcache/Python/3.13.14/arm64/lib/pkgconfig
test (macos-latest, 3.13)	Run scripts/run_gate.sh	2026-09-04T18:03:17.5746760Z   Python_ROOT_DIR: /Users/runner/hostedtoolcache/Python/3.13.14/arm64
test (macos-latest, 3.13)	Run scripts/run_gate.sh	2026-09-04T18:03:17.5747370Z   Python2_ROOT_DIR: /Users/runner/hostedtoolcache/Python/3.13.14/arm64
test (macos-latest, 3.13)	Run scripts/run_gate.sh	2026-09-04T18:03:17.5747920Z   Python3_ROOT_DIR: /Users/runner/hostedtoolcache/Python/3.13.14/arm64
test (macos-latest, 3.13)	Run scripts/run_gate.sh	2026-09-04T18:03:17.5748430Z   UV_CACHE_DIR: /Users/runner/work/_temp/setup-uv-cache
test (macos-latest, 3.13)	Run scripts/run_gate.sh	2026-09-04T18:03:17.5749240Z ##[endgroup]
test (macos-latest, 3.13)	Run scripts/run_gate.sh	2026-09-04T18:03:18.2478290Z Using CPython 3.13.14 interpreter at: /Library/Frameworks/Python.framework/Versions/3.13/bin/python3
test (macos-latest, 3.13)	Run scripts/run_gate.sh	2026-09-04T18:03:18.2631030Z Resolved 214 packages in 8ms
test (macos-latest, 3.13)	Run scripts/run_gate.sh	2026-09-04T18:03:18.3124080Z Using CPython 3.13.14 interpreter at: /Library/Frameworks/Python.framework/Versions/3.13/bin/python3
test (macos-latest, 3.13)	Run scripts/run_gate.sh	2026-09-04T18:03:18.3143960Z Creating virtual environment at: .venv
test (macos-latest, 3.13)	Run scripts/run_gate.sh	2026-09-04T18:03:18.3238670Z Resolved 214 packages in 5ms
test (macos-latest, 3.13)	Run scripts/run_gate.sh	2026-09-04T18:03:18.3382540Z    Building unified-quant @ file:///Users/runner/work/unified-quant/unified-quant
test (macos-latest, 3.13)	Run scripts/run_gate.sh	2026-09-04T18:03:18.4525140Z Downloading scikit-learn (7.8MiB)
test (macos-latest, 3.13)	Run scripts/run_gate.sh	2026-09-04T18:03:18.4577000Z Downloading pygments (1.2MiB)
test (macos-latest, 3.13)	Run scripts/run_gate.sh	2026-09-04T18:03:18.4581870Z Downloading pyarrow (34.2MiB)
test (macos-latest, 3.13)	Run scripts/run_gate.sh	2026-09-04T18:03:18.4582760Z Downloading numpy (5.1MiB)
test (macos-latest, 3.13)	Run scripts/run_gate.sh	2026-09-04T18:03:18.4786590Z Downloading cryptography (3.8MiB)
test (macos-latest, 3.13)	Run scripts/run_gate.sh	2026-09-04T18:03:18.4798560Z Downloading scipy (19.5MiB)
test (macos-latest, 3.13)	Run scripts/run_gate.sh	2026-09-04T18:03:18.4802200Z Downloading lxml (8.2MiB)
test (macos-latest, 3.13)	Run scripts/run_gate.sh	2026-09-04T18:03:18.4805560Z Downloading pandas (10.2MiB)
test (macos-latest, 3.13)	Run scripts/run_gate.sh	2026-09-04T18:03:19.0460390Z  Downloaded pygments
test (macos-latest, 3.13)	Run scripts/run_gate.sh	2026-09-04T18:03:19.4204800Z  Downloaded cryptography
test (macos-latest, 3.13)	Run scripts/run_gate.sh	2026-09-04T18:03:19.5289030Z  Downloaded numpy
test (macos-latest, 3.13)	Run scripts/run_gate.sh	2026-09-04T18:03:19.6978130Z  Downloaded lxml
test (macos-latest, 3.13)	Run scripts/run_gate.sh	2026-09-04T18:03:19.7174690Z  Downloaded scikit-learn
test (macos-latest, 3.13)	Run scripts/run_gate.sh	2026-09-04T18:03:19.7402030Z    Building py-mini-racer==0.6.0
test (macos-latest, 3.13)	Run scripts/run_gate.sh	2026-09-04T18:03:19.9151090Z  Downloaded pandas
test (macos-latest, 3.13)	Run scripts/run_gate.sh	2026-09-04T18:03:20.1897580Z  Downloaded scipy
test (macos-latest, 3.13)	Run scripts/run_gate.sh	2026-09-04T18:03:20.2550360Z  Downloaded pyarrow
test (macos-latest, 3.13)	Run scripts/run_gate.sh	2026-09-04T18:03:20.9961530Z       Built unified-quant @ file:///Users/runner/work/unified-quant/unified-quant
test (macos-latest, 3.13)	Run scripts/run_gate.sh	2026-09-04T18:03:21.6583810Z       Built py-mini-racer==0.6.0
test (macos-latest, 3.13)	Run scripts/run_gate.sh	2026-09-04T18:03:21.7051200Z Prepared 53 packages in 3.37s
test (macos-latest, 3.13)	Run scripts/run_gate.sh	2026-09-04T18:03:21.8793110Z Installed 53 packages in 173ms
test (macos-latest, 3.13)	Run scripts/run_gate.sh	2026-09-04T18:03:21.8794680Z  + anyio==4.14.2
test (macos-latest, 3.13)	Run scripts/run_gate.sh	2026-09-04T18:03:21.8819830Z  + attrs==26.1.0
test (macos-latest, 3.13)	Run scripts/run_gate.sh	2026-09-04T18:03:21.8822920Z  + beautifulsoup4==4.15.0
test (macos-latest, 3.13)	Run scripts/run_gate.sh	2026-09-04T18:03:21.8866890Z  + bs4==0.0.2
test (macos-latest, 3.13)	Run scripts/run_gate.sh	2026-09-04T18:03:21.8867560Z  + certifi==2026.7.22
test (macos-latest, 3.13)	Run scripts/run_gate.sh	2026-09-04T18:03:21.8868020Z  + cffi==2.1.1
test (macos-latest, 3.13)	Run scripts/run_gate.sh	2026-09-04T18:03:21.8868400Z  + charset-normalizer==3.5.1
test (macos-latest, 3.13)	Run scripts/run_gate.sh	2026-09-04T18:03:21.8868770Z  + click==8.4.2
test (macos-latest, 3.13)	Run scripts/run_gate.sh	2026-09-04T18:03:21.8869110Z  + cryptography==49.0.0
test (macos-latest, 3.13)	Run scripts/run_gate.sh	2026-09-04T18:03:21.8869450Z  + h11==0.16.0
test (macos-latest, 3.13)	Run scripts/run_gate.sh	2026-09-04T18:03:21.8869810Z  + httpcore==1.0.9
test (macos-latest, 3.13)	Run scripts/run_gate.sh	2026-09-04T18:03:21.8870250Z  + httpx==0.25.2
test (macos-latest, 3.13)	Run scripts/run_gate.sh	2026-09-04T18:03:21.8870770Z  + idna==3.19
test (macos-latest, 3.13)	Run scripts/run_gate.sh	2026-09-04T18:03:21.8871980Z  + iniconfig==2.3.0
test (macos-latest, 3.13)	Run scripts/run_gate.sh	2026-09-04T18:03:21.8872450Z  + joblib==1.5.3
test (macos-latest, 3.13)	Run scripts/run_gate.sh	2026-09-04T18:03:21.8872860Z  + jsonschema==4.26.0
test (macos-latest, 3.13)	Run scripts/run_gate.sh	2026-09-04T18:03:21.8873290Z  + jsonschema-specifications==2025.9.1
test (macos-latest, 3.13)	Run scripts/run_gate.sh	2026-09-04T18:03:21.8873730Z  + lxml==6.1.2
test (macos-latest, 3.13)	Run scripts/run_gate.sh	2026-09-04T18:03:21.8879960Z  + mootdx==0.11.7
test (macos-latest, 3.13)	Run scripts/run_gate.sh	2026-09-04T18:03:21.8880870Z  + narwhals==2.25.0
test (macos-latest, 3.13)	Run scripts/run_gate.sh	2026-09-04T18:03:21.8881680Z  + numpy==2.5.2
test (macos-latest, 3.13)	Run scripts/run_gate.sh	2026-09-04T18:03:21.8882580Z  + packaging==26.3
test (macos-latest, 3.13)	Run scripts/run_gate.sh	2026-09-04T18:03:21.8883360Z  + pandas==2.3.3
test (macos-latest, 3.13)	Run scripts/run_gate.sh	2026-09-04T18:03:21.8884380Z  + pluggy==1.6.0
test (macos-latest, 3.13)	Run scripts/run_gate.sh	2026-09-04T18:03:21.8885510Z  + prettytable==3.18.0
test (macos-latest, 3.13)	Run scripts/run_gate.sh	2026-09-04T18:03:21.8886270Z  + py-mini-racer==0.6.0
test (macos-latest, 3.13)	Run scripts/run_gate.sh	2026-09-04T18:03:21.8886710Z  + pyarrow==25.0.1
test (macos-latest, 3.13)	Run scripts/run_gate.sh	2026-09-04T18:03:21.8887080Z  + pycparser==3.0
test (macos-latest, 3.13)	Run scripts/run_gate.sh	2026-09-04T18:03:21.8887350Z  + pygments==2.21.0
test (macos-latest, 3.13)	Run scripts/run_gate.sh	2026-09-04T18:03:21.8891680Z  + pytest==9.1.1
test (macos-latest, 3.13)	Run scripts/run_gate.sh	2026-09-04T18:03:21.8892030Z  + python-dateutil==2.9.0.post0
test (macos-latest, 3.13)	Run scripts/run_gate.sh	2026-09-04T18:03:21.8893050Z  + pytz==2026.3.post1
test (macos-latest, 3.13)	Run scripts/run_gate.sh	2026-09-04T18:03:21.8894370Z  + pyyaml==6.0.3
test (macos-latest, 3.13)	Run scripts/run_gate.sh	2026-09-04T18:03:21.8901620Z  + referencing==0.37.0
test (macos-latest, 3.13)	Run scripts/run_gate.sh	2026-09-04T18:03:21.8901810Z  + requests==2.34.2
test (macos-latest, 3.13)	Run scripts/run_gate.sh	2026-09-04T18:03:21.8902020Z  + rpds-py==2026.6.3
test (macos-latest, 3.13)	Run scripts/run_gate.sh	2026-09-04T18:03:21.8902230Z  + scikit-learn==1.9.0
test (macos-latest, 3.13)	Run scripts/run_gate.sh	2026-09-04T18:03:21.8902410Z  + scipy==1.18.1
test (macos-latest, 3.13)	Run scripts/run_gate.sh	2026-09-04T18:03:21.8902600Z  + simplejson==4.1.1
test (macos-latest, 3.13)	Run scripts/run_gate.sh	2026-09-04T18:03:21.8902770Z  + six==1.17.0
test (macos-latest, 3.13)	Run scripts/run_gate.sh	2026-09-04T18:03:21.8902970Z  + sniffio==1.3.1
test (macos-latest, 3.13)	Run scripts/run_gate.sh	2026-09-04T18:03:21.8903140Z  + soupsieve==2.9.2
test (macos-latest, 3.13)	Run scripts/run_gate.sh	2026-09-04T18:03:21.8903320Z  + tdxpy==0.2.7
test (macos-latest, 3.13)	Run scripts/run_gate.sh	2026-09-04T18:03:21.8903470Z  + tenacity==8.5.0
test (macos-latest, 3.13)	Run scripts/run_gate.sh	2026-09-04T18:03:21.8903680Z  + threadpoolctl==3.6.0
test (macos-latest, 3.13)	Run scripts/run_gate.sh	2026-09-04T18:03:21.8903860Z  + tqdm==4.70.0
test (macos-latest, 3.13)	Run scripts/run_gate.sh	2026-09-04T18:03:21.8904050Z  + tushare==1.4.29
test (macos-latest, 3.13)	Run scripts/run_gate.sh	2026-09-04T18:03:21.8904270Z  + typing-extensions==4.16.0
test (macos-latest, 3.13)	Run scripts/run_gate.sh	2026-09-04T18:03:21.8904460Z  + tzdata==2026.3
test (macos-latest, 3.13)	Run scripts/run_gate.sh	2026-09-04T18:03:21.8904780Z  + unified-quant==0.1.0 (from file:///Users/runner/work/unified-quant/unified-quant)
test (macos-latest, 3.13)	Run scripts/run_gate.sh	2026-09-04T18:03:21.8905140Z  + urllib3==2.7.0
test (macos-latest, 3.13)	Run scripts/run_gate.sh	2026-09-04T18:03:21.8905320Z  + wcwidth==0.8.2
test (macos-latest, 3.13)	Run scripts/run_gate.sh	2026-09-04T18:03:21.8905490Z  + websocket-client==1.9.0
test (macos-latest, 3.13)	Run scripts/run_gate.sh	2026-09-04T18:03:26.8141620Z ........................................................................ [ 17%]
test (macos-latest, 3.13)	Run scripts/run_gate.sh	2026-09-04T18:03:28.6188840Z ........................................................................ [ 34%]
test (macos-latest, 3.13)	Run scripts/run_gate.sh	2026-09-04T18:03:29.5564170Z ......s................................................................. [ 51%]
test (macos-latest, 3.13)	Run scripts/run_gate.sh	2026-09-04T18:03:30.0005120Z ................................................................sssssss. [ 68%]
test (macos-latest, 3.13)	Run scripts/run_gate.sh	2026-09-04T18:03:31.5024640Z .s...ss................................................................. [ 86%]
test (macos-latest, 3.13)	Run scripts/run_gate.sh	2026-09-04T18:03:33.5727740Z ..........................................................               [100%]
test (macos-latest, 3.13)	Run scripts/run_gate.sh	2026-09-04T18:03:33.5729790Z =============================== warnings summary ===============================
test (macos-latest, 3.13)	Run scripts/run_gate.sh	2026-09-04T18:03:33.5731320Z tests/test_release_acceptance.py::test_null_rate_threshold_rejects_publication
test (macos-latest, 3.13)	Run scripts/run_gate.sh	2026-09-04T18:03:33.5732630Z tests/test_release_acceptance.py::test_null_rate_threshold_rejects_publication
test (macos-latest, 3.13)	Run scripts/run_gate.sh	2026-09-04T18:03:33.5733860Z tests/test_release_acceptance.py::test_null_rate_threshold_rejects_publication
test (macos-latest, 3.13)	Run scripts/run_gate.sh	2026-09-04T18:03:33.5735200Z tests/test_release_acceptance.py::test_null_rate_threshold_rejects_publication
test (macos-latest, 3.13)	Run scripts/run_gate.sh	2026-09-04T18:03:33.5736340Z tests/test_release_acceptance.py::test_null_rate_threshold_rejects_publication
test (macos-latest, 3.13)	Run scripts/run_gate.sh	2026-09-04T18:03:33.5737530Z tests/test_release_acceptance.py::test_null_rate_threshold_rejects_publication
test (macos-latest, 3.13)	Run scripts/run_gate.sh	2026-09-04T18:03:33.5740730Z   /Users/runner/work/unified-quant/unified-quant/src/uq/factors/raw_price.py:49: FutureWarning: Downcasting object dtype arrays on .fillna, .ffill, .bfill is deprecated and will change in a future version. Call result.infer_objects(copy=False) instead. To opt-in to the future behavior, set `pd.set_option('future.no_silent_downcasting', True)`
test (macos-latest, 3.13)	Run scripts/run_gate.sh	2026-09-04T18:03:33.5743460Z     normalized = frame[columns].round(12).fillna(-0.0).replace([np.inf, -np.inf], np.nan).round(12)
test (macos-latest, 3.13)	Run scripts/run_gate.sh	2026-09-04T18:03:33.5743950Z 
test (macos-latest, 3.13)	Run scripts/run_gate.sh	2026-09-04T18:03:33.5744420Z -- Docs: https://docs.pytest.org/en/stable/how-to/capture-warnings.html
test (macos-latest, 3.13)	Run scripts/run_gate.sh	2026-09-04T18:03:33.5744890Z 407 passed, 11 skipped, 6 warnings in 10.73s
test (macos-latest, 3.13)	Run scripts/run_gate.sh	2026-09-04T18:03:34.1921170Z gate report: /Users/runner/work/unified-quant/unified-quant/.gate/gate-report.json
test (macos-latest, 3.13)	Run uv run --no-sync python -c "import uq.adapters.mootdx_source, uq.adapters.tushare_free; print('real imports ok')"	﻿2026-09-04T18:03:34.2031730Z ##[group]Run uv run --no-sync python -c "import uq.adapters.mootdx_source, uq.adapters.tushare_free; print('real imports ok')"
test (macos-latest, 3.13)	Run uv run --no-sync python -c "import uq.adapters.mootdx_source, uq.adapters.tushare_free; print('real imports ok')"	2026-09-04T18:03:34.2033580Z ^[[36;1muv run --no-sync python -c "import uq.adapters.mootdx_source, uq.adapters.tushare_free; print('real imports ok')"^[[0m
test (macos-latest, 3.13)	Run uv run --no-sync python -c "import uq.adapters.mootdx_source, uq.adapters.tushare_free; print('real imports ok')"	2026-09-04T18:03:34.2111310Z shell: /bin/bash -e {0}
test (macos-latest, 3.13)	Run uv run --no-sync python -c "import uq.adapters.mootdx_source, uq.adapters.tushare_free; print('real imports ok')"	2026-09-04T18:03:34.2111530Z env:
test (macos-latest, 3.13)	Run uv run --no-sync python -c "import uq.adapters.mootdx_source, uq.adapters.tushare_free; print('real imports ok')"	2026-09-04T18:03:34.2111780Z   pythonLocation: /Users/runner/hostedtoolcache/Python/3.13.14/arm64
test (macos-latest, 3.13)	Run uv run --no-sync python -c "import uq.adapters.mootdx_source, uq.adapters.tushare_free; print('real imports ok')"	2026-09-04T18:03:34.2112190Z   PKG_CONFIG_PATH: /Users/runner/hostedtoolcache/Python/3.13.14/arm64/lib/pkgconfig
test (macos-latest, 3.13)	Run uv run --no-sync python -c "import uq.adapters.mootdx_source, uq.adapters.tushare_free; print('real imports ok')"	2026-09-04T18:03:34.2112640Z   Python_ROOT_DIR: /Users/runner/hostedtoolcache/Python/3.13.14/arm64
test (macos-latest, 3.13)	Run uv run --no-sync python -c "import uq.adapters.mootdx_source, uq.adapters.tushare_free; print('real imports ok')"	2026-09-04T18:03:34.2113020Z   Python2_ROOT_DIR: /Users/runner/hostedtoolcache/Python/3.13.14/arm64
test (macos-latest, 3.13)	Run uv run --no-sync python -c "import uq.adapters.mootdx_source, uq.adapters.tushare_free; print('real imports ok')"	2026-09-04T18:03:34.2113390Z   Python3_ROOT_DIR: /Users/runner/hostedtoolcache/Python/3.13.14/arm64
test (macos-latest, 3.13)	Run uv run --no-sync python -c "import uq.adapters.mootdx_source, uq.adapters.tushare_free; print('real imports ok')"	2026-09-04T18:03:34.2114260Z   UV_CACHE_DIR: /Users/runner/work/_temp/setup-uv-cache
test (macos-latest, 3.13)	Run uv run --no-sync python -c "import uq.adapters.mootdx_source, uq.adapters.tushare_free; print('real imports ok')"	2026-09-04T18:03:34.2114550Z ##[endgroup]
test (macos-latest, 3.13)	Run uv run --no-sync python -c "import uq.adapters.mootdx_source, uq.adapters.tushare_free; print('real imports ok')"	2026-09-04T18:03:35.1656310Z real imports ok
test (macos-latest, 3.13)	Record certified environment cell	﻿2026-09-04T18:03:35.2617970Z ##[group]Run mkdir -p .gate/certification
test (macos-latest, 3.13)	Record certified environment cell	2026-09-04T18:03:35.2618320Z ^[[36;1mmkdir -p .gate/certification^[[0m
test (macos-latest, 3.13)	Record certified environment cell	2026-09-04T18:03:35.2618780Z ^[[36;1mprintf '%s\n' "macos-latest/3.13" > .gate/certification/environment-cell.txt^[[0m
test (macos-latest, 3.13)	Record certified environment cell	2026-09-04T18:03:35.2685050Z shell: /bin/bash -e {0}
test (macos-latest, 3.13)	Record certified environment cell	2026-09-04T18:03:35.2685680Z env:
test (macos-latest, 3.13)	Record certified environment cell	2026-09-04T18:03:35.2686470Z   pythonLocation: /Users/runner/hostedtoolcache/Python/3.13.14/arm64
test (macos-latest, 3.13)	Record certified environment cell	2026-09-04T18:03:35.2687650Z   PKG_CONFIG_PATH: /Users/runner/hostedtoolcache/Python/3.13.14/arm64/lib/pkgconfig
test (macos-latest, 3.13)	Record certified environment cell	2026-09-04T18:03:35.2688820Z   Python_ROOT_DIR: /Users/runner/hostedtoolcache/Python/3.13.14/arm64
test (macos-latest, 3.13)	Record certified environment cell	2026-09-04T18:03:35.2690070Z   Python2_ROOT_DIR: /Users/runner/hostedtoolcache/Python/3.13.14/arm64
test (macos-latest, 3.13)	Record certified environment cell	2026-09-04T18:03:35.2691060Z   Python3_ROOT_DIR: /Users/runner/hostedtoolcache/Python/3.13.14/arm64
test (macos-latest, 3.13)	Record certified environment cell	2026-09-04T18:03:35.2692010Z   UV_CACHE_DIR: /Users/runner/work/_temp/setup-uv-cache
test (macos-latest, 3.13)	Record certified environment cell	2026-09-04T18:03:35.2692790Z ##[endgroup]
test (macos-latest, 3.13)	Run actions/upload-artifact@v4	﻿2026-09-04T18:03:35.3347200Z Node 20 is being deprecated. This workflow is running with Node 24 by default. If you need to temporarily use Node 20, you can set the ACTIONS_ALLOW_USE_UNSECURE_NODE_VERSION=true environment variable. For more information see: https://github.blog/changelog/2025-09-19-deprecation-of-node-20-on-github-actions-runners/
test (macos-latest, 3.13)	Run actions/upload-artifact@v4	2026-09-04T18:03:35.3348310Z ##[group]Run actions/upload-artifact@v4
test (macos-latest, 3.13)	Run actions/upload-artifact@v4	2026-09-04T18:03:35.3348540Z with:
test (macos-latest, 3.13)	Run actions/upload-artifact@v4	2026-09-04T18:03:35.3348710Z   name: gate-report-macos-latest-3.13
test (macos-latest, 3.13)	Run actions/upload-artifact@v4	2026-09-04T18:03:35.3349210Z   path: .gate/gate-report.json
test (macos-latest, 3.13)	Run actions/upload-artifact@v4	.gate/requirements.lock.txt
test (macos-latest, 3.13)	Run actions/upload-artifact@v4	.gate/requirements.lock.txt.sha256
test (macos-latest, 3.13)	Run actions/upload-artifact@v4	.gate/certification/environment-cell.txt
test (macos-latest, 3.13)	Run actions/upload-artifact@v4	
test (macos-latest, 3.13)	Run actions/upload-artifact@v4	2026-09-04T18:03:35.3349730Z   if-no-files-found: error
test (macos-latest, 3.13)	Run actions/upload-artifact@v4	2026-09-04T18:03:35.3349910Z   compression-level: 6
test (macos-latest, 3.13)	Run actions/upload-artifact@v4	2026-09-04T18:03:35.3350080Z   overwrite: false
test (macos-latest, 3.13)	Run actions/upload-artifact@v4	2026-09-04T18:03:35.3350310Z   include-hidden-files: false
test (macos-latest, 3.13)	Run actions/upload-artifact@v4	2026-09-04T18:03:35.3350500Z env:
test (macos-latest, 3.13)	Run actions/upload-artifact@v4	2026-09-04T18:03:35.3350750Z   pythonLocation: /Users/runner/hostedtoolcache/Python/3.13.14/arm64
test (macos-latest, 3.13)	Run actions/upload-artifact@v4	2026-09-04T18:03:35.3351450Z   PKG_CONFIG_PATH: /Users/runner/hostedtoolcache/Python/3.13.14/arm64/lib/pkgconfig
test (macos-latest, 3.13)	Run actions/upload-artifact@v4	2026-09-04T18:03:35.3352970Z   Python_ROOT_DIR: /Users/runner/hostedtoolcache/Python/3.13.14/arm64
test (macos-latest, 3.13)	Run actions/upload-artifact@v4	2026-09-04T18:03:35.3354270Z   Python2_ROOT_DIR: /Users/runner/hostedtoolcache/Python/3.13.14/arm64
test (macos-latest, 3.13)	Run actions/upload-artifact@v4	2026-09-04T18:03:35.3355300Z   Python3_ROOT_DIR: /Users/runner/hostedtoolcache/Python/3.13.14/arm64
test (macos-latest, 3.13)	Run actions/upload-artifact@v4	2026-09-04T18:03:35.3356180Z   UV_CACHE_DIR: /Users/runner/work/_temp/setup-uv-cache
test (macos-latest, 3.13)	Run actions/upload-artifact@v4	2026-09-04T18:03:35.3356910Z ##[endgroup]
test (macos-latest, 3.13)	Run actions/upload-artifact@v4	2026-09-04T18:03:35.6097580Z (node:1977) [DEP0040] DeprecationWarning: The `punycode` module is deprecated. Please use a userland alternative instead.
test (macos-latest, 3.13)	Run actions/upload-artifact@v4	2026-09-04T18:03:35.6133190Z (Use `node --trace-deprecation ...` to show where the warning was created)
test (macos-latest, 3.13)	Run actions/upload-artifact@v4	2026-09-04T18:03:35.6331080Z Multiple search paths detected. Calculating the least common ancestor of all paths
test (macos-latest, 3.13)	Run actions/upload-artifact@v4	2026-09-04T18:03:35.6343450Z The least common ancestor is /Users/runner/work/unified-quant/unified-quant/.gate. This will be the root directory of the artifact
test (macos-latest, 3.13)	Run actions/upload-artifact@v4	2026-09-04T18:03:35.6353390Z With the provided path, there will be 4 files uploaded
test (macos-latest, 3.13)	Run actions/upload-artifact@v4	2026-09-04T18:03:35.6478680Z Artifact name is valid!
test (macos-latest, 3.13)	Run actions/upload-artifact@v4	2026-09-04T18:03:35.6503220Z Root directory input is valid!
test (macos-latest, 3.13)	Run actions/upload-artifact@v4	2026-09-04T18:03:36.0955030Z Beginning upload of artifact content to blob storage
test (macos-latest, 3.13)	Run actions/upload-artifact@v4	2026-09-04T18:03:36.1245620Z (node:1977) [DEP0169] DeprecationWarning: `url.parse()` behavior is not standardized and prone to errors that have security implications. Use the WHATWG URL API instead. CVEs are not issued for `url.parse()` vulnerabilities.
test (macos-latest, 3.13)	Run actions/upload-artifact@v4	2026-09-04T18:03:36.3757890Z Uploaded bytes 1996
test (macos-latest, 3.13)	Run actions/upload-artifact@v4	2026-09-04T18:03:36.4472050Z Finished uploading artifact content to blob storage!
test (macos-latest, 3.13)	Run actions/upload-artifact@v4	2026-09-04T18:03:36.4575490Z SHA256 digest of uploaded artifact zip is 610e6c5465819f9753fa24195e4b97fdff97367016e673c4296033d81c535d04
test (macos-latest, 3.13)	Run actions/upload-artifact@v4	2026-09-04T18:03:36.4676620Z Finalizing artifact upload
test (macos-latest, 3.13)	Run actions/upload-artifact@v4	2026-09-04T18:03:36.7199250Z Artifact gate-report-macos-latest-3.13.zip successfully finalized. Artifact ID 9948657270
test (macos-latest, 3.13)	Run actions/upload-artifact@v4	2026-09-04T18:03:36.7200010Z Artifact gate-report-macos-latest-3.13 has been successfully uploaded! Final size is 1996 bytes. Artifact ID is 9948657270
test (macos-latest, 3.13)	Run actions/upload-artifact@v4	2026-09-04T18:03:36.7207070Z Artifact download URL: https://github.com/ljheee/unified-quant/actions/runs/33903807546/artifacts/9948657270
test (macos-latest, 3.13)	Post Run astral-sh/setup-uv@v3	﻿2026-09-04T18:03:36.7356670Z Node 20 is being deprecated. This workflow is running with Node 24 by default. If you need to temporarily use Node 20, you can set the ACTIONS_ALLOW_USE_UNSECURE_NODE_VERSION=true environment variable. For more information see: https://github.blog/changelog/2025-09-19-deprecation-of-node-20-on-github-actions-runners/
test (macos-latest, 3.13)	Post Run astral-sh/setup-uv@v3	2026-09-04T18:03:36.7357820Z Post job cleanup.
test (macos-latest, 3.13)	Post Run actions/setup-python@v5	﻿2026-09-04T18:03:36.8795290Z Node 20 is being deprecated. This workflow is running with Node 24 by default. If you need to temporarily use Node 20, you can set the ACTIONS_ALLOW_USE_UNSECURE_NODE_VERSION=true environment variable. For more information see: https://github.blog/changelog/2025-09-19-deprecation-of-node-20-on-github-actions-runners/
test (macos-latest, 3.13)	Post Run actions/setup-python@v5	2026-09-04T18:03:36.8796380Z Post job cleanup.
test (macos-latest, 3.13)	Post Run actions/setup-python@v5	2026-09-04T18:03:37.0118590Z (node:1981) [DEP0040] DeprecationWarning: The `punycode` module is deprecated. Please use a userland alternative instead.
test (macos-latest, 3.13)	Post Run actions/setup-python@v5	2026-09-04T18:03:37.0120840Z (Use `node --trace-deprecation ...` to show where the warning was created)
test (macos-latest, 3.13)	Post Run actions/checkout@v4	﻿2026-09-04T18:03:37.0273560Z Node 20 is being deprecated. This workflow is running with Node 24 by default. If you need to temporarily use Node 20, you can set the ACTIONS_ALLOW_USE_UNSECURE_NODE_VERSION=true environment variable. For more information see: https://github.blog/changelog/2025-09-19-deprecation-of-node-20-on-github-actions-runners/
test (macos-latest, 3.13)	Post Run actions/checkout@v4	2026-09-04T18:03:37.0274740Z Post job cleanup.
test (macos-latest, 3.13)	Post Run actions/checkout@v4	2026-09-04T18:03:37.1330170Z [command]/opt/homebrew/bin/git version
test (macos-latest, 3.13)	Post Run actions/checkout@v4	2026-09-04T18:03:37.1476360Z git version 2.55.0
test (macos-latest, 3.13)	Post Run actions/checkout@v4	2026-09-04T18:03:37.1533940Z Copying '/Users/runner/.gitconfig' to '/Users/runner/work/_temp/9fde7ee6-b202-4bcf-8e10-773657c3c491/.gitconfig'
test (macos-latest, 3.13)	Post Run actions/checkout@v4	2026-09-04T18:03:37.1534790Z Temporarily overriding HOME='/Users/runner/work/_temp/9fde7ee6-b202-4bcf-8e10-773657c3c491' before making global git config changes
test (macos-latest, 3.13)	Post Run actions/checkout@v4	2026-09-04T18:03:37.1535420Z Adding repository directory to the temporary git global config as a safe directory
test (macos-latest, 3.13)	Post Run actions/checkout@v4	2026-09-04T18:03:37.1536060Z [command]/opt/homebrew/bin/git config --global --add safe.directory /Users/runner/work/unified-quant/unified-quant
test (macos-latest, 3.13)	Post Run actions/checkout@v4	2026-09-04T18:03:37.1650830Z [command]/opt/homebrew/bin/git config --local --name-only --get-regexp core\.sshCommand
test (macos-latest, 3.13)	Post Run actions/checkout@v4	2026-09-04T18:03:37.1742610Z [command]/opt/homebrew/bin/git submodule foreach --recursive sh -c "git config --local --name-only --get-regexp 'core\.sshCommand' && git config --local --unset-all 'core.sshCommand' || :"
test (macos-latest, 3.13)	Post Run actions/checkout@v4	2026-09-04T18:03:37.2791920Z [command]/opt/homebrew/bin/git config --local --name-only --get-regexp http\.https\:\/\/github\.com\/\.extraheader
test (macos-latest, 3.13)	Post Run actions/checkout@v4	2026-09-04T18:03:37.2863970Z http.https://github.com/.extraheader
test (macos-latest, 3.13)	Post Run actions/checkout@v4	2026-09-04T18:03:37.2875810Z [command]/opt/homebrew/bin/git config --local --unset-all http.https://github.com/.extraheader
test (macos-latest, 3.13)	Post Run actions/checkout@v4	2026-09-04T18:03:37.2964560Z [command]/opt/homebrew/bin/git submodule foreach --recursive sh -c "git config --local --name-only --get-regexp 'http\.https\:\/\/github\.com\/\.extraheader' && git config --local --unset-all 'http.https://github.com/.extraheader' || :"
test (macos-latest, 3.13)	Post Run actions/checkout@v4	2026-09-04T18:03:37.4080780Z [command]/opt/homebrew/bin/git config --local --name-only --get-regexp ^includeIf\.gitdir:
test (macos-latest, 3.13)	Post Run actions/checkout@v4	2026-09-04T18:03:37.4104240Z [command]/opt/homebrew/bin/git submodule foreach --recursive git config --local --show-origin --name-only --get-regexp remote.origin.url
test (macos-latest, 3.13)	Complete job	﻿2026-09-04T18:03:37.5382370Z Cleaning up orphan processes
test (macos-latest, 3.13)	Complete job	2026-09-04T18:03:37.7509480Z ##[warning]Node.js 20 is deprecated. The following actions target Node.js 20 but are being forced to run on Node.js 24: actions/checkout@v4, actions/setup-python@v5, actions/upload-artifact@v4, astral-sh/setup-uv@v3. For more information see: https://github.blog/changelog/2025-09-19-deprecation-of-node-20-on-github-actions-runners/
f4-certification	Set up job	﻿2026-09-04T18:03:51.2397847Z Current runner version: '2.337.0'
f4-certification	Set up job	2026-09-04T18:03:51.2421307Z ##[group]Runner Image Provisioner
f4-certification	Set up job	2026-09-04T18:03:51.2422178Z Hosted Compute Agent
f4-certification	Set up job	2026-09-04T18:03:51.2422878Z Version: 20260828.587
f4-certification	Set up job	2026-09-04T18:03:51.2423498Z Commit: abac92662cab4cc7352de4f9f9d2e2419aad9c29
f4-certification	Set up job	2026-09-04T18:03:51.2424191Z Build Date: 2026-08-28T16:44:25Z
f4-certification	Set up job	2026-09-04T18:03:51.2425085Z Worker ID: {b1897345-157d-493e-8c89-807be20beeda}
f4-certification	Set up job	2026-09-04T18:03:51.2425779Z Azure Region: westcentralus
f4-certification	Set up job	2026-09-04T18:03:51.2426390Z ##[endgroup]
f4-certification	Set up job	2026-09-04T18:03:51.2427748Z ##[group]Operating System
f4-certification	Set up job	2026-09-04T18:03:51.2428372Z Ubuntu
f4-certification	Set up job	2026-09-04T18:03:51.2428904Z 24.04.4
f4-certification	Set up job	2026-09-04T18:03:51.2429400Z LTS
f4-certification	Set up job	2026-09-04T18:03:51.2429926Z ##[endgroup]
f4-certification	Set up job	2026-09-04T18:03:51.2430464Z ##[group]Runner Image
f4-certification	Set up job	2026-09-04T18:03:51.2431032Z Image: ubuntu-24.04
f4-certification	Set up job	2026-09-04T18:03:51.2431591Z Version: 20260831.293.1
f4-certification	Set up job	2026-09-04T18:03:51.2432601Z Included Software: https://github.com/actions/runner-images/blob/ubuntu24/20260831.293/images/ubuntu/Ubuntu2404-Readme.md
f4-certification	Set up job	2026-09-04T18:03:51.2434261Z Image Release: https://github.com/actions/runner-images/releases/tag/ubuntu24%2F20260831.293
f4-certification	Set up job	2026-09-04T18:03:51.2435594Z ##[endgroup]
f4-certification	Set up job	2026-09-04T18:03:51.2436786Z ##[group]GITHUB_TOKEN Permissions
f4-certification	Set up job	2026-09-04T18:03:51.2438908Z Contents: read
f4-certification	Set up job	2026-09-04T18:03:51.2439489Z Metadata: read
f4-certification	Set up job	2026-09-04T18:03:51.2440031Z Packages: read
f4-certification	Set up job	2026-09-04T18:03:51.2440611Z ##[endgroup]
f4-certification	Set up job	2026-09-04T18:03:51.2442511Z Secret source: Actions
f4-certification	Set up job	2026-09-04T18:03:51.2443518Z Prepare workflow directory
f4-certification	Set up job	2026-09-04T18:03:51.2751856Z Prepare all required actions
f4-certification	Set up job	2026-09-04T18:03:51.2802356Z Getting action download info
f4-certification	Set up job	2026-09-04T18:03:51.5529668Z Download action repository 'actions/download-artifact@v4' (SHA:d3f86a106a0bac45b974a628896c90dbdf5c8093)
f4-certification	Set up job	2026-09-04T18:03:52.4035942Z Complete job name: f4-certification
f4-certification	Run actions/download-artifact@v4	﻿2026-09-04T18:03:52.4653139Z Node 20 is being deprecated. This workflow is running with Node 24 by default. If you need to temporarily use Node 20, you can set the ACTIONS_ALLOW_USE_UNSECURE_NODE_VERSION=true environment variable. For more information see: https://github.blog/changelog/2025-09-19-deprecation-of-node-20-on-github-actions-runners/
f4-certification	Run actions/download-artifact@v4	2026-09-04T18:03:52.4662351Z ##[group]Run actions/download-artifact@v4
f4-certification	Run actions/download-artifact@v4	2026-09-04T18:03:52.4663303Z with:
f4-certification	Run actions/download-artifact@v4	2026-09-04T18:03:52.4663916Z   path: gate-reports
f4-certification	Run actions/download-artifact@v4	2026-09-04T18:03:52.4664735Z   pattern: gate-report-*
f4-certification	Run actions/download-artifact@v4	2026-09-04T18:03:52.4665473Z   merge-multiple: false
f4-certification	Run actions/download-artifact@v4	2026-09-04T18:03:52.4666121Z   repository: ljheee/unified-quant
f4-certification	Run actions/download-artifact@v4	2026-09-04T18:03:52.4666793Z   run-id: 33903807546
f4-certification	Run actions/download-artifact@v4	2026-09-04T18:03:52.4667528Z ##[endgroup]
f4-certification	Run actions/download-artifact@v4	2026-09-04T18:03:52.6275158Z (node:2182) [DEP0040] DeprecationWarning: The `punycode` module is deprecated. Please use a userland alternative instead.
f4-certification	Run actions/download-artifact@v4	2026-09-04T18:03:52.6276832Z (Use `node --trace-deprecation ...` to show where the warning was created)
f4-certification	Run actions/download-artifact@v4	2026-09-04T18:03:52.8360709Z Found 6 artifact(s)
f4-certification	Run actions/download-artifact@v4	2026-09-04T18:03:52.8363658Z Filtering artifacts by pattern 'gate-report-*'
f4-certification	Run actions/download-artifact@v4	2026-09-04T18:03:52.8380476Z Preparing to download the following artifacts:
f4-certification	Run actions/download-artifact@v4	2026-09-04T18:03:52.8384504Z - gate-report-ubuntu-latest-3.12 (ID: 9948661722, Size: 2013, Expected Digest: sha256:1ef3a865b9e592d02210818547fa8341ee2ea4016cd133a35caefd7baed872fa)
f4-certification	Run actions/download-artifact@v4	2026-09-04T18:03:52.8389843Z - gate-report-ubuntu-latest-3.13 (ID: 9948660133, Size: 2013, Expected Digest: sha256:b2f093f04f372ff200c022a183be884d810c42d01b5e3c0edf598c0cc050317c)
f4-certification	Run actions/download-artifact@v4	2026-09-04T18:03:52.8395079Z - gate-report-macos-latest-3.11 (ID: 9948659144, Size: 1996, Expected Digest: sha256:5cf94af238c8b0b0154fa14fa17703884f103e91275d93fcfbe48fec298873c2)
f4-certification	Run actions/download-artifact@v4	2026-09-04T18:03:52.8400865Z - gate-report-macos-latest-3.13 (ID: 9948657270, Size: 1996, Expected Digest: sha256:610e6c5465819f9753fa24195e4b97fdff97367016e673c4296033d81c535d04)
f4-certification	Run actions/download-artifact@v4	2026-09-04T18:03:52.8406939Z - gate-report-macos-latest-3.12 (ID: 9948656999, Size: 1995, Expected Digest: sha256:45fd8f5a8fd5e04aa7b3552adb2c72946efaf55a41b8a572b38d52867b63e79d)
f4-certification	Run actions/download-artifact@v4	2026-09-04T18:03:52.8413477Z - gate-report-ubuntu-latest-3.11 (ID: 9948653582, Size: 2013, Expected Digest: sha256:dd89c432a5d3cf3b1966e008f81cf317295e9d1b76efdf035bf8a39bd0fe2edc)
f4-certification	Run actions/download-artifact@v4	2026-09-04T18:03:53.0517023Z Redirecting to blob download url: https://productionresultssa5.blob.core.windows.net/actions-results/2af3a4f0-4bad-427f-b61c-7b0ca507b10d/workflow-job-run-5e7ff843-fadd-5e3c-998a-5e6c1ff095ea/artifacts/cac14ed47bb6dbcb5c0f65b50fe3b19839e36aca547be0a37d605fd43b330033.zip
f4-certification	Run actions/download-artifact@v4	2026-09-04T18:03:53.0525338Z Starting download of artifact to: /home/runner/work/unified-quant/unified-quant/gate-reports/gate-report-ubuntu-latest-3.12
f4-certification	Run actions/download-artifact@v4	2026-09-04T18:03:53.1527520Z Redirecting to blob download url: https://productionresultssa5.blob.core.windows.net/actions-results/2af3a4f0-4bad-427f-b61c-7b0ca507b10d/workflow-job-run-a42458f3-178e-59bc-9fe8-fab10ad94044/artifacts/6ccde81da567f9e11bdeea51b5c6a648d5cb87abdba39e532828d730106c611b.zip
f4-certification	Run actions/download-artifact@v4	2026-09-04T18:03:53.1536535Z Starting download of artifact to: /home/runner/work/unified-quant/unified-quant/gate-reports/gate-report-ubuntu-latest-3.11
f4-certification	Run actions/download-artifact@v4	2026-09-04T18:03:53.1554149Z Redirecting to blob download url: https://productionresultssa5.blob.core.windows.net/actions-results/2af3a4f0-4bad-427f-b61c-7b0ca507b10d/workflow-job-run-380625fb-078a-50f3-8155-17bed11c595d/artifacts/85f3f7be5695933cc5234298b3d915af2d1277c3e683edccf9d49962dcf19977.zip
f4-certification	Run actions/download-artifact@v4	2026-09-04T18:03:53.1561611Z Starting download of artifact to: /home/runner/work/unified-quant/unified-quant/gate-reports/gate-report-macos-latest-3.11
f4-certification	Run actions/download-artifact@v4	2026-09-04T18:03:53.1602651Z Redirecting to blob download url: https://productionresultssa5.blob.core.windows.net/actions-results/2af3a4f0-4bad-427f-b61c-7b0ca507b10d/workflow-job-run-acf1ca0e-e555-5f76-83d0-fbacd12a5cc2/artifacts/7356afee6ffbf2884c38f600836658efcad3fc938a8e2005f6ca7eaee6ca9cb9.zip
f4-certification	Run actions/download-artifact@v4	2026-09-04T18:03:53.1609600Z Starting download of artifact to: /home/runner/work/unified-quant/unified-quant/gate-reports/gate-report-macos-latest-3.13
f4-certification	Run actions/download-artifact@v4	2026-09-04T18:03:53.1668045Z Redirecting to blob download url: https://productionresultssa5.blob.core.windows.net/actions-results/2af3a4f0-4bad-427f-b61c-7b0ca507b10d/workflow-job-run-2008b0bf-1928-5a64-bb17-fb6469232368/artifacts/8d8d6f209ea13e10b24364e3b17f168f9219eb9f131cf1e421d5680df18f7262.zip
f4-certification	Run actions/download-artifact@v4	2026-09-04T18:03:53.1674743Z Starting download of artifact to: /home/runner/work/unified-quant/unified-quant/gate-reports/gate-report-macos-latest-3.12
f4-certification	Run actions/download-artifact@v4	2026-09-04T18:03:53.1857445Z Redirecting to blob download url: https://productionresultssa5.blob.core.windows.net/actions-results/2af3a4f0-4bad-427f-b61c-7b0ca507b10d/workflow-job-run-dce4d702-0b21-5619-a2ed-7da4dadb8367/artifacts/b92de353232ff8b502f2be6a94d8e74f8c4e0a185fd77d3761a33df47a56a356.zip
f4-certification	Run actions/download-artifact@v4	2026-09-04T18:03:53.1864215Z Starting download of artifact to: /home/runner/work/unified-quant/unified-quant/gate-reports/gate-report-ubuntu-latest-3.13
f4-certification	Run actions/download-artifact@v4	2026-09-04T18:03:53.2672867Z (node:2182) [DEP0005] DeprecationWarning: Buffer() is deprecated due to security and usability issues. Please use the Buffer.alloc(), Buffer.allocUnsafe(), or Buffer.from() methods instead.
f4-certification	Run actions/download-artifact@v4	2026-09-04T18:03:53.2720942Z SHA256 digest of downloaded artifact is 1ef3a865b9e592d02210818547fa8341ee2ea4016cd133a35caefd7baed872fa
f4-certification	Run actions/download-artifact@v4	2026-09-04T18:03:53.3564193Z Artifact download completed successfully.
f4-certification	Run actions/download-artifact@v4	2026-09-04T18:03:53.3567714Z SHA256 digest of downloaded artifact is 5cf94af238c8b0b0154fa14fa17703884f103e91275d93fcfbe48fec298873c2
f4-certification	Run actions/download-artifact@v4	2026-09-04T18:03:53.3570728Z Artifact download completed successfully.
f4-certification	Run actions/download-artifact@v4	2026-09-04T18:03:53.3641913Z SHA256 digest of downloaded artifact is dd89c432a5d3cf3b1966e008f81cf317295e9d1b76efdf035bf8a39bd0fe2edc
f4-certification	Run actions/download-artifact@v4	2026-09-04T18:03:53.3645412Z Artifact download completed successfully.
f4-certification	Run actions/download-artifact@v4	2026-09-04T18:03:53.3652237Z SHA256 digest of downloaded artifact is 610e6c5465819f9753fa24195e4b97fdff97367016e673c4296033d81c535d04
f4-certification	Run actions/download-artifact@v4	2026-09-04T18:03:53.3655228Z Artifact download completed successfully.
f4-certification	Run actions/download-artifact@v4	2026-09-04T18:03:53.3663361Z SHA256 digest of downloaded artifact is 45fd8f5a8fd5e04aa7b3552adb2c72946efaf55a41b8a572b38d52867b63e79d
f4-certification	Run actions/download-artifact@v4	2026-09-04T18:03:53.3666365Z Artifact download completed successfully.
f4-certification	Run actions/download-artifact@v4	2026-09-04T18:03:53.3840244Z SHA256 digest of downloaded artifact is b2f093f04f372ff200c022a183be884d810c42d01b5e3c0edf598c0cc050317c
f4-certification	Run actions/download-artifact@v4	2026-09-04T18:03:53.3844878Z Artifact download completed successfully.
f4-certification	Run actions/download-artifact@v4	2026-09-04T18:03:53.3847321Z Total of 6 artifact(s) downloaded
f4-certification	Run actions/download-artifact@v4	2026-09-04T18:03:53.3849496Z Download artifact has finished successfully
f4-certification	Verify covered locked-environment cells	﻿2026-09-04T18:03:53.4091683Z ##[group]Run python3 - <<'PY'
f4-certification	Verify covered locked-environment cells	2026-09-04T18:03:53.4093395Z ^[[36;1mpython3 - <<'PY'^[[0m
f4-certification	Verify covered locked-environment cells	2026-09-04T18:03:53.4094973Z ^[[36;1mimport json, pathlib^[[0m
f4-certification	Verify covered locked-environment cells	2026-09-04T18:03:53.4096465Z ^[[36;1m^[[0m
f4-certification	Verify covered locked-environment cells	2026-09-04T18:03:53.4097660Z ^[[36;1mexpected = {^[[0m
f4-certification	Verify covered locked-environment cells	2026-09-04T18:03:53.4099109Z ^[[36;1m    f"{os}/{python}"^[[0m
f4-certification	Verify covered locked-environment cells	2026-09-04T18:03:53.4100718Z ^[[36;1m    for os in ("macos-latest", "ubuntu-latest")^[[0m
f4-certification	Verify covered locked-environment cells	2026-09-04T18:03:53.4102600Z ^[[36;1m    for python in ("3.11", "3.12", "3.13")^[[0m
f4-certification	Verify covered locked-environment cells	2026-09-04T18:03:53.4104175Z ^[[36;1m}^[[0m
f4-certification	Verify covered locked-environment cells	2026-09-04T18:03:53.4105512Z ^[[36;1mobserved = set()^[[0m
f4-certification	Verify covered locked-environment cells	2026-09-04T18:03:53.4107491Z ^[[36;1mfor directory in sorted(pathlib.Path("gate-reports").glob("gate-report-*")):^[[0m
f4-certification	Verify covered locked-environment cells	2026-09-04T18:03:53.4110072Z ^[[36;1m    report_path = next(directory.rglob("gate-report.json"), None)^[[0m
f4-certification	Verify covered locked-environment cells	2026-09-04T18:03:53.4112454Z ^[[36;1m    marker_path = next(directory.rglob("environment-cell.txt"), None)^[[0m
f4-certification	Verify covered locked-environment cells	2026-09-04T18:03:53.4114782Z ^[[36;1m    if report_path is None or marker_path is None:^[[0m
f4-certification	Verify covered locked-environment cells	2026-09-04T18:03:53.4117033Z ^[[36;1m        raise SystemExit(f"incomplete F4 artifact: {directory}")^[[0m
f4-certification	Verify covered locked-environment cells	2026-09-04T18:03:53.4119147Z ^[[36;1m    report = json.loads(report_path.read_text())^[[0m
f4-certification	Verify covered locked-environment cells	2026-09-04T18:03:53.4121018Z ^[[36;1m    cell = marker_path.read_text().strip()^[[0m
f4-certification	Verify covered locked-environment cells	2026-09-04T18:03:53.4122823Z ^[[36;1m    declared_python = cell.rsplit("/", 1)[1]^[[0m
f4-certification	Verify covered locked-environment cells	2026-09-04T18:03:53.4125345Z ^[[36;1m    if report.get("git_commit") != "e631740c51abd6f10390fd9bfefd1c6540e5f2c5":^[[0m
f4-certification	Verify covered locked-environment cells	2026-09-04T18:03:53.4127786Z ^[[36;1m        raise SystemExit(f"F4 report commit mismatch: {cell}")^[[0m
f4-certification	Verify covered locked-environment cells	2026-09-04T18:03:53.4129959Z ^[[36;1m    if report.get("test_result") != "passed":^[[0m
f4-certification	Verify covered locked-environment cells	2026-09-04T18:03:53.4131889Z ^[[36;1m        raise SystemExit(f"F4 report not passed: {cell}")^[[0m
f4-certification	Verify covered locked-environment cells	2026-09-04T18:03:53.4134251Z ^[[36;1m    if not report.get("python_version", "").startswith(declared_python + "."):^[[0m
f4-certification	Verify covered locked-environment cells	2026-09-04T18:03:53.4136468Z ^[[36;1m        raise SystemExit(^[[0m
f4-certification	Verify covered locked-environment cells	2026-09-04T18:03:53.4138571Z ^[[36;1m            f"Python version mismatch: cell={cell}, report={report.get('python_version')}"^[[0m
f4-certification	Verify covered locked-environment cells	2026-09-04T18:03:53.4140645Z ^[[36;1m        )^[[0m
f4-certification	Verify covered locked-environment cells	2026-09-04T18:03:53.4141938Z ^[[36;1m    observed.add(cell)^[[0m
f4-certification	Verify covered locked-environment cells	2026-09-04T18:03:53.4143465Z ^[[36;1mmissing = sorted(expected - observed)^[[0m
f4-certification	Verify covered locked-environment cells	2026-09-04T18:03:53.4145125Z ^[[36;1mif missing:^[[0m
f4-certification	Verify covered locked-environment cells	2026-09-04T18:03:53.4146812Z ^[[36;1m    raise SystemExit(f"missing F4 environment cells: {missing}")^[[0m
f4-certification	Verify covered locked-environment cells	2026-09-04T18:03:53.4148873Z ^[[36;1mprint("certified locked-environment cells:")^[[0m
f4-certification	Verify covered locked-environment cells	2026-09-04T18:03:53.4150568Z ^[[36;1mprint("\n".join(sorted(observed)))^[[0m
f4-certification	Verify covered locked-environment cells	2026-09-04T18:03:53.4152271Z ^[[36;1mprint("uncovered cells remain not certified")^[[0m
f4-certification	Verify covered locked-environment cells	2026-09-04T18:03:53.4153865Z ^[[36;1mPY^[[0m
f4-certification	Verify covered locked-environment cells	2026-09-04T18:03:53.4185309Z shell: /usr/bin/bash -e {0}
f4-certification	Verify covered locked-environment cells	2026-09-04T18:03:53.4186842Z ##[endgroup]
f4-certification	Verify covered locked-environment cells	2026-09-04T18:03:53.4502151Z certified locked-environment cells:
f4-certification	Verify covered locked-environment cells	2026-09-04T18:03:53.4504490Z macos-latest/3.11
f4-certification	Verify covered locked-environment cells	2026-09-04T18:03:53.4505879Z macos-latest/3.12
f4-certification	Verify covered locked-environment cells	2026-09-04T18:03:53.4507188Z macos-latest/3.13
f4-certification	Verify covered locked-environment cells	2026-09-04T18:03:53.4508441Z ubuntu-latest/3.11
f4-certification	Verify covered locked-environment cells	2026-09-04T18:03:53.4509742Z ubuntu-latest/3.12
f4-certification	Verify covered locked-environment cells	2026-09-04T18:03:53.4511014Z ubuntu-latest/3.13
f4-certification	Verify covered locked-environment cells	2026-09-04T18:03:53.4540896Z uncovered cells remain not certified
f4-certification	Complete job	﻿2026-09-04T18:03:53.4652744Z Cleaning up orphan processes
f4-certification	Complete job	2026-09-04T18:03:53.5083365Z ##[warning]Node.js 20 is deprecated. The following actions target Node.js 20 but are being forced to run on Node.js 24: actions/download-artifact@v4. For more information see: https://github.blog/changelog/2025-09-19-deprecation-of-node-20-on-github-actions-runners/
